{
"type": "FeatureCollection",
"name": "roads",
"crs": { "type": "name", "properties": { "name": "urn:ogc:def:crs:OGC:1.3:CRS84" } },
"features": [
{ "type": "Feature", "properties": { "cls": "primary" }, "geometry": { "type": "LineString", "coordinates": [ [ 80.1171, 28.9793 ], [ 80.1153, 28.968 ], [ 80.1188, 28.9582 ], [ 80.1165, 28.9547 ], [ 80.1144, 28.9454 ] ] } },
{ "type": "Feature", "properties": { "cls": "primary" }, "geometry": { "type": "LineString", "coordinates": [ [ 80.116, 28.9535 ], [ 80.1186, 28.9584 ], [ 80.1151, 28.9679 ], [ 80.117, 28.9793 ] ] } },
{ "type": "Feature", "properties": { "cls": "primary" }, "geometry": { "type": "LineString", "coordinates": [ [ 80.2119, 29.4319 ], [ 80.2086, 29.438 ], [ 80.2109, 29.4401 ], [ 80.216, 29.4413 ], [ 80.2188, 29.4387 ], [ 80.22, 29.4439 ], [ 80.2218, 29.4447 ], [ 80.2244, 29.443 ], [ 80.2256, 29.4446 ], [ 80.2281, 29.444 ], [ 80.2286, 29.4404 ], [ 80.2326, 29.4433 ], [ 80.2348, 29.4428 ], [ 80.2357, 29.4393 ], [ 80.2366, 29.4416 ], [ 80.2386, 29.4419 ], [ 80.2405, 29.4399 ], [ 80.2401, 29.4388 ], [ 80.2454, 29.4369 ], [ 80.2446, 29.4296 ] ] } },
{ "type": "Feature", "properties": { "cls": "primary" }, "geometry": { "type": "LineString", "coordinates": [ [ 80.3084, 28.7238 ], [ 80.3086, 28.7258 ], [ 80.3104, 28.7284 ], [ 80.3117, 28.7282 ], [ 80.3167, 28.7365 ], [ 80.3148, 28.7449 ], [ 80.3077, 28.7596 ], [ 80.305, 28.7633 ], [ 80.3022, 28.7648 ], [ 80.3029, 28.7685 ], [ 80.2922, 28.7693 ], [ 80.2725, 28.7751 ], [ 80.2756, 28.7779 ], [ 80.273, 28.7851 ], [ 80.26, 28.7939 ], [ 80.2634, 28.7972 ], [ 80.2885, 28.8547 ], [ 80.2962, 28.8634 ], [ 80.2929, 28.8795 ], [ 80.2871, 28.8843 ], [ 80.2868, 28.893 ], [ 80.2765, 28.91 ], [ 80.2763, 28.9188 ], [ 80.275, 28.9216 ], [ 80.2771, 28.9254 ], [ 80.2744, 28.9292 ], [ 80.275, 28.9347 ], [ 80.2698, 28.9381 ], [ 80.2572, 28.9511 ] ] } },
{ "type": "Feature", "properties": { "cls": "primary" }, "geometry": { "type": "LineString", "coordinates": [ [ 80.2621, 28.7888 ], [ 80.2635, 28.7859 ], [ 80.2722, 28.7768 ], [ 80.2786, 28.7577 ], [ 80.2826, 28.7564 ], [ 80.2869, 28.7501 ], [ 80.2891, 28.7494 ], [ 80.2894, 28.747 ], [ 80.2931, 28.7446 ], [ 80.2927, 28.7437 ], [ 80.295, 28.7436 ], [ 80.2993, 28.7411 ], [ 80.3035, 28.7346 ], [ 80.3046, 28.7295 ], [ 80.307, 28.7256 ], [ 80.3064, 28.724 ], [ 80.3084, 28.7238 ] ] } },
{ "type": "Feature", "properties": { "cls": "primary" }, "geometry": { "type": "LineString", "coordinates": [ [ 80.51, 29.5236 ], [ 80.5093, 29.5215 ], [ 80.5049, 29.5192 ], [ 80.5033, 29.5165 ], [ 80.4977, 29.5166 ], [ 80.4956, 29.5151 ], [ 80.4915, 29.5172 ], [ 80.4889, 29.5213 ], [ 80.4841, 29.5228 ], [ 80.4773, 29.5222 ], [ 80.4753, 29.5203 ], [ 80.4728, 29.5204 ], [ 80.4713, 29.5228 ], [ 80.4716, 29.5204 ], [ 80.4698, 29.5208 ], [ 80.4648, 29.5263 ], [ 80.4648, 29.5307 ], [ 80.4641, 29.53 ], [ 80.463, 29.5322 ], [ 80.4594, 29.5338 ], [ 80.4598, 29.5386 ], [ 80.4554, 29.5399 ], [ 80.4495, 29.5391 ], [ 80.4507, 29.5409 ], [ 80.4493, 29.5412 ], [ 80.4485, 29.5412 ], [ 80.4491, 29.5407 ], [ 80.4482, 29.5394 ], [ 80.4485, 29.5405 ], [ 80.4448, 29.5407 ], [ 80.4455, 29.542 ], [ 80.4454, 29.5428 ], [ 80.4442, 29.5408 ], [ 80.4412, 29.5418 ], [ 80.4438, 29.5417 ], [ 80.4428, 29.545 ], [ 80.4413, 29.5466 ], [ 80.44, 29.5469 ], [ 80.4423, 29.5449 ], [ 80.4423, 29.5436 ], [ 80.4409, 29.5458 ], [ 80.4361, 29.5466 ], [ 80.4383, 29.5484 ], [ 80.436, 29.5482 ], [ 80.4331, 29.5504 ], [ 80.4338, 29.5517 ], [ 80.4292, 29.5554 ], [ 80.4288, 29.5576 ], [ 80.417, 29.5613 ], [ 80.4155, 29.5597 ], [ 80.417, 29.5591 ], [ 80.4171, 29.5581 ], [ 80.4143, 29.5602 ], [ 80.4088, 29.5607 ], [ 80.4065, 29.5657 ], [ 80.3975, 29.5623 ], [ 80.3966, 29.5597 ], [ 80.3949, 29.5588 ], [ 80.3947, 29.5539 ], [ 80.3937, 29.5536 ], [ 80.3952, 29.5515 ], [ 80.3942, 29.5499 ], [ 80.3952, 29.5482 ], [ 80.3923, 29.5491 ], [ 80.3915, 29.5483 ], [ 80.3892, 29.552 ], [ 80.3855, 29.551 ], [ 80.3855, 29.5522 ], [ 80.3808, 29.5522 ], [ 80.3788, 29.5509 ], [ 80.3786, 29.5524 ], [ 80.3762, 29.5508 ], [ 80.375, 29.546 ], [ 80.3736, 29.5471 ], [ 80.3741, 29.5489 ], [ 80.3678, 29.5428 ], [ 80.3665, 29.544 ], [ 80.3635, 29.5437 ], [ 80.3622, 29.5488 ], [ 80.3672, 29.5474 ], [ 80.3707, 29.5537 ], [ 80.3705, 29.5576 ], [ 80.3678, 29.5584 ], [ 80.3668, 29.5601 ], [ 80.3739, 29.5585 ], [ 80.3689, 29.5612 ], [ 80.3732, 29.5598 ], [ 80.3799, 29.5609 ], [ 80.3798, 29.571 ], [ 80.3865, 29.5725 ], [ 80.3831, 29.575 ], [ 80.3773, 29.5737 ], [ 80.3777, 29.5703 ], [ 80.3765, 29.5671 ], [ 80.3751, 29.5668 ], [ 80.3763, 29.5675 ], [ 80.3757, 29.5748 ], [ 80.3759, 29.5715 ], [ 80.3725, 29.5694 ], [ 80.3691, 29.5707 ], [ 80.3626, 29.5702 ], [ 80.3594, 29.5739 ], [ 80.358, 29.5718 ], [ 80.3528, 29.5724 ], [ 80.3524, 29.571 ], [ 80.3548, 29.5699 ], [ 80.3524, 29.5667 ], [ 80.3531, 29.5657 ], [ 80.3535, 29.5636 ], [ 80.3535, 29.5623 ], [ 80.3513, 29.5668 ], [ 80.3522, 29.5692 ], [ 80.3501, 29.5706 ], [ 80.3509, 29.574 ], [ 80.3535, 29.5738 ], [ 80.3575, 29.5777 ], [ 80.3649, 29.5757 ], [ 80.3664, 29.5762 ], [ 80.3599, 29.5787 ], [ 80.3552, 29.5783 ], [ 80.349, 29.5759 ], [ 80.3454, 29.569 ], [ 80.3391, 29.5683 ], [ 80.3369, 29.5665 ], [ 80.3348, 29.5682 ], [ 80.327, 29.567 ], [ 80.3257, 29.569 ], [ 80.3222, 29.5667 ], [ 80.3204, 29.5704 ], [ 80.3184, 29.568 ], [ 80.3144, 29.5698 ], [ 80.3112, 29.5682 ], [ 80.3105, 29.5705 ], [ 80.3092, 29.5708 ], [ 80.303, 29.5677 ], [ 80.3017, 29.5687 ], [ 80.2994, 29.5682 ], [ 80.2976, 29.5659 ], [ 80.2949, 29.5712 ], [ 80.2935, 29.571 ] ] } },
{ "type": "Feature", "properties": { "cls": "primary" }, "geometry": { "type": "LineString", "coordinates": [ [ 80.3144, 28.7074 ], [ 80.313, 28.7031 ], [ 80.3171, 28.7001 ], [ 80.3216, 28.6938 ], [ 80.324, 28.6916 ], [ 80.3366, 28.6891 ], [ 80.3388, 28.6869 ], [ 80.3387, 28.6843 ], [ 80.3421, 28.6811 ], [ 80.3531, 28.6827 ], [ 80.3713, 28.6795 ], [ 80.4071, 28.6896 ], [ 80.4605, 28.6584 ], [ 80.4626, 28.6608 ], [ 80.4645, 28.6589 ], [ 80.4756, 28.6671 ], [ 80.4892, 28.6661 ], [ 80.4905, 28.6687 ], [ 80.498, 28.6677 ], [ 80.5049, 28.677 ], [ 80.5106, 28.6776 ], [ 80.5351, 28.6917 ], [ 80.5401, 28.6909 ], [ 80.5403, 28.6922 ], [ 80.5515, 28.692 ] ] } },
{ "type": "Feature", "properties": { "cls": "primary" }, "geometry": { "type": "LineString", "coordinates": [ [ 80.5596, 29.0849 ], [ 80.557, 29.0877 ], [ 80.5518, 29.0899 ], [ 80.5507, 29.0895 ], [ 80.5507, 29.0876 ], [ 80.5459, 29.0895 ], [ 80.5483, 29.0891 ], [ 80.5462, 29.0906 ], [ 80.5439, 29.0883 ], [ 80.5425, 29.0905 ], [ 80.5396, 29.0903 ], [ 80.5391, 29.0916 ], [ 80.5383, 29.0903 ], [ 80.5352, 29.0906 ], [ 80.5358, 29.0922 ], [ 80.5344, 29.0912 ], [ 80.5362, 29.0891 ], [ 80.5373, 29.089 ], [ 80.5382, 29.0859 ], [ 80.5329, 29.0881 ], [ 80.5311, 29.0874 ], [ 80.5285, 29.0964 ], [ 80.523, 29.1028 ], [ 80.523, 29.1048 ], [ 80.5252, 29.1041 ], [ 80.5237, 29.107 ], [ 80.5168, 29.1088 ], [ 80.5078, 29.1146 ], [ 80.5015, 29.1137 ], [ 80.4988, 29.1119 ], [ 80.4989, 29.1149 ], [ 80.4885, 29.1204 ], [ 80.4802, 29.1299 ], [ 80.4773, 29.1299 ], [ 80.4697, 29.1266 ], [ 80.4645, 29.1267 ], [ 80.4625, 29.1234 ], [ 80.4573, 29.1223 ], [ 80.448, 29.126 ], [ 80.4414, 29.1262 ], [ 80.4371, 29.1283 ], [ 80.4207, 29.1276 ], [ 80.4058, 29.1302 ], [ 80.4046, 29.1318 ], [ 80.394, 29.1294 ], [ 80.39, 29.1305 ], [ 80.3839, 29.1283 ], [ 80.3739, 29.1287 ], [ 80.3721, 29.1277 ], [ 80.3716, 29.1293 ], [ 80.3626, 29.1285 ], [ 80.3498, 29.1298 ], [ 80.3418, 29.1264 ], [ 80.3384, 29.1174 ], [ 80.3439, 29.1067 ], [ 80.3437, 29.104 ], [ 80.3401, 29.1049 ], [ 80.3444, 29.1008 ], [ 80.3452, 29.0956 ], [ 80.3423, 29.0869 ], [ 80.3365, 29.0836 ] ] } },
{ "type": "Feature", "properties": { "cls": "primary" }, "geometry": { "type": "LineString", "coordinates": [ [ 80.51, 29.5236 ], [ 80.5127, 29.5271 ], [ 80.5135, 29.5304 ], [ 80.5122, 29.5319 ], [ 80.5138, 29.5343 ], [ 80.5223, 29.5401 ], [ 80.525, 29.54 ], [ 80.5258, 29.5381 ], [ 80.5298, 29.5408 ], [ 80.5279, 29.5418 ], [ 80.5278, 29.5442 ], [ 80.5289, 29.5462 ], [ 80.5314, 29.5468 ], [ 80.5275, 29.5473 ], [ 80.5298, 29.5476 ], [ 80.5321, 29.551 ], [ 80.5304, 29.5545 ], [ 80.5331, 29.5533 ], [ 80.5349, 29.5555 ], [ 80.5325, 29.5572 ], [ 80.5336, 29.5577 ], [ 80.5323, 29.5591 ], [ 80.5333, 29.5603 ], [ 80.5323, 29.5631 ], [ 80.5341, 29.5632 ], [ 80.533, 29.5655 ], [ 80.5376, 29.5666 ], [ 80.5288, 29.5731 ], [ 80.5354, 29.573 ], [ 80.532, 29.5762 ], [ 80.5318, 29.5786 ], [ 80.5293, 29.5809 ], [ 80.5202, 29.5834 ], [ 80.5167, 29.5831 ], [ 80.5168, 29.5843 ], [ 80.5139, 29.584 ], [ 80.5105, 29.5806 ], [ 80.5065, 29.5823 ], [ 80.5056, 29.584 ], [ 80.4994, 29.5791 ], [ 80.4935, 29.5797 ], [ 80.4863, 29.5783 ], [ 80.4864, 29.577 ], [ 80.4773, 29.5776 ], [ 80.4756, 29.5784 ], [ 80.4738, 29.5819 ], [ 80.4699, 29.5797 ], [ 80.4683, 29.5812 ], [ 80.4645, 29.581 ], [ 80.4655, 29.5819 ], [ 80.4638, 29.5839 ], [ 80.4647, 29.5868 ], [ 80.4623, 29.588 ], [ 80.464, 29.5904 ], [ 80.4608, 29.5895 ], [ 80.458, 29.5908 ], [ 80.4542, 29.5902 ], [ 80.4539, 29.5918 ], [ 80.4551, 29.5935 ], [ 80.4582, 29.5941 ], [ 80.4605, 29.5983 ], [ 80.4573, 29.6018 ], [ 80.4579, 29.6057 ], [ 80.4569, 29.6078 ], [ 80.4584, 29.6058 ], [ 80.4583, 29.6021 ], [ 80.4619, 29.6001 ], [ 80.4651, 29.6045 ], [ 80.4677, 29.6053 ], [ 80.4668, 29.606 ], [ 80.4681, 29.6076 ], [ 80.4762, 29.6042 ], [ 80.4811, 29.6054 ], [ 80.4769, 29.6054 ], [ 80.4751, 29.6084 ], [ 80.4778, 29.6061 ], [ 80.484, 29.6076 ], [ 80.4886, 29.6068 ], [ 80.4826, 29.6082 ], [ 80.4836, 29.6084 ], [ 80.491, 29.6071 ], [ 80.4824, 29.6104 ], [ 80.4895, 29.6103 ], [ 80.4931, 29.6082 ], [ 80.4882, 29.6115 ], [ 80.4938, 29.6102 ], [ 80.4935, 29.6117 ], [ 80.488, 29.6133 ], [ 80.4861, 29.6157 ], [ 80.4831, 29.615 ], [ 80.4831, 29.6163 ], [ 80.4795, 29.6167 ], [ 80.4771, 29.6183 ], [ 80.4771, 29.6196 ], [ 80.4797, 29.6202 ], [ 80.4847, 29.6191 ], [ 80.4859, 29.6195 ], [ 80.4813, 29.6206 ], [ 80.4808, 29.6211 ], [ 80.4921, 29.6215 ], [ 80.5014, 29.6253 ], [ 80.4999, 29.6258 ], [ 80.5016, 29.6281 ], [ 80.5012, 29.6334 ], [ 80.5061, 29.6369 ], [ 80.509, 29.6369 ], [ 80.5119, 29.6396 ], [ 80.5112, 29.6412 ], [ 80.5079, 29.6408 ], [ 80.5074, 29.6446 ], [ 80.5169, 29.6513 ], [ 80.529, 29.6563 ], [ 80.5372, 29.662 ], [ 80.5404, 29.6623 ], [ 80.5439, 29.6656 ], [ 80.544, 29.668 ], [ 80.5524, 29.6716 ], [ 80.5546, 29.6739 ], [ 80.5528, 29.6722 ], [ 80.5485, 29.671 ], [ 80.5476, 29.6725 ], [ 80.5463, 29.672 ], [ 80.5486, 29.6735 ], [ 80.5488, 29.6722 ], [ 80.552, 29.6742 ], [ 80.5502, 29.6742 ], [ 80.5514, 29.6756 ], [ 80.5493, 29.6767 ], [ 80.5516, 29.6771 ], [ 80.5475, 29.6777 ], [ 80.5489, 29.6787 ], [ 80.5488, 29.6806 ], [ 80.5524, 29.6805 ], [ 80.5505, 29.6812 ], [ 80.5501, 29.6857 ], [ 80.5512, 29.6863 ], [ 80.5486, 29.6889 ], [ 80.5465, 29.688 ], [ 80.547, 29.6867 ], [ 80.5464, 29.6851 ], [ 80.5462, 29.6852 ], [ 80.5467, 29.6862 ], [ 80.5466, 29.6865 ], [ 80.546, 29.6854 ], [ 80.545, 29.6857 ], [ 80.545, 29.687 ], [ 80.5459, 29.6859 ], [ 80.5453, 29.6885 ], [ 80.548, 29.6907 ], [ 80.5437, 29.6947 ], [ 80.5452, 29.6957 ], [ 80.5437, 29.6954 ], [ 80.5469, 29.697 ], [ 80.5474, 29.6977 ], [ 80.5447, 29.6964 ], [ 80.5439, 29.6962 ], [ 80.5435, 29.6965 ], [ 80.5461, 29.6974 ], [ 80.5465, 29.6995 ], [ 80.5454, 29.699 ], [ 80.5419, 29.7051 ], [ 80.5414, 29.7066 ], [ 80.5428, 29.7087 ], [ 80.5413, 29.7126 ], [ 80.535, 29.7193 ], [ 80.5322, 29.7202 ], [ 80.5307, 29.7195 ], [ 80.5305, 29.7209 ], [ 80.5274, 29.7205 ], [ 80.5261, 29.7225 ], [ 80.5231, 29.7217 ], [ 80.5195, 29.7283 ], [ 80.5191, 29.7254 ], [ 80.5145, 29.7252 ], [ 80.5152, 29.7208 ], [ 80.5111, 29.7209 ], [ 80.5088, 29.7225 ], [ 80.5099, 29.7262 ], [ 80.5079, 29.7282 ], [ 80.5081, 29.7298 ], [ 80.5052, 29.7286 ], [ 80.5037, 29.7296 ], [ 80.5022, 29.7284 ], [ 80.5031, 29.7264 ], [ 80.5021, 29.726 ], [ 80.4936, 29.7278 ], [ 80.493, 29.7289 ], [ 80.4897, 29.728 ], [ 80.4879, 29.7227 ], [ 80.4901, 29.7232 ], [ 80.4901, 29.7217 ], [ 80.4916, 29.7215 ], [ 80.4906, 29.7198 ], [ 80.4947, 29.7182 ], [ 80.4925, 29.715 ], [ 80.488, 29.7142 ], [ 80.4871, 29.713 ], [ 80.4815, 29.7146 ], [ 80.4791, 29.7129 ], [ 80.4765, 29.7149 ], [ 80.4759, 29.7137 ], [ 80.4705, 29.7129 ], [ 80.4689, 29.7142 ], [ 80.4657, 29.7133 ], [ 80.4647, 29.7154 ], [ 80.4616, 29.7146 ], [ 80.4602, 29.7171 ], [ 80.4589, 29.7166 ], [ 80.4581, 29.7182 ], [ 80.4556, 29.7188 ], [ 80.4544, 29.7207 ], [ 80.4554, 29.7251 ], [ 80.4543, 29.725 ], [ 80.4536, 29.727 ], [ 80.4502, 29.7272 ], [ 80.4486, 29.7308 ], [ 80.4416, 29.7331 ], [ 80.4401, 29.7325 ], [ 80.4398, 29.7353 ], [ 80.4381, 29.7346 ], [ 80.4365, 29.7353 ], [ 80.4374, 29.7361 ], [ 80.4356, 29.7355 ], [ 80.4315, 29.7379 ], [ 80.4301, 29.7415 ], [ 80.4287, 29.7419 ], [ 80.4296, 29.743 ], [ 80.4267, 29.7429 ], [ 80.428, 29.7438 ], [ 80.4277, 29.7454 ], [ 80.4244, 29.7436 ], [ 80.4246, 29.7451 ], [ 80.4216, 29.7453 ], [ 80.4204, 29.7488 ], [ 80.4219, 29.7502 ], [ 80.4349, 29.7465 ], [ 80.4362, 29.7471 ], [ 80.4381, 29.7459 ], [ 80.4393, 29.747 ], [ 80.4417, 29.7455 ], [ 80.4436, 29.7455 ], [ 80.4353, 29.7485 ], [ 80.4333, 29.7502 ], [ 80.4355, 29.7488 ], [ 80.4382, 29.7483 ], [ 80.4389, 29.7487 ], [ 80.4355, 29.7492 ], [ 80.4336, 29.7509 ], [ 80.4367, 29.75 ], [ 80.4333, 29.7529 ], [ 80.424, 29.7575 ], [ 80.423, 29.7602 ], [ 80.4243, 29.7613 ], [ 80.4224, 29.7631 ], [ 80.4241, 29.7641 ], [ 80.4219, 29.7637 ], [ 80.4191, 29.7663 ], [ 80.4047, 29.765 ], [ 80.4, 29.7667 ], [ 80.4032, 29.7716 ], [ 80.4034, 29.7754 ], [ 80.4069, 29.7801 ], [ 80.4097, 29.7807 ], [ 80.4089, 29.7822 ], [ 80.4123, 29.7898 ], [ 80.4311, 29.7988 ], [ 80.4349, 29.8039 ], [ 80.4438, 29.798 ], [ 80.4489, 29.7981 ], [ 80.4554, 29.8019 ], [ 80.4627, 29.8016 ], [ 80.476, 29.7974 ], [ 80.4781, 29.795 ], [ 80.4865, 29.795 ], [ 80.4924, 29.7936 ], [ 80.494, 29.7919 ], [ 80.4958, 29.8022 ], [ 80.5005, 29.8081 ], [ 80.5004, 29.8135 ], [ 80.5035, 29.8178 ], [ 80.5132, 29.8245 ], [ 80.5232, 29.8269 ], [ 80.5313, 29.8345 ], [ 80.5405, 29.8407 ], [ 80.543, 29.8452 ], [ 80.549, 29.8499 ] ] } },
{ "type": "Feature", "properties": { "cls": "primary" }, "geometry": { "type": "LineString", "coordinates": [ [ 80.51, 29.5236 ], [ 80.512, 29.5207 ], [ 80.5176, 29.517 ], [ 80.5215, 29.5092 ], [ 80.5257, 29.5071 ], [ 80.5257, 29.5045 ], [ 80.5243, 29.5038 ], [ 80.5249, 29.5017 ], [ 80.5238, 29.5032 ], [ 80.5236, 29.5022 ], [ 80.5268, 29.5009 ], [ 80.5272, 29.4985 ], [ 80.5282, 29.4983 ], [ 80.5274, 29.4953 ], [ 80.5283, 29.4929 ], [ 80.5301, 29.4931 ], [ 80.5312, 29.4948 ], [ 80.5316, 29.4915 ], [ 80.5336, 29.4889 ], [ 80.5325, 29.4897 ], [ 80.533, 29.4883 ], [ 80.5323, 29.4889 ], [ 80.5314, 29.4859 ], [ 80.5331, 29.4865 ], [ 80.5318, 29.4853 ], [ 80.5301, 29.4864 ], [ 80.5316, 29.4849 ], [ 80.5319, 29.4813 ], [ 80.5323, 29.4814 ], [ 80.532, 29.4827 ], [ 80.5324, 29.483 ], [ 80.5357, 29.4783 ], [ 80.5397, 29.4779 ], [ 80.5459, 29.4809 ], [ 80.547, 29.4774 ], [ 80.5484, 29.4761 ], [ 80.5473, 29.478 ], [ 80.5475, 29.4782 ], [ 80.5504, 29.4751 ], [ 80.5433, 29.4758 ], [ 80.542, 29.4745 ], [ 80.5423, 29.4728 ], [ 80.5431, 29.4745 ], [ 80.5481, 29.4731 ], [ 80.5495, 29.4699 ], [ 80.5487, 29.469 ], [ 80.5475, 29.4697 ], [ 80.5503, 29.4676 ], [ 80.5531, 29.4694 ], [ 80.5545, 29.4727 ], [ 80.5552, 29.4704 ], [ 80.5553, 29.4723 ], [ 80.5554, 29.4693 ], [ 80.5566, 29.4714 ], [ 80.5595, 29.464 ], [ 80.5624, 29.4632 ], [ 80.5594, 29.462 ], [ 80.5598, 29.4612 ], [ 80.563, 29.4598 ], [ 80.5652, 29.4605 ] ] } },
{ "type": "Feature", "properties": { "cls": "primary" }, "geometry": { "type": "LineString", "coordinates": [ [ 80.5515, 28.692 ], [ 80.5507, 28.6847 ], [ 80.5547, 28.6793 ], [ 80.5612, 28.6603 ], [ 80.5732, 28.6414 ], [ 80.5729, 28.639 ], [ 80.565, 28.63 ], [ 80.5648, 28.628 ], [ 80.6447, 28.4924 ] ] } },
{ "type": "Feature", "properties": { "cls": "primary" }, "geometry": { "type": "LineString", "coordinates": [ [ 80.5538, 28.8132 ], [ 80.5531, 28.8243 ], [ 80.5585, 28.8348 ], [ 80.5698, 28.8695 ], [ 80.5766, 28.8732 ], [ 80.5837, 28.8807 ], [ 80.5872, 28.8813 ], [ 80.5869, 28.8831 ], [ 80.5889, 28.8846 ], [ 80.5793, 28.8823 ], [ 80.5763, 28.8847 ], [ 80.5794, 28.883 ], [ 80.5844, 28.8866 ], [ 80.5838, 28.8885 ], [ 80.5877, 28.8901 ], [ 80.588, 28.895 ], [ 80.5866, 28.8915 ], [ 80.5833, 28.8915 ], [ 80.5863, 28.8955 ], [ 80.5845, 28.8997 ], [ 80.5845, 28.9034 ], [ 80.586, 28.9006 ], [ 80.5858, 28.9051 ], [ 80.5809, 28.9084 ], [ 80.5795, 28.908 ], [ 80.5805, 28.9088 ], [ 80.5823, 28.9086 ], [ 80.5832, 28.9153 ], [ 80.5825, 28.9157 ], [ 80.5815, 28.9127 ], [ 80.5815, 28.9102 ], [ 80.5783, 28.9096 ], [ 80.5763, 28.9131 ], [ 80.5753, 28.913 ], [ 80.5741, 28.9137 ], [ 80.5755, 28.9145 ], [ 80.5791, 28.9117 ], [ 80.5801, 28.9147 ], [ 80.5786, 28.913 ], [ 80.5771, 28.9153 ], [ 80.5736, 28.917 ], [ 80.5752, 28.9207 ], [ 80.5743, 28.9234 ], [ 80.5724, 28.9246 ], [ 80.5766, 28.9268 ], [ 80.5789, 28.9295 ], [ 80.5801, 28.9292 ], [ 80.581, 28.931 ], [ 80.5873, 28.9335 ], [ 80.589, 28.9313 ], [ 80.5911, 28.9309 ], [ 80.5941, 28.9334 ], [ 80.5959, 28.9423 ], [ 80.6002, 28.9429 ], [ 80.6024, 28.947 ], [ 80.6052, 28.9496 ], [ 80.6065, 28.949 ], [ 80.6082, 28.9534 ], [ 80.6128, 28.9527 ], [ 80.6207, 28.9548 ], [ 80.6174, 28.9595 ], [ 80.6201, 28.9584 ], [ 80.622, 28.96 ], [ 80.621, 28.963 ], [ 80.625, 28.9667 ], [ 80.624, 28.9696 ], [ 80.6281, 28.9723 ], [ 80.629, 28.9746 ], [ 80.6259, 28.9747 ], [ 80.6258, 28.9771 ], [ 80.6237, 28.976 ], [ 80.6226, 28.9777 ], [ 80.6261, 28.9812 ], [ 80.6228, 28.985 ], [ 80.6262, 28.9851 ], [ 80.6269, 28.9867 ], [ 80.6287, 28.9867 ], [ 80.6229, 28.9917 ], [ 80.6265, 28.9953 ], [ 80.6234, 28.9978 ], [ 80.6237, 29.0029 ], [ 80.6255, 29.005 ], [ 80.6332, 29.0037 ], [ 80.6289, 29.006 ], [ 80.6311, 29.0089 ], [ 80.6284, 29.0096 ], [ 80.6322, 29.0102 ], [ 80.6315, 29.0082 ], [ 80.632, 29.0078 ], [ 80.6339, 29.0111 ], [ 80.6264, 29.0125 ], [ 80.6283, 29.0164 ], [ 80.6266, 29.0161 ], [ 80.6259, 29.0144 ], [ 80.6233, 29.015 ], [ 80.6229, 29.017 ], [ 80.6257, 29.0197 ], [ 80.6236, 29.0205 ], [ 80.6252, 29.0242 ], [ 80.6198, 29.0218 ], [ 80.6179, 29.0236 ], [ 80.6159, 29.0226 ], [ 80.6154, 29.0242 ], [ 80.6134, 29.0238 ], [ 80.6139, 29.0258 ], [ 80.6127, 29.0267 ], [ 80.6162, 29.0301 ], [ 80.6146, 29.032 ], [ 80.6162, 29.0336 ], [ 80.6092, 29.0352 ], [ 80.6118, 29.0381 ], [ 80.6115, 29.0399 ], [ 80.6069, 29.0409 ], [ 80.6067, 29.0454 ], [ 80.6047, 29.0461 ], [ 80.6041, 29.0483 ], [ 80.603, 29.0491 ], [ 80.6006, 29.0478 ] ] } },
{ "type": "Feature", "properties": { "cls": "primary" }, "geometry": { "type": "LineString", "coordinates": [ [ 80.5596, 29.0849 ], [ 80.5643, 29.0851 ], [ 80.5651, 29.0886 ], [ 80.5672, 29.088 ], [ 80.571, 29.0905 ], [ 80.5706, 29.094 ], [ 80.5686, 29.0932 ], [ 80.5678, 29.0969 ], [ 80.5664, 29.0971 ], [ 80.568, 29.0971 ], [ 80.5692, 29.0957 ], [ 80.5696, 29.0982 ], [ 80.5672, 29.0995 ], [ 80.5662, 29.1028 ], [ 80.564, 29.1036 ], [ 80.564, 29.1057 ], [ 80.5713, 29.1064 ], [ 80.5706, 29.1098 ], [ 80.5715, 29.1102 ], [ 80.5744, 29.1068 ], [ 80.5814, 29.105 ], [ 80.584, 29.1072 ], [ 80.5827, 29.1101 ], [ 80.586, 29.111 ], [ 80.5856, 29.1159 ], [ 80.5905, 29.1155 ], [ 80.5904, 29.1172 ], [ 80.5925, 29.1182 ], [ 80.5907, 29.1205 ], [ 80.5916, 29.1212 ], [ 80.5904, 29.1234 ], [ 80.5913, 29.1247 ], [ 80.5879, 29.1277 ], [ 80.5855, 29.1273 ], [ 80.5849, 29.1289 ], [ 80.586, 29.13 ], [ 80.5831, 29.1309 ], [ 80.5832, 29.1333 ], [ 80.5854, 29.1346 ], [ 80.5836, 29.1361 ], [ 80.5815, 29.1357 ], [ 80.5832, 29.1394 ], [ 80.5802, 29.1413 ], [ 80.5811, 29.142 ], [ 80.579, 29.1452 ], [ 80.583, 29.1473 ], [ 80.5895, 29.1466 ], [ 80.5907, 29.1461 ], [ 80.5902, 29.1446 ], [ 80.5941, 29.1449 ], [ 80.5914, 29.147 ], [ 80.5924, 29.1519 ], [ 80.595, 29.1555 ], [ 80.6, 29.1555 ], [ 80.5982, 29.1609 ], [ 80.6021, 29.1634 ], [ 80.6028, 29.1653 ], [ 80.6005, 29.1681 ], [ 80.6042, 29.1694 ], [ 80.6038, 29.1704 ], [ 80.6057, 29.1721 ], [ 80.6032, 29.1755 ], [ 80.6054, 29.1753 ], [ 80.6074, 29.1768 ], [ 80.6053, 29.1796 ], [ 80.6058, 29.1812 ], [ 80.6074, 29.1821 ], [ 80.6091, 29.1812 ], [ 80.609, 29.1826 ], [ 80.6112, 29.1835 ], [ 80.6105, 29.1855 ], [ 80.6042, 29.1869 ], [ 80.5993, 29.1858 ], [ 80.5974, 29.1866 ], [ 80.6005, 29.191 ], [ 80.6073, 29.1903 ], [ 80.6122, 29.1936 ], [ 80.6105, 29.1965 ], [ 80.6112, 29.1979 ], [ 80.6096, 29.1996 ], [ 80.6074, 29.1998 ], [ 80.6099, 29.2003 ], [ 80.611, 29.2033 ], [ 80.6097, 29.2048 ], [ 80.6109, 29.2062 ], [ 80.6091, 29.2079 ], [ 80.6118, 29.209 ], [ 80.6124, 29.208 ], [ 80.6139, 29.21 ], [ 80.6158, 29.2086 ], [ 80.6179, 29.2099 ], [ 80.6191, 29.209 ], [ 80.6235, 29.2099 ], [ 80.6219, 29.2121 ], [ 80.6224, 29.2148 ], [ 80.6256, 29.2176 ], [ 80.6277, 29.2173 ], [ 80.6293, 29.2198 ], [ 80.6294, 29.2208 ], [ 80.6261, 29.222 ], [ 80.6264, 29.223 ], [ 80.6245, 29.2227 ], [ 80.6253, 29.2244 ], [ 80.6242, 29.2257 ], [ 80.6169, 29.2262 ], [ 80.6181, 29.2274 ], [ 80.6159, 29.2283 ], [ 80.6179, 29.2292 ], [ 80.6154, 29.2308 ], [ 80.6193, 29.2318 ], [ 80.6205, 29.2307 ], [ 80.6239, 29.232 ], [ 80.6228, 29.2333 ], [ 80.6236, 29.2337 ], [ 80.6284, 29.2336 ], [ 80.6283, 29.2351 ], [ 80.626, 29.2359 ], [ 80.6264, 29.2372 ], [ 80.6242, 29.2385 ], [ 80.6261, 29.2413 ], [ 80.6301, 29.2408 ], [ 80.6314, 29.2433 ], [ 80.6353, 29.2439 ], [ 80.6331, 29.2459 ], [ 80.636, 29.2477 ], [ 80.6364, 29.2516 ], [ 80.6382, 29.2536 ], [ 80.6374, 29.2562 ], [ 80.6353, 29.2568 ], [ 80.6375, 29.2579 ], [ 80.6325, 29.2612 ], [ 80.6356, 29.2632 ], [ 80.6317, 29.2623 ], [ 80.627, 29.2657 ], [ 80.6274, 29.2669 ], [ 80.6247, 29.2674 ], [ 80.6268, 29.2695 ], [ 80.6248, 29.2705 ], [ 80.6255, 29.2727 ], [ 80.6241, 29.2758 ], [ 80.6206, 29.2769 ], [ 80.6175, 29.2798 ], [ 80.6187, 29.284 ], [ 80.6183, 29.2857 ], [ 80.6155, 29.2874 ], [ 80.6167, 29.2898 ], [ 80.6155, 29.2917 ] ] } },
{ "type": "Feature", "properties": { "cls": "primary" }, "geometry": { "type": "LineString", "coordinates": [ [ 80.6006, 29.0485 ], [ 80.5989, 29.0492 ], [ 80.5996, 29.0523 ], [ 80.5948, 29.053 ], [ 80.5932, 29.0567 ], [ 80.5898, 29.0536 ], [ 80.5886, 29.054 ], [ 80.5898, 29.0571 ], [ 80.5874, 29.0588 ], [ 80.5866, 29.0633 ], [ 80.5813, 29.0611 ], [ 80.5815, 29.0625 ], [ 80.5792, 29.0631 ], [ 80.5805, 29.0648 ], [ 80.579, 29.066 ], [ 80.5815, 29.0672 ], [ 80.5805, 29.0693 ], [ 80.5775, 29.0692 ], [ 80.5778, 29.0717 ], [ 80.5697, 29.0705 ], [ 80.5705, 29.0719 ], [ 80.5681, 29.0734 ], [ 80.566, 29.0709 ], [ 80.5646, 29.0722 ], [ 80.5659, 29.0741 ], [ 80.5654, 29.0764 ], [ 80.5619, 29.0788 ], [ 80.563, 29.0811 ], [ 80.5596, 29.0849 ] ] } },
{ "type": "Feature", "properties": { "cls": "primary" }, "geometry": { "type": "LineString", "coordinates": [ [ 80.5726, 29.4563 ], [ 80.5638, 29.4524 ], [ 80.5594, 29.4527 ], [ 80.5577, 29.4522 ], [ 80.5664, 29.45 ], [ 80.5723, 29.4532 ], [ 80.5716, 29.4524 ], [ 80.5774, 29.4527 ], [ 80.5786, 29.456 ], [ 80.5813, 29.4582 ], [ 80.5818, 29.4612 ], [ 80.5759, 29.4628 ], [ 80.5824, 29.4622 ], [ 80.5834, 29.4599 ], [ 80.5867, 29.4586 ], [ 80.588, 29.4592 ], [ 80.5849, 29.4607 ], [ 80.587, 29.46 ], [ 80.589, 29.4616 ], [ 80.5941, 29.4612 ], [ 80.5961, 29.4599 ], [ 80.598, 29.4549 ], [ 80.5991, 29.4568 ], [ 80.6006, 29.4571 ], [ 80.6016, 29.4557 ], [ 80.6044, 29.4583 ], [ 80.6044, 29.4564 ], [ 80.6077, 29.4539 ], [ 80.6068, 29.4473 ], [ 80.6099, 29.4466 ], [ 80.6097, 29.4452 ], [ 80.613, 29.4423 ], [ 80.6202, 29.4421 ], [ 80.6187, 29.443 ], [ 80.6229, 29.4422 ], [ 80.6226, 29.441 ], [ 80.6238, 29.4403 ], [ 80.6267, 29.4434 ], [ 80.6319, 29.4425 ], [ 80.6373, 29.4356 ], [ 80.6371, 29.4303 ], [ 80.6385, 29.4277 ], [ 80.6348, 29.4245 ], [ 80.6349, 29.423 ], [ 80.6322, 29.423 ], [ 80.6302, 29.4212 ], [ 80.6273, 29.4092 ], [ 80.6288, 29.4087 ], [ 80.627, 29.407 ], [ 80.6268, 29.4045 ], [ 80.6241, 29.4021 ], [ 80.6222, 29.3977 ], [ 80.6193, 29.3963 ], [ 80.6188, 29.398 ], [ 80.6178, 29.3972 ], [ 80.6188, 29.3935 ], [ 80.6208, 29.3923 ], [ 80.6186, 29.3908 ], [ 80.6185, 29.3889 ], [ 80.617, 29.3889 ], [ 80.6182, 29.3857 ], [ 80.62, 29.3854 ], [ 80.6187, 29.3806 ], [ 80.6158, 29.3787 ], [ 80.6233, 29.3814 ], [ 80.6244, 29.3794 ], [ 80.6261, 29.3792 ], [ 80.6237, 29.3771 ], [ 80.6253, 29.3744 ], [ 80.6224, 29.3742 ], [ 80.6218, 29.3711 ], [ 80.6219, 29.3694 ], [ 80.6251, 29.3668 ], [ 80.6228, 29.3623 ], [ 80.6241, 29.3591 ], [ 80.6192, 29.3562 ], [ 80.6124, 29.355 ], [ 80.6117, 29.3558 ], [ 80.6116, 29.3543 ], [ 80.6192, 29.3543 ], [ 80.6114, 29.3527 ], [ 80.6052, 29.3488 ], [ 80.6054, 29.3377 ], [ 80.607, 29.3342 ], [ 80.6037, 29.3287 ], [ 80.6049, 29.3212 ], [ 80.6065, 29.3199 ], [ 80.6058, 29.3174 ], [ 80.6046, 29.3149 ], [ 80.6035, 29.3153 ], [ 80.6028, 29.3135 ], [ 80.5982, 29.3116 ], [ 80.597, 29.3093 ], [ 80.5941, 29.3079 ], [ 80.5918, 29.3029 ], [ 80.5882, 29.3001 ], [ 80.589, 29.2979 ], [ 80.5958, 29.2922 ], [ 80.6022, 29.2916 ], [ 80.6077, 29.2936 ], [ 80.6102, 29.2919 ], [ 80.6154, 29.2919 ] ] } },
{ "type": "Feature", "properties": { "cls": "primary" }, "geometry": { "type": "LineString", "coordinates": [ [ 80.5985, 28.7006 ], [ 80.6409, 28.6866 ], [ 80.6507, 28.6821 ], [ 80.6542, 28.6791 ], [ 80.6648, 28.6753 ], [ 80.6685, 28.6752 ], [ 80.6702, 28.6717 ], [ 80.6759, 28.6692 ], [ 80.6781, 28.6508 ], [ 80.6816, 28.6481 ], [ 80.7188, 28.6013 ], [ 80.7146, 28.5982 ], [ 80.7135, 28.5941 ], [ 80.7142, 28.5931 ], [ 80.7404, 28.5876 ], [ 80.7433, 28.5895 ], [ 80.7488, 28.5883 ], [ 80.7522, 28.5859 ], [ 80.7603, 28.5837 ], [ 80.787, 28.5717 ], [ 80.8154, 28.5545 ], [ 80.822, 28.5523 ], [ 80.8324, 28.5519 ], [ 80.8417, 28.5404 ], [ 80.8563, 28.5348 ], [ 80.8612, 28.5299 ], [ 80.8688, 28.5267 ], [ 80.8792, 28.519 ], [ 80.8829, 28.5175 ], [ 80.8904, 28.5175 ], [ 80.8989, 28.5108 ], [ 80.9052, 28.5077 ], [ 80.914, 28.4978 ], [ 80.9204, 28.4935 ], [ 80.922, 28.4888 ], [ 80.9302, 28.4818 ], [ 80.9625, 28.4731 ], [ 80.965, 28.4739 ], [ 80.9671, 28.4731 ], [ 80.9704, 28.4762 ], [ 80.9755, 28.4779 ], [ 80.9895, 28.4782 ], [ 80.9982, 28.4752 ] ] } },
{ "type": "Feature", "properties": { "cls": "primary" }, "geometry": { "type": "LineString", "coordinates": [ [ 80.6014, 29.9582 ], [ 80.6047, 29.9596 ], [ 80.6086, 29.9591 ], [ 80.6224, 29.965 ], [ 80.6297, 29.9662 ], [ 80.6382, 29.9637 ], [ 80.6408, 29.9604 ], [ 80.6488, 29.9566 ], [ 80.6557, 29.9559 ], [ 80.6643, 29.9578 ], [ 80.6733, 29.9575 ], [ 80.6772, 29.9593 ], [ 80.6818, 29.9639 ], [ 80.682, 29.9679 ], [ 80.6862, 29.9705 ], [ 80.6863, 29.9724 ], [ 80.6907, 29.9755 ], [ 80.6889, 29.9782 ], [ 80.6907, 29.9772 ], [ 80.6908, 29.9796 ], [ 80.6979, 29.9816 ], [ 80.7063, 29.9881 ], [ 80.7079, 29.9908 ], [ 80.712, 29.9922 ], [ 80.714, 29.9975 ], [ 80.719, 30.0008 ], [ 80.7181, 30.0065 ], [ 80.7199, 30.0053 ], [ 80.7206, 30.002 ], [ 80.7342, 30.0009 ], [ 80.7393, 30.002 ], [ 80.7467, 30.0073 ], [ 80.7537, 30.0214 ], [ 80.7549, 30.0235 ], [ 80.7567, 30.0237 ], [ 80.7572, 30.0273 ], [ 80.7546, 30.0306 ], [ 80.7549, 30.0401 ], [ 80.758, 30.0426 ], [ 80.7576, 30.0447 ], [ 80.7598, 30.0486 ], [ 80.7623, 30.0507 ], [ 80.7788, 30.0571 ], [ 80.7884, 30.0692 ], [ 80.7889, 30.0731 ], [ 80.7915, 30.0741 ], [ 80.7968, 30.0805 ], [ 80.7993, 30.0814 ], [ 80.8007, 30.0855 ], [ 80.8051, 30.0898 ], [ 80.8135, 30.0931 ], [ 80.8137, 30.0959 ], [ 80.8179, 30.0977 ], [ 80.8157, 30.0977 ], [ 80.8175, 30.0988 ], [ 80.8179, 30.1045 ], [ 80.8222, 30.1019 ], [ 80.8276, 30.1014 ], [ 80.8305, 30.0987 ], [ 80.8304, 30.1005 ], [ 80.8315, 30.0988 ], [ 80.8312, 30.1003 ], [ 80.8322, 30.0995 ], [ 80.8311, 30.1013 ], [ 80.8328, 30.0989 ], [ 80.8329, 30.1002 ], [ 80.8332, 30.0991 ], [ 80.8405, 30.1019 ], [ 80.8387, 30.1016 ], [ 80.8383, 30.1018 ], [ 80.8407, 30.1025 ], [ 80.8386, 30.1023 ], [ 80.8401, 30.1036 ], [ 80.837, 30.1026 ], [ 80.8387, 30.1041 ], [ 80.8352, 30.1024 ], [ 80.8339, 30.1028 ], [ 80.8351, 30.1029 ], [ 80.8341, 30.1032 ], [ 80.8353, 30.1031 ], [ 80.8363, 30.104 ], [ 80.8354, 30.1034 ], [ 80.8344, 30.1037 ], [ 80.8335, 30.1048 ], [ 80.8345, 30.1038 ], [ 80.8353, 30.1038 ], [ 80.8355, 30.1042 ], [ 80.8348, 30.1039 ], [ 80.8341, 30.105 ], [ 80.8351, 30.1041 ], [ 80.8377, 30.1059 ], [ 80.8343, 30.1065 ], [ 80.8349, 30.1086 ], [ 80.8339, 30.1098 ], [ 80.8365, 30.1132 ], [ 80.8365, 30.1151 ], [ 80.8349, 30.1166 ], [ 80.8394, 30.1212 ], [ 80.8458, 30.1217 ], [ 80.8474, 30.1226 ], [ 80.8483, 30.1255 ], [ 80.848, 30.1237 ], [ 80.8505, 30.1246 ], [ 80.8524, 30.1238 ], [ 80.8514, 30.1233 ], [ 80.8523, 30.1227 ], [ 80.8736, 30.127 ], [ 80.8772, 30.13 ], [ 80.8757, 30.1379 ], [ 80.8705, 30.149 ], [ 80.871, 30.1581 ], [ 80.8692, 30.1617 ], [ 80.8656, 30.1629 ], [ 80.8556, 30.1738 ], [ 80.8503, 30.1838 ], [ 80.8525, 30.1837 ], [ 80.8495, 30.1861 ], [ 80.8501, 30.1869 ], [ 80.848, 30.1888 ], [ 80.8492, 30.1883 ], [ 80.8483, 30.19 ], [ 80.844, 30.194 ], [ 80.842, 30.2008 ], [ 80.8393, 30.2038 ], [ 80.8276, 30.2089 ], [ 80.8272, 30.2119 ], [ 80.8209, 30.2244 ], [ 80.8168, 30.2266 ], [ 80.8136, 30.2265 ], [ 80.8101, 30.2303 ], [ 80.8042, 30.2324 ], [ 80.7958, 30.2388 ], [ 80.7873, 30.25 ], [ 80.7843, 30.2586 ], [ 80.774, 30.2708 ], [ 80.7734, 30.273 ], [ 80.7677, 30.2788 ], [ 80.7623, 30.2803 ], [ 80.7601, 30.2864 ], [ 80.7603, 30.2893 ], [ 80.7621, 30.2951 ], [ 80.7629, 30.2948 ], [ 80.7618, 30.2984 ], [ 80.7634, 30.2973 ], [ 80.7629, 30.2992 ], [ 80.7644, 30.298 ], [ 80.7633, 30.2993 ], [ 80.7658, 30.3023 ], [ 80.7646, 30.3021 ], [ 80.7664, 30.3029 ], [ 80.766, 30.3056 ], [ 80.7564, 30.3098 ], [ 80.7544, 30.3086 ], [ 80.7495, 30.3091 ], [ 80.7453, 30.3068 ], [ 80.7377, 30.3084 ], [ 80.731, 30.3154 ], [ 80.733, 30.3163 ], [ 80.7177, 30.3241 ], [ 80.7119, 30.3291 ], [ 80.7085, 30.3287 ], [ 80.7049, 30.33 ], [ 80.706, 30.3288 ], [ 80.7045, 30.3287 ], [ 80.6978, 30.3311 ], [ 80.6951, 30.3295 ], [ 80.6942, 30.3307 ], [ 80.6854, 30.3306 ], [ 80.6817, 30.3328 ], [ 80.679, 30.3328 ], [ 80.6782, 30.3344 ], [ 80.6729, 30.3317 ], [ 80.676, 30.3371 ], [ 80.6735, 30.3357 ], [ 80.6741, 30.337 ], [ 80.6715, 30.3374 ], [ 80.6651, 30.3427 ], [ 80.6571, 30.345 ] ] } },
{ "type": "Feature", "properties": { "cls": "primary" }, "geometry": { "type": "LineString", "coordinates": [ [ 80.6156, 29.2919 ], [ 80.6205, 29.2921 ], [ 80.6221, 29.2934 ], [ 80.6254, 29.2927 ], [ 80.6319, 29.2961 ], [ 80.634, 29.2955 ], [ 80.6332, 29.2929 ], [ 80.6363, 29.2961 ], [ 80.6346, 29.2971 ], [ 80.6395, 29.298 ], [ 80.6354, 29.2927 ], [ 80.6361, 29.2913 ], [ 80.636, 29.2927 ], [ 80.6385, 29.2948 ], [ 80.6451, 29.2964 ], [ 80.6486, 29.2993 ], [ 80.6533, 29.2992 ], [ 80.6538, 29.3009 ], [ 80.6601, 29.3052 ], [ 80.6545, 29.3056 ], [ 80.6545, 29.3069 ], [ 80.66, 29.3077 ], [ 80.6612, 29.3107 ], [ 80.6627, 29.3104 ], [ 80.6647, 29.3062 ], [ 80.6664, 29.3058 ], [ 80.6675, 29.3071 ], [ 80.6679, 29.3055 ], [ 80.6696, 29.3052 ], [ 80.6712, 29.3059 ], [ 80.6719, 29.3083 ], [ 80.6733, 29.3072 ], [ 80.6748, 29.3091 ], [ 80.6771, 29.3084 ], [ 80.6783, 29.3107 ], [ 80.6808, 29.3096 ], [ 80.6827, 29.3111 ], [ 80.6845, 29.3104 ], [ 80.6854, 29.3068 ], [ 80.6882, 29.3078 ], [ 80.6889, 29.3043 ], [ 80.6893, 29.3052 ], [ 80.6935, 29.304 ], [ 80.6982, 29.3105 ], [ 80.7014, 29.3082 ], [ 80.7045, 29.3085 ], [ 80.7071, 29.3052 ], [ 80.7086, 29.3059 ], [ 80.7094, 29.305 ], [ 80.7121, 29.3069 ], [ 80.7181, 29.3055 ], [ 80.7196, 29.3104 ], [ 80.7208, 29.3089 ], [ 80.7249, 29.3088 ], [ 80.7256, 29.3069 ], [ 80.7279, 29.3084 ], [ 80.7303, 29.3059 ], [ 80.733, 29.3072 ], [ 80.7369, 29.3047 ], [ 80.738, 29.3066 ], [ 80.7385, 29.3045 ], [ 80.7435, 29.3033 ], [ 80.7444, 29.3043 ], [ 80.747, 29.3032 ], [ 80.7481, 29.3055 ], [ 80.7506, 29.3058 ], [ 80.7509, 29.3071 ], [ 80.7568, 29.3079 ], [ 80.7595, 29.3059 ], [ 80.7638, 29.3051 ], [ 80.7658, 29.3011 ], [ 80.7675, 29.3022 ], [ 80.7702, 29.3012 ], [ 80.7723, 29.2952 ], [ 80.7827, 29.2917 ], [ 80.7923, 29.2933 ], [ 80.8008, 29.299 ], [ 80.8037, 29.2978 ], [ 80.8045, 29.2993 ], [ 80.8121, 29.2971 ], [ 80.8187, 29.2976 ], [ 80.828, 29.2947 ], [ 80.8358, 29.2884 ], [ 80.8431, 29.2852 ], [ 80.8479, 29.2843 ], [ 80.849, 29.2857 ], [ 80.8546, 29.2857 ], [ 80.8561, 29.2852 ], [ 80.8559, 29.2842 ], [ 80.8592, 29.2836 ], [ 80.8621, 29.2817 ], [ 80.8652, 29.274 ], [ 80.8627, 29.2725 ], [ 80.8695, 29.2687 ], [ 80.875, 29.2681 ], [ 80.8842, 29.2706 ], [ 80.8901, 29.2675 ], [ 80.8922, 29.2626 ], [ 80.8911, 29.2586 ], [ 80.892, 29.2564 ], [ 80.8958, 29.2521 ], [ 80.8991, 29.2508 ], [ 80.9021, 29.2514 ], [ 80.9041, 29.2501 ], [ 80.9033, 29.2483 ], [ 80.9053, 29.2448 ], [ 80.9053, 29.2377 ], [ 80.9083, 29.2362 ], [ 80.9167, 29.2451 ], [ 80.9187, 29.2459 ], [ 80.9231, 29.2446 ], [ 80.9242, 29.2462 ], [ 80.9288, 29.2472 ], [ 80.9278, 29.2446 ], [ 80.9279, 29.2433 ], [ 80.9282, 29.2448 ], [ 80.9308, 29.2428 ], [ 80.9321, 29.246 ], [ 80.9357, 29.2465 ], [ 80.9372, 29.2492 ], [ 80.9401, 29.2481 ], [ 80.9413, 29.2508 ], [ 80.9429, 29.2496 ], [ 80.9453, 29.2524 ], [ 80.9463, 29.2519 ], [ 80.9452, 29.2547 ], [ 80.9498, 29.256 ], [ 80.9488, 29.2565 ], [ 80.9533, 29.2603 ], [ 80.9525, 29.2609 ], [ 80.9556, 29.2678 ], [ 80.9564, 29.2649 ], [ 80.9579, 29.2647 ], [ 80.9576, 29.2609 ], [ 80.9594, 29.2608 ], [ 80.9593, 29.2591 ], [ 80.9605, 29.2634 ], [ 80.9615, 29.2635 ], [ 80.962, 29.2616 ], [ 80.9632, 29.2666 ], [ 80.9671, 29.2674 ], [ 80.9692, 29.2692 ], [ 80.9719, 29.267 ], [ 80.9748, 29.268 ], [ 80.9729, 29.2708 ], [ 80.9741, 29.2723 ], [ 80.9743, 29.2694 ], [ 80.9766, 29.2675 ], [ 80.9709, 29.2634 ], [ 80.9707, 29.2609 ], [ 80.9729, 29.26 ], [ 80.9771, 29.2632 ], [ 80.9821, 29.2634 ], [ 80.983, 29.2642 ], [ 80.9813, 29.2641 ], [ 80.9868, 29.2658 ], [ 80.9839, 29.266 ], [ 80.9874, 29.2673 ], [ 80.9887, 29.2692 ], [ 80.9929, 29.2699 ], [ 80.9904, 29.2703 ], [ 80.9927, 29.2705 ], [ 80.9908, 29.2708 ], [ 80.9932, 29.2718 ], [ 80.9922, 29.2718 ], [ 80.9952, 29.2721 ], [ 80.9979, 29.2712 ], [ 80.9974, 29.2763 ], [ 81.0018, 29.2769 ], [ 81.0025, 29.2794 ], [ 81.0054, 29.2799 ], [ 81.0059, 29.2818 ], [ 81.0112, 29.2855 ], [ 81.0145, 29.2839 ], [ 81.0122, 29.2791 ], [ 81.0147, 29.2757 ], [ 81.013, 29.2752 ], [ 81.0146, 29.2739 ], [ 81.0137, 29.2716 ], [ 81.0168, 29.2738 ], [ 81.0212, 29.2741 ], [ 81.0221, 29.2761 ], [ 81.0255, 29.2772 ], [ 81.0295, 29.2717 ], [ 81.0326, 29.2702 ], [ 81.0326, 29.2684 ], [ 81.0341, 29.2689 ], [ 81.0348, 29.2677 ], [ 81.0385, 29.2711 ], [ 81.0385, 29.2736 ], [ 81.0361, 29.2777 ], [ 81.0379, 29.2759 ], [ 81.0376, 29.2775 ], [ 81.0344, 29.2796 ], [ 81.0329, 29.2819 ], [ 81.0405, 29.2777 ], [ 81.0364, 29.2814 ], [ 81.0399, 29.2809 ], [ 81.037, 29.2824 ], [ 81.0416, 29.282 ], [ 81.0436, 29.2805 ], [ 81.0418, 29.2829 ], [ 81.0468, 29.2798 ], [ 81.0433, 29.285 ], [ 81.0485, 29.2811 ], [ 81.0466, 29.2838 ], [ 81.0466, 29.285 ], [ 81.0507, 29.2817 ], [ 81.0476, 29.2864 ], [ 81.0533, 29.282 ], [ 81.0537, 29.28 ], [ 81.059, 29.2805 ], [ 81.0557, 29.2797 ], [ 81.0662, 29.2768 ], [ 81.0629, 29.2765 ], [ 81.0661, 29.2749 ], [ 81.0682, 29.2753 ], [ 81.067, 29.2732 ], [ 81.0605, 29.2729 ], [ 81.0684, 29.2708 ], [ 81.0644, 29.2698 ], [ 81.0693, 29.27 ], [ 81.0669, 29.2697 ], [ 81.0652, 29.2687 ], [ 81.0688, 29.2691 ], [ 81.0693, 29.2681 ], [ 81.0685, 29.2689 ], [ 81.0673, 29.2689 ], [ 81.0665, 29.2683 ], [ 81.0683, 29.2684 ], [ 81.0708, 29.2663 ], [ 81.0677, 29.2669 ], [ 81.0723, 29.2638 ], [ 81.0704, 29.2641 ], [ 81.0712, 29.2638 ], [ 81.0697, 29.2628 ], [ 81.0725, 29.2625 ], [ 81.071, 29.2617 ], [ 81.0727, 29.262 ], [ 81.0711, 29.2611 ], [ 81.0729, 29.2614 ], [ 81.0716, 29.2607 ], [ 81.0731, 29.261 ], [ 81.0719, 29.2603 ], [ 81.0738, 29.2601 ], [ 81.0731, 29.2592 ], [ 81.0771, 29.2589 ], [ 81.0819, 29.2563 ], [ 81.0884, 29.2565 ], [ 81.093, 29.2548 ], [ 81.0966, 29.2566 ], [ 81.0964, 29.258 ], [ 81.0976, 29.2605 ], [ 81.0985, 29.2582 ], [ 81.0977, 29.2572 ], [ 81.0989, 29.2579 ], [ 81.0985, 29.2593 ], [ 81.0999, 29.2604 ], [ 81.1015, 29.2582 ], [ 81.1011, 29.2554 ], [ 81.1039, 29.251 ], [ 81.1072, 29.25 ], [ 81.1178, 29.251 ], [ 81.1171, 29.2439 ], [ 81.1185, 29.2423 ], [ 81.1276, 29.2414 ], [ 81.1296, 29.239 ], [ 81.136, 29.2367 ], [ 81.1373, 29.2343 ], [ 81.1373, 29.2365 ], [ 81.1382, 29.2341 ], [ 81.1374, 29.2321 ], [ 81.1431, 29.2304 ], [ 81.1466, 29.2315 ], [ 81.1495, 29.2304 ], [ 81.156, 29.2334 ], [ 81.1592, 29.2313 ], [ 81.161, 29.2281 ], [ 81.1622, 29.2292 ], [ 81.1612, 29.2305 ], [ 81.1628, 29.2297 ], [ 81.1644, 29.2262 ], [ 81.1644, 29.2298 ], [ 81.1652, 29.2272 ], [ 81.1682, 29.2259 ], [ 81.1669, 29.2276 ], [ 81.1692, 29.226 ], [ 81.1686, 29.2274 ], [ 81.1699, 29.2258 ], [ 81.1692, 29.2278 ], [ 81.1715, 29.227 ], [ 81.1703, 29.2281 ], [ 81.1739, 29.2266 ], [ 81.1725, 29.2278 ], [ 81.1761, 29.2265 ], [ 81.1745, 29.2277 ], [ 81.1819, 29.2266 ], [ 81.1842, 29.2278 ], [ 81.1815, 29.2282 ], [ 81.1837, 29.2292 ], [ 81.1851, 29.228 ], [ 81.189, 29.228 ], [ 81.1908, 29.2292 ], [ 81.1893, 29.2301 ], [ 81.1955, 29.2294 ], [ 81.1928, 29.2301 ], [ 81.1917, 29.2305 ], [ 81.1914, 29.2311 ], [ 81.2024, 29.2296 ], [ 81.1979, 29.2316 ], [ 81.1994, 29.2328 ], [ 81.2004, 29.2321 ], [ 81.2031, 29.232 ], [ 81.1999, 29.2345 ], [ 81.2046, 29.233 ], [ 81.2039, 29.2341 ], [ 81.2118, 29.2362 ], [ 81.2129, 29.243 ], [ 81.2188, 29.2498 ] ] } },
{ "type": "Feature", "properties": { "cls": "primary" }, "geometry": { "type": "LineString", "coordinates": [ [ 80.9986, 28.4751 ], [ 81.0219, 28.4692 ], [ 81.0275, 28.4651 ], [ 81.0312, 28.4639 ], [ 81.0352, 28.4601 ], [ 81.0394, 28.4586 ], [ 81.0561, 28.4585 ] ] } },
{ "type": "Feature", "properties": { "cls": "primary" }, "geometry": { "type": "LineString", "coordinates": [ [ 81.0561, 28.4585 ], [ 81.1108, 28.5117 ] ] } },
{ "type": "Feature", "properties": { "cls": "primary" }, "geometry": { "type": "LineString", "coordinates": [ [ 81.5686, 28.1287 ], [ 81.5624, 28.1314 ], [ 81.531, 28.1515 ], [ 81.5241, 28.1538 ], [ 81.5172, 28.1516 ], [ 81.5125, 28.1529 ], [ 81.5119, 28.1586 ], [ 81.5034, 28.1641 ], [ 81.4848, 28.1822 ], [ 81.4698, 28.1896 ], [ 81.4282, 28.1834 ], [ 81.4156, 28.1847 ], [ 81.4039, 28.183 ], [ 81.3945, 28.1839 ], [ 81.3729, 28.1923 ], [ 81.3678, 28.1886 ], [ 81.3615, 28.1899 ], [ 81.3546, 28.1949 ], [ 81.3527, 28.1996 ], [ 81.3429, 28.204 ], [ 81.3437, 28.2066 ], [ 81.3384, 28.2132 ], [ 81.3219, 28.2314 ], [ 81.3059, 28.2451 ], [ 81.2949, 28.2808 ], [ 81.2798, 28.2951 ], [ 81.2727, 28.3203 ], [ 81.272, 28.3277 ], [ 81.2628, 28.3483 ], [ 81.2526, 28.3585 ], [ 81.2347, 28.3662 ], [ 81.2211, 28.3646 ], [ 81.2098, 28.3679 ], [ 81.2033, 28.3661 ], [ 81.1944, 28.3736 ], [ 81.1953, 28.3806 ], [ 81.1913, 28.3848 ], [ 81.1779, 28.3934 ], [ 81.1577, 28.3999 ], [ 81.1454, 28.4019 ], [ 81.1336, 28.4062 ], [ 81.117, 28.4181 ], [ 81.0906, 28.4291 ], [ 81.0861, 28.4346 ], [ 81.0779, 28.4291 ], [ 81.0705, 28.4352 ], [ 81.07, 28.4408 ], [ 81.0752, 28.4466 ], [ 81.0729, 28.4519 ], [ 81.0674, 28.4556 ], [ 81.0561, 28.4585 ] ] } },
{ "type": "Feature", "properties": { "cls": "primary" }, "geometry": { "type": "LineString", "coordinates": [ [ 81.1184, 28.5334 ], [ 81.1183, 28.5194 ], [ 81.1108, 28.5117 ] ] } },
{ "type": "Feature", "properties": { "cls": "primary" }, "geometry": { "type": "LineString", "coordinates": [ [ 81.1108, 28.5117 ], [ 81.1182, 28.5194 ], [ 81.1183, 28.5335 ] ] } },
{ "type": "Feature", "properties": { "cls": "primary" }, "geometry": { "type": "LineString", "coordinates": [ [ 81.1183, 28.5351 ], [ 81.1184, 28.541 ], [ 81.1199, 28.5452 ], [ 81.1155, 28.5513 ], [ 81.1141, 28.5567 ], [ 81.1093, 28.5586 ], [ 81.1175, 28.5661 ], [ 81.1138, 28.5714 ], [ 81.12, 28.5797 ], [ 81.13, 28.5844 ], [ 81.1323, 28.5868 ], [ 81.1326, 28.5964 ], [ 81.1369, 28.5993 ], [ 81.1385, 28.602 ], [ 81.1387, 28.6176 ], [ 81.1525, 28.6278 ] ] } },
{ "type": "Feature", "properties": { "cls": "primary" }, "geometry": { "type": "LineString", "coordinates": [ [ 81.218, 29.2324 ], [ 81.216, 29.2266 ], [ 81.217, 29.2219 ], [ 81.2189, 29.2268 ], [ 81.2187, 29.2192 ], [ 81.2208, 29.2238 ], [ 81.2253, 29.2189 ], [ 81.2216, 29.219 ], [ 81.2214, 29.2135 ], [ 81.2231, 29.207 ], [ 81.2267, 29.2058 ], [ 81.2275, 29.2029 ], [ 81.2298, 29.2022 ], [ 81.231, 29.2033 ], [ 81.2319, 29.2022 ], [ 81.2339, 29.2032 ], [ 81.2348, 29.2016 ], [ 81.2352, 29.2026 ], [ 81.2384, 29.201 ], [ 81.2397, 29.2027 ], [ 81.2498, 29.203 ], [ 81.2504, 29.2009 ], [ 81.2527, 29.201 ], [ 81.2533, 29.2023 ], [ 81.2545, 29.2011 ], [ 81.2577, 29.2014 ], [ 81.2579, 29.2031 ], [ 81.2769, 29.1998 ], [ 81.2756, 29.1956 ], [ 81.2727, 29.1931 ], [ 81.2728, 29.1898 ], [ 81.2709, 29.1885 ], [ 81.2691, 29.1783 ], [ 81.2672, 29.1781 ], [ 81.2689, 29.1771 ], [ 81.2659, 29.1774 ], [ 81.2649, 29.1766 ], [ 81.2671, 29.177 ], [ 81.2692, 29.1753 ], [ 81.2631, 29.1754 ], [ 81.2625, 29.1735 ], [ 81.2639, 29.1749 ], [ 81.2659, 29.1733 ], [ 81.2637, 29.1738 ], [ 81.262, 29.1727 ], [ 81.2651, 29.1728 ], [ 81.2661, 29.1724 ], [ 81.2593, 29.1691 ], [ 81.257, 29.1696 ], [ 81.2584, 29.1684 ], [ 81.2572, 29.1682 ], [ 81.2586, 29.1679 ], [ 81.257, 29.1676 ], [ 81.2597, 29.1674 ], [ 81.2576, 29.1671 ], [ 81.257, 29.1666 ], [ 81.2579, 29.167 ], [ 81.2597, 29.1666 ], [ 81.2556, 29.1664 ], [ 81.2581, 29.1659 ], [ 81.2564, 29.1655 ], [ 81.2587, 29.1638 ], [ 81.2609, 29.1654 ], [ 81.2606, 29.1627 ], [ 81.2576, 29.1604 ], [ 81.2579, 29.1594 ], [ 81.2637, 29.1615 ], [ 81.2632, 29.1559 ], [ 81.2666, 29.1492 ], [ 81.2605, 29.1551 ], [ 81.2582, 29.1531 ], [ 81.2505, 29.1511 ], [ 81.2553, 29.1505 ], [ 81.2606, 29.1479 ], [ 81.2553, 29.1485 ], [ 81.252, 29.1471 ], [ 81.2578, 29.1472 ], [ 81.254, 29.1453 ], [ 81.2567, 29.146 ], [ 81.2577, 29.1445 ], [ 81.255, 29.1445 ], [ 81.255, 29.142 ], [ 81.2493, 29.134 ], [ 81.2567, 29.1387 ], [ 81.2575, 29.1311 ], [ 81.2556, 29.1332 ], [ 81.2563, 29.1306 ], [ 81.2554, 29.129 ], [ 81.2595, 29.1248 ], [ 81.255, 29.1266 ], [ 81.2606, 29.1213 ], [ 81.2562, 29.123 ], [ 81.2579, 29.1208 ], [ 81.2658, 29.1186 ], [ 81.2697, 29.1154 ], [ 81.2759, 29.1164 ], [ 81.2831, 29.1138 ], [ 81.2905, 29.1161 ], [ 81.2891, 29.115 ], [ 81.2903, 29.1151 ], [ 81.2929, 29.1175 ], [ 81.2999, 29.1191 ], [ 81.3049, 29.1174 ], [ 81.307, 29.1144 ], [ 81.3092, 29.1178 ], [ 81.3099, 29.1164 ], [ 81.3068, 29.1129 ], [ 81.3068, 29.11 ], [ 81.3074, 29.1123 ], [ 81.3099, 29.1139 ], [ 81.3124, 29.1131 ], [ 81.3146, 29.1176 ], [ 81.3192, 29.1122 ], [ 81.319, 29.111 ], [ 81.3238, 29.1098 ], [ 81.3228, 29.1056 ], [ 81.3251, 29.1042 ], [ 81.3293, 29.1052 ], [ 81.3318, 29.1036 ], [ 81.3351, 29.1069 ], [ 81.3355, 29.1018 ], [ 81.3397, 29.1012 ], [ 81.3363, 29.0993 ], [ 81.3443, 29.1011 ], [ 81.3474, 29.1041 ], [ 81.3546, 29.106 ], [ 81.3556, 29.1154 ], [ 81.3625, 29.1169 ], [ 81.3636, 29.1206 ], [ 81.3691, 29.1221 ], [ 81.3708, 29.1186 ], [ 81.3737, 29.118 ], [ 81.3731, 29.1163 ], [ 81.3754, 29.1148 ], [ 81.3747, 29.1045 ], [ 81.3773, 29.1009 ], [ 81.3893, 29.0926 ], [ 81.3917, 29.0893 ], [ 81.401, 29.082 ], [ 81.4032, 29.0784 ], [ 81.4073, 29.0777 ], [ 81.4108, 29.0736 ], [ 81.4121, 29.0657 ], [ 81.4098, 29.0634 ], [ 81.4119, 29.0614 ], [ 81.4135, 29.0571 ], [ 81.4124, 29.0559 ], [ 81.4142, 29.0473 ], [ 81.4189, 29.0454 ], [ 81.4215, 29.0431 ], [ 81.4218, 29.0413 ], [ 81.4222, 29.0425 ], [ 81.4194, 29.0466 ], [ 81.4203, 29.0467 ], [ 81.4234, 29.0425 ], [ 81.4217, 29.0391 ], [ 81.4226, 29.0375 ], [ 81.4242, 29.0366 ], [ 81.4247, 29.0359 ], [ 81.4226, 29.037 ], [ 81.4219, 29.0368 ], [ 81.4239, 29.0362 ], [ 81.4243, 29.0351 ], [ 81.4212, 29.0361 ], [ 81.4198, 29.0387 ], [ 81.4176, 29.0368 ], [ 81.4198, 29.0377 ], [ 81.4203, 29.0348 ], [ 81.422, 29.0349 ], [ 81.4226, 29.0334 ], [ 81.4283, 29.0329 ], [ 81.4261, 29.0297 ], [ 81.4288, 29.0312 ], [ 81.4271, 29.0287 ], [ 81.4289, 29.0274 ], [ 81.4278, 29.0249 ] ] } },
{ "type": "Feature", "properties": { "cls": "primary" }, "geometry": { "type": "LineString", "coordinates": [ [ 81.2188, 29.2498 ], [ 81.2199, 29.2506 ], [ 81.2225, 29.2499 ], [ 81.2209, 29.2447 ], [ 81.2187, 29.2431 ], [ 81.2192, 29.2394 ], [ 81.2169, 29.2341 ], [ 81.2183, 29.233 ] ] } },
{ "type": "Feature", "properties": { "cls": "primary" }, "geometry": { "type": "LineString", "coordinates": [ [ 81.2216, 29.2599 ], [ 81.2278, 29.2592 ], [ 81.2294, 29.2575 ], [ 81.2299, 29.2607 ], [ 81.2267, 29.2644 ], [ 81.2278, 29.2653 ], [ 81.2284, 29.2693 ], [ 81.2272, 29.2708 ], [ 81.231, 29.2721 ], [ 81.2302, 29.2743 ], [ 81.2371, 29.2756 ], [ 81.241, 29.2803 ], [ 81.2441, 29.2808 ], [ 81.25, 29.2866 ] ] } },
{ "type": "Feature", "properties": { "cls": "primary" }, "geometry": { "type": "LineString", "coordinates": [ [ 81.2503, 29.2871 ], [ 81.252, 29.2888 ], [ 81.2524, 29.2918 ], [ 81.2568, 29.296 ], [ 81.2611, 29.304 ], [ 81.2676, 29.303 ], [ 81.2671, 29.3056 ], [ 81.2643, 29.3072 ], [ 81.2639, 29.3099 ] ] } },
{ "type": "Feature", "properties": { "cls": "primary" }, "geometry": { "type": "LineString", "coordinates": [ [ 81.2646, 29.31 ], [ 81.2669, 29.3072 ], [ 81.2683, 29.3069 ], [ 81.2665, 29.3101 ], [ 81.2686, 29.3077 ], [ 81.2701, 29.3069 ], [ 81.2683, 29.3098 ], [ 81.2712, 29.307 ], [ 81.2706, 29.3085 ], [ 81.2714, 29.3077 ], [ 81.2791, 29.3121 ], [ 81.2778, 29.3123 ], [ 81.2784, 29.3148 ], [ 81.2834, 29.3125 ], [ 81.2868, 29.3137 ], [ 81.2877, 29.3158 ], [ 81.2894, 29.3152 ], [ 81.2904, 29.3184 ], [ 81.2932, 29.3191 ], [ 81.2961, 29.3225 ], [ 81.296, 29.3251 ], [ 81.2983, 29.3248 ], [ 81.3008, 29.3277 ], [ 81.3006, 29.3308 ], [ 81.3038, 29.3336 ], [ 81.303, 29.3349 ], [ 81.3046, 29.3349 ], [ 81.3082, 29.339 ], [ 81.3093, 29.3388 ], [ 81.3118, 29.3446 ], [ 81.314, 29.345 ], [ 81.3149, 29.347 ], [ 81.3174, 29.3485 ], [ 81.316, 29.3468 ], [ 81.3181, 29.348 ], [ 81.3165, 29.3453 ], [ 81.3186, 29.3469 ], [ 81.3193, 29.3485 ], [ 81.3198, 29.3485 ], [ 81.3191, 29.3465 ], [ 81.3179, 29.3457 ], [ 81.3171, 29.3444 ], [ 81.317, 29.3436 ], [ 81.3216, 29.3465 ], [ 81.3225, 29.3488 ], [ 81.333, 29.3553 ], [ 81.3337, 29.3577 ], [ 81.3382, 29.361 ], [ 81.3382, 29.3631 ] ] } },
{ "type": "Feature", "properties": { "cls": "primary" }, "geometry": { "type": "LineString", "coordinates": [ [ 81.3384, 29.3632 ], [ 81.3433, 29.3639 ], [ 81.3475, 29.3669 ], [ 81.3474, 29.3697 ], [ 81.3496, 29.3697 ], [ 81.3509, 29.3737 ], [ 81.3533, 29.3745 ], [ 81.3582, 29.3797 ] ] } },
{ "type": "Feature", "properties": { "cls": "primary" }, "geometry": { "type": "LineString", "coordinates": [ [ 81.3584, 29.3797 ], [ 81.365, 29.381 ], [ 81.3673, 29.3831 ], [ 81.3705, 29.3825 ], [ 81.3744, 29.3875 ], [ 81.3801, 29.3887 ], [ 81.3785, 29.3895 ], [ 81.3888, 29.3935 ], [ 81.3921, 29.3968 ], [ 81.3926, 29.3991 ], [ 81.3949, 29.4003 ], [ 81.396, 29.3997 ], [ 81.3973, 29.402 ], [ 81.4019, 29.4027 ], [ 81.4076, 29.4058 ], [ 81.4111, 29.4054 ], [ 81.4154, 29.4078 ], [ 81.419, 29.4076 ], [ 81.4277, 29.4187 ], [ 81.4299, 29.4197 ], [ 81.4306, 29.4181 ], [ 81.4313, 29.4194 ], [ 81.433, 29.4185 ], [ 81.4359, 29.4194 ], [ 81.4422, 29.4261 ], [ 81.4535, 29.4317 ], [ 81.4564, 29.4365 ], [ 81.4565, 29.4395 ], [ 81.4614, 29.4451 ], [ 81.4613, 29.4504 ], [ 81.466, 29.4496 ], [ 81.4703, 29.4512 ], [ 81.4726, 29.4551 ], [ 81.4721, 29.4561 ], [ 81.4747, 29.4597 ], [ 81.475, 29.458 ], [ 81.4763, 29.4616 ], [ 81.479, 29.4599 ], [ 81.4799, 29.4603 ], [ 81.4817, 29.4601 ], [ 81.4791, 29.4594 ], [ 81.4768, 29.4608 ], [ 81.4764, 29.4582 ], [ 81.4777, 29.4576 ], [ 81.4745, 29.4543 ], [ 81.478, 29.4546 ], [ 81.4769, 29.4541 ], [ 81.4788, 29.4529 ], [ 81.4808, 29.4538 ], [ 81.4814, 29.4556 ], [ 81.4874, 29.4533 ], [ 81.4888, 29.4558 ], [ 81.4929, 29.4575 ], [ 81.49, 29.4587 ], [ 81.4917, 29.4581 ], [ 81.489, 29.4597 ], [ 81.4883, 29.4606 ], [ 81.498, 29.4585 ], [ 81.5009, 29.4617 ], [ 81.5022, 29.4614 ], [ 81.5025, 29.4628 ], [ 81.5051, 29.4625 ], [ 81.5059, 29.4637 ], [ 81.5095, 29.4604 ], [ 81.5128, 29.4603 ], [ 81.5209, 29.4632 ], [ 81.524, 29.4657 ], [ 81.5264, 29.4653 ], [ 81.5313, 29.4671 ], [ 81.5345, 29.4658 ], [ 81.5369, 29.4676 ], [ 81.5394, 29.4646 ], [ 81.5373, 29.4618 ], [ 81.5456, 29.462 ], [ 81.5448, 29.4614 ], [ 81.546, 29.4611 ], [ 81.5437, 29.4599 ], [ 81.5446, 29.4592 ], [ 81.5514, 29.4589 ], [ 81.5526, 29.4563 ], [ 81.556, 29.4574 ], [ 81.5553, 29.4544 ], [ 81.562, 29.4528 ], [ 81.5624, 29.4509 ], [ 81.563, 29.4523 ], [ 81.5641, 29.4511 ], [ 81.5638, 29.4523 ], [ 81.5651, 29.4502 ], [ 81.5694, 29.45 ], [ 81.5687, 29.4483 ], [ 81.5696, 29.4477 ], [ 81.5746, 29.447 ], [ 81.5728, 29.4459 ], [ 81.5729, 29.4443 ], [ 81.5744, 29.4451 ], [ 81.5761, 29.4439 ], [ 81.577, 29.4452 ], [ 81.5761, 29.446 ], [ 81.5799, 29.4464 ], [ 81.5794, 29.4453 ], [ 81.5806, 29.4459 ], [ 81.5839, 29.4441 ], [ 81.5851, 29.4418 ], [ 81.5953, 29.4405 ], [ 81.5964, 29.4456 ], [ 81.5972, 29.4426 ], [ 81.5981, 29.4429 ], [ 81.6009, 29.4518 ], [ 81.6031, 29.446 ], [ 81.6027, 29.4424 ], [ 81.6043, 29.4416 ], [ 81.6062, 29.4481 ], [ 81.6058, 29.4554 ], [ 81.6043, 29.4568 ], [ 81.6065, 29.4563 ], [ 81.6081, 29.4536 ], [ 81.6075, 29.4566 ], [ 81.6094, 29.4571 ], [ 81.6081, 29.46 ], [ 81.6125, 29.4673 ], [ 81.6157, 29.4792 ], [ 81.6197, 29.4811 ], [ 81.619, 29.4818 ], [ 81.6214, 29.4847 ], [ 81.6256, 29.4858 ], [ 81.6269, 29.4882 ], [ 81.6259, 29.489 ], [ 81.6276, 29.4887 ], [ 81.6335, 29.4933 ], [ 81.6376, 29.4984 ], [ 81.6422, 29.499 ], [ 81.6467, 29.502 ], [ 81.6516, 29.5018 ], [ 81.6522, 29.5036 ], [ 81.6529, 29.502 ], [ 81.6549, 29.5037 ], [ 81.6556, 29.5029 ], [ 81.6572, 29.5027 ], [ 81.656, 29.5035 ], [ 81.6601, 29.5064 ], [ 81.6635, 29.5063 ], [ 81.668, 29.504 ], [ 81.6727, 29.5044 ], [ 81.6747, 29.5058 ], [ 81.6861, 29.5035 ], [ 81.6986, 29.4943 ], [ 81.7132, 29.4764 ], [ 81.7153, 29.4772 ], [ 81.7168, 29.4793 ], [ 81.717, 29.485 ], [ 81.72, 29.4896 ], [ 81.7322, 29.4906 ], [ 81.7418, 29.4961 ], [ 81.7591, 29.5013 ], [ 81.7601, 29.5053 ], [ 81.77, 29.5114 ], [ 81.7726, 29.5103 ], [ 81.7769, 29.512 ], [ 81.7754, 29.5179 ], [ 81.7787, 29.5227 ], [ 81.7773, 29.524 ], [ 81.7788, 29.5237 ], [ 81.7779, 29.5271 ], [ 81.7904, 29.5336 ], [ 81.7879, 29.5411 ], [ 81.7972, 29.5542 ], [ 81.7979, 29.5576 ], [ 81.7966, 29.5628 ], [ 81.7976, 29.5649 ], [ 81.7967, 29.5734 ], [ 81.7976, 29.5761 ], [ 81.7931, 29.5844 ], [ 81.7891, 29.5872 ], [ 81.7881, 29.5893 ], [ 81.789, 29.5949 ], [ 81.7763, 29.5999 ], [ 81.7719, 29.6059 ], [ 81.7665, 29.606 ], [ 81.7686, 29.6076 ], [ 81.7726, 29.6078 ], [ 81.7735, 29.6146 ], [ 81.7767, 29.6193 ], [ 81.7802, 29.621 ], [ 81.7801, 29.6222 ], [ 81.7857, 29.6261 ], [ 81.7912, 29.6282 ], [ 81.7986, 29.6241 ], [ 81.8092, 29.6226 ], [ 81.8166, 29.6239 ], [ 81.8249, 29.6205 ], [ 81.8441, 29.6224 ], [ 81.852, 29.6201 ], [ 81.8664, 29.6338 ], [ 81.8705, 29.635 ], [ 81.8704, 29.637 ], [ 81.872, 29.6391 ], [ 81.8716, 29.6428 ], [ 81.8755, 29.6457 ], [ 81.8757, 29.649 ], [ 81.8785, 29.653 ], [ 81.8823, 29.6538 ], [ 81.8823, 29.6581 ], [ 81.8886, 29.668 ], [ 81.8994, 29.6704 ], [ 81.9164, 29.6647 ], [ 81.9186, 29.6665 ], [ 81.9186, 29.6712 ], [ 81.9222, 29.6748 ] ] } },
{ "type": "Feature", "properties": { "cls": "primary" }, "geometry": { "type": "LineString", "coordinates": [ [ 81.4278, 29.0249 ], [ 81.4298, 29.0285 ], [ 81.4352, 29.0284 ], [ 81.4394, 29.0337 ], [ 81.4421, 29.0336 ], [ 81.4393, 29.0367 ], [ 81.4426, 29.0384 ], [ 81.4525, 29.0518 ], [ 81.4601, 29.0549 ], [ 81.4594, 29.0562 ], [ 81.4628, 29.061 ], [ 81.4631, 29.0633 ], [ 81.4673, 29.0664 ], [ 81.4725, 29.0736 ], [ 81.4713, 29.0743 ], [ 81.472, 29.0772 ], [ 81.4746, 29.0796 ], [ 81.4884, 29.0827 ], [ 81.4888, 29.0845 ], [ 81.4978, 29.088 ], [ 81.5021, 29.0885 ], [ 81.5052, 29.0858 ], [ 81.5049, 29.088 ], [ 81.5114, 29.0904 ], [ 81.5175, 29.0947 ], [ 81.5224, 29.099 ], [ 81.5243, 29.1025 ], [ 81.5279, 29.0997 ], [ 81.5272, 29.1021 ], [ 81.535, 29.1047 ], [ 81.5403, 29.1056 ], [ 81.5424, 29.1031 ], [ 81.5442, 29.1031 ], [ 81.5428, 29.1083 ], [ 81.5465, 29.1105 ], [ 81.5539, 29.1197 ], [ 81.555, 29.1206 ], [ 81.5556, 29.1198 ], [ 81.5583, 29.1226 ], [ 81.5661, 29.1241 ], [ 81.5793, 29.1342 ], [ 81.5813, 29.1349 ], [ 81.5881, 29.1324 ], [ 81.5915, 29.1333 ], [ 81.5951, 29.1316 ], [ 81.5934, 29.1329 ], [ 81.5962, 29.1318 ], [ 81.5944, 29.1339 ], [ 81.5973, 29.1327 ], [ 81.5979, 29.1335 ], [ 81.5984, 29.1305 ], [ 81.6029, 29.1301 ], [ 81.6012, 29.1309 ], [ 81.6026, 29.1308 ], [ 81.6027, 29.1333 ], [ 81.6039, 29.1338 ], [ 81.6029, 29.1346 ], [ 81.6055, 29.1384 ], [ 81.5988, 29.1393 ], [ 81.5984, 29.1404 ], [ 81.6024, 29.1403 ], [ 81.5975, 29.1427 ], [ 81.5911, 29.1412 ], [ 81.5979, 29.146 ], [ 81.601, 29.147 ], [ 81.6034, 29.146 ], [ 81.6016, 29.1478 ], [ 81.5929, 29.1467 ], [ 81.5906, 29.149 ], [ 81.5951, 29.1486 ], [ 81.5992, 29.1502 ], [ 81.5955, 29.15 ], [ 81.6035, 29.1518 ], [ 81.6123, 29.1497 ], [ 81.6143, 29.1483 ], [ 81.6149, 29.144 ], [ 81.6138, 29.1377 ], [ 81.6199, 29.1401 ], [ 81.6271, 29.1378 ], [ 81.6273, 29.1326 ], [ 81.6313, 29.1287 ], [ 81.631, 29.1269 ], [ 81.6334, 29.1254 ], [ 81.6398, 29.1245 ], [ 81.6434, 29.1261 ], [ 81.652, 29.1238 ], [ 81.6528, 29.1337 ], [ 81.6574, 29.1305 ], [ 81.6608, 29.1306 ], [ 81.6632, 29.1332 ], [ 81.6627, 29.131 ], [ 81.6652, 29.1269 ], [ 81.6643, 29.1208 ], [ 81.6704, 29.1187 ], [ 81.6742, 29.1134 ], [ 81.6804, 29.1134 ], [ 81.6844, 29.1148 ], [ 81.693, 29.1133 ], [ 81.6976, 29.1172 ], [ 81.698, 29.1204 ], [ 81.704, 29.1224 ], [ 81.7016, 29.121 ], [ 81.705, 29.1216 ], [ 81.702, 29.1196 ], [ 81.7015, 29.1179 ], [ 81.704, 29.116 ], [ 81.7034, 29.1124 ], [ 81.7045, 29.1108 ], [ 81.7091, 29.1105 ], [ 81.711, 29.1086 ], [ 81.7222, 29.1122 ], [ 81.7265, 29.1119 ], [ 81.7302, 29.1092 ], [ 81.7364, 29.1108 ], [ 81.7392, 29.11 ], [ 81.7496, 29.1155 ], [ 81.7518, 29.1199 ], [ 81.7614, 29.1261 ], [ 81.7655, 29.1336 ], [ 81.7729, 29.1383 ], [ 81.7734, 29.1426 ], [ 81.7763, 29.1453 ], [ 81.7836, 29.1459 ], [ 81.7915, 29.1416 ], [ 81.7935, 29.1357 ], [ 81.8028, 29.1288 ], [ 81.81, 29.1319 ], [ 81.8194, 29.1335 ], [ 81.8211, 29.1353 ], [ 81.8224, 29.1506 ], [ 81.8241, 29.1573 ], [ 81.8256, 29.1603 ], [ 81.8277, 29.1603 ], [ 81.8291, 29.1618 ], [ 81.8274, 29.1611 ], [ 81.8293, 29.1634 ], [ 81.8483, 29.1608 ], [ 81.8569, 29.1641 ], [ 81.8632, 29.1622 ], [ 81.8702, 29.1663 ], [ 81.8745, 29.167 ], [ 81.8785, 29.1732 ], [ 81.8803, 29.1802 ], [ 81.8834, 29.1832 ], [ 81.8915, 29.1857 ], [ 81.9027, 29.1853 ], [ 81.9076, 29.1874 ], [ 81.9101, 29.201 ] ] } },
{ "type": "Feature", "properties": { "cls": "primary" }, "geometry": { "type": "LineString", "coordinates": [ [ 81.4278, 29.0249 ], [ 81.4245, 29.0213 ], [ 81.4254, 29.0203 ], [ 81.4239, 29.0207 ], [ 81.4221, 29.0198 ], [ 81.4243, 29.0204 ], [ 81.4208, 29.0176 ], [ 81.4237, 29.0123 ], [ 81.4232, 29.0031 ], [ 81.422, 29.0015 ], [ 81.4234, 29.0003 ], [ 81.42, 29.0005 ], [ 81.4191, 28.9987 ], [ 81.4151, 28.9967 ], [ 81.4265, 28.9801 ], [ 81.4267, 28.9744 ], [ 81.428, 28.9737 ], [ 81.4259, 28.9723 ], [ 81.4272, 28.9667 ], [ 81.4292, 28.9653 ], [ 81.4308, 28.9613 ], [ 81.4311, 28.9638 ], [ 81.4322, 28.9646 ], [ 81.4336, 28.96 ], [ 81.4326, 28.9591 ], [ 81.4338, 28.958 ], [ 81.4359, 28.9588 ], [ 81.4368, 28.961 ], [ 81.4412, 28.9614 ], [ 81.4439, 28.9601 ], [ 81.4463, 28.9549 ], [ 81.4457, 28.9417 ], [ 81.4497, 28.9422 ], [ 81.4532, 28.9396 ], [ 81.4559, 28.9399 ], [ 81.4558, 28.9387 ], [ 81.4541, 28.9383 ], [ 81.456, 28.9347 ], [ 81.4691, 28.9293 ], [ 81.4739, 28.9184 ], [ 81.4802, 28.9122 ] ] } },
{ "type": "Feature", "properties": { "cls": "primary" }, "geometry": { "type": "LineString", "coordinates": [ [ 81.4801, 28.9121 ], [ 81.4856, 28.9013 ], [ 81.4934, 28.8942 ], [ 81.5002, 28.8914 ], [ 81.51, 28.8905 ], [ 81.5123, 28.8888 ], [ 81.5123, 28.8836 ], [ 81.5149, 28.8805 ], [ 81.5154, 28.8778 ], [ 81.5169, 28.8761 ], [ 81.518, 28.8769 ], [ 81.5253, 28.8701 ], [ 81.5274, 28.8729 ], [ 81.5332, 28.8763 ], [ 81.5294, 28.8718 ], [ 81.5285, 28.8689 ], [ 81.5294, 28.869 ], [ 81.5304, 28.871 ], [ 81.5341, 28.8734 ], [ 81.5347, 28.8754 ], [ 81.5355, 28.871 ], [ 81.5305, 28.8658 ], [ 81.5373, 28.8616 ], [ 81.5356, 28.859 ], [ 81.5391, 28.857 ], [ 81.5412, 28.8507 ], [ 81.5433, 28.8514 ], [ 81.5432, 28.8491 ], [ 81.5487, 28.8465 ], [ 81.5474, 28.8443 ], [ 81.5427, 28.844 ], [ 81.5436, 28.841 ], [ 81.5422, 28.839 ], [ 81.5468, 28.832 ], [ 81.5502, 28.8352 ], [ 81.5545, 28.8359 ], [ 81.5518, 28.8329 ], [ 81.551, 28.8287 ], [ 81.5522, 28.8249 ], [ 81.5539, 28.8245 ], [ 81.5506, 28.8222 ], [ 81.5538, 28.8199 ], [ 81.5555, 28.8165 ], [ 81.5561, 28.8116 ], [ 81.5577, 28.811 ], [ 81.5565, 28.8094 ], [ 81.5574, 28.8069 ], [ 81.5588, 28.8065 ], [ 81.5579, 28.8055 ], [ 81.561, 28.8049 ], [ 81.5597, 28.8016 ], [ 81.5639, 28.8004 ], [ 81.5622, 28.7986 ], [ 81.5627, 28.7971 ], [ 81.57, 28.7916 ], [ 81.5754, 28.7843 ], [ 81.5824, 28.781 ], [ 81.5842, 28.7778 ], [ 81.5826, 28.7727 ], [ 81.583, 28.7695 ], [ 81.5844, 28.7742 ], [ 81.5863, 28.7741 ], [ 81.5843, 28.7736 ], [ 81.5847, 28.7702 ], [ 81.5849, 28.773 ], [ 81.5854, 28.7732 ], [ 81.5872, 28.7679 ], [ 81.5924, 28.7646 ], [ 81.5887, 28.7616 ], [ 81.5893, 28.7573 ], [ 81.585, 28.7514 ], [ 81.5947, 28.7466 ], [ 81.5897, 28.7455 ], [ 81.5884, 28.7417 ], [ 81.5894, 28.7407 ], [ 81.5876, 28.74 ], [ 81.5865, 28.7354 ], [ 81.5852, 28.7368 ], [ 81.5852, 28.7409 ], [ 81.5811, 28.7448 ], [ 81.5764, 28.7392 ], [ 81.5723, 28.7387 ], [ 81.5671, 28.7413 ], [ 81.5687, 28.7359 ], [ 81.5708, 28.7342 ], [ 81.5702, 28.7332 ], [ 81.568, 28.7347 ], [ 81.5664, 28.7342 ], [ 81.5671, 28.7357 ], [ 81.563, 28.738 ], [ 81.5594, 28.7446 ], [ 81.5584, 28.7422 ], [ 81.5535, 28.7429 ], [ 81.5565, 28.737 ], [ 81.5565, 28.7344 ], [ 81.5546, 28.7349 ], [ 81.5534, 28.7324 ], [ 81.5518, 28.7354 ], [ 81.5496, 28.7332 ], [ 81.5476, 28.7344 ], [ 81.5459, 28.7333 ], [ 81.5441, 28.7347 ], [ 81.5427, 28.741 ], [ 81.5374, 28.7384 ], [ 81.5353, 28.739 ], [ 81.5343, 28.7377 ], [ 81.5335, 28.7399 ], [ 81.5308, 28.7414 ], [ 81.5301, 28.7403 ], [ 81.5274, 28.7403 ], [ 81.5263, 28.738 ], [ 81.5179, 28.7401 ], [ 81.5158, 28.7382 ], [ 81.5133, 28.7386 ], [ 81.5111, 28.7371 ], [ 81.5136, 28.733 ], [ 81.5136, 28.7287 ], [ 81.5147, 28.7275 ], [ 81.515, 28.73 ], [ 81.5157, 28.7268 ], [ 81.5128, 28.7271 ], [ 81.5136, 28.7257 ], [ 81.5104, 28.728 ] ] } },
{ "type": "Feature", "properties": { "cls": "primary" }, "geometry": { "type": "LineString", "coordinates": [ [ 81.5776, 28.6095 ], [ 81.5746, 28.6086 ], [ 81.5731, 28.6098 ], [ 81.5726, 28.6088 ], [ 81.5706, 28.6096 ], [ 81.5661, 28.6077 ], [ 81.5631, 28.6084 ], [ 81.5578, 28.6075 ], [ 81.5591, 28.6086 ], [ 81.5569, 28.6078 ], [ 81.5544, 28.6089 ], [ 81.5441, 28.6004 ], [ 81.5416, 28.6002 ], [ 81.5351, 28.6064 ], [ 81.5345, 28.608 ], [ 81.5362, 28.6099 ], [ 81.5314, 28.6136 ], [ 81.5312, 28.6173 ], [ 81.5247, 28.6169 ], [ 81.5228, 28.6224 ], [ 81.5208, 28.6243 ], [ 81.5218, 28.6298 ], [ 81.5194, 28.6339 ], [ 81.5198, 28.6388 ], [ 81.516, 28.6406 ], [ 81.5143, 28.6465 ], [ 81.5163, 28.6471 ], [ 81.5141, 28.6503 ], [ 81.5164, 28.6532 ], [ 81.5171, 28.657 ], [ 81.5161, 28.663 ], [ 81.5182, 28.6632 ], [ 81.5106, 28.6724 ], [ 81.5094, 28.6751 ], [ 81.511, 28.6772 ], [ 81.5086, 28.6796 ], [ 81.5036, 28.6816 ], [ 81.4993, 28.6875 ], [ 81.4964, 28.6887 ], [ 81.4974, 28.6934 ], [ 81.499, 28.692 ], [ 81.5, 28.6932 ], [ 81.5007, 28.6915 ], [ 81.5037, 28.6906 ], [ 81.5019, 28.6925 ], [ 81.5021, 28.695 ], [ 81.5005, 28.6953 ], [ 81.5008, 28.6981 ], [ 81.4977, 28.6995 ], [ 81.4941, 28.7041 ], [ 81.495, 28.7042 ], [ 81.4933, 28.705 ], [ 81.4944, 28.7067 ], [ 81.5034, 28.7092 ], [ 81.5059, 28.7128 ], [ 81.5029, 28.7173 ], [ 81.5065, 28.7207 ], [ 81.5032, 28.7211 ], [ 81.5022, 28.7233 ], [ 81.5038, 28.7219 ], [ 81.5054, 28.7229 ], [ 81.5075, 28.722 ], [ 81.5069, 28.7233 ], [ 81.5043, 28.7241 ], [ 81.5046, 28.7249 ], [ 81.511, 28.7233 ], [ 81.5063, 28.7266 ], [ 81.5058, 28.7298 ], [ 81.5005, 28.7336 ], [ 81.5054, 28.7329 ], [ 81.5103, 28.7281 ] ] } },
{ "type": "Feature", "properties": { "cls": "primary" }, "geometry": { "type": "LineString", "coordinates": [ [ 81.5771, 28.1246 ], [ 81.5829, 28.1195 ], [ 81.5867, 28.114 ], [ 81.6054, 28.1003 ], [ 81.6262, 28.067 ] ] } },
{ "type": "Feature", "properties": { "cls": "primary" }, "geometry": { "type": "LineString", "coordinates": [ [ 81.6165, 28.592 ], [ 81.5802, 28.6083 ] ] } },
{ "type": "Feature", "properties": { "cls": "primary" }, "geometry": { "type": "LineString", "coordinates": [ [ 81.5802, 28.6083 ], [ 81.6165, 28.5921 ] ] } },
{ "type": "Feature", "properties": { "cls": "primary" }, "geometry": { "type": "LineString", "coordinates": [ [ 81.6128, 28.0398 ], [ 81.625, 28.0607 ] ] } },
{ "type": "Feature", "properties": { "cls": "primary" }, "geometry": { "type": "LineString", "coordinates": [ [ 81.6536, 28.5613 ], [ 81.6504, 28.566 ], [ 81.6549, 28.5687 ], [ 81.6399, 28.5755 ] ] } },
{ "type": "Feature", "properties": { "cls": "primary" }, "geometry": { "type": "LineString", "coordinates": [ [ 81.64, 28.5756 ], [ 81.6551, 28.5687 ], [ 81.6506, 28.5659 ], [ 81.6536, 28.5613 ] ] } },
{ "type": "Feature", "properties": { "cls": "primary" }, "geometry": { "type": "LineString", "coordinates": [ [ 81.6536, 28.5613 ], [ 81.6557, 28.5579 ], [ 81.6545, 28.5557 ], [ 81.651, 28.554 ], [ 81.6519, 28.5514 ], [ 81.654, 28.5498 ], [ 81.6579, 28.5504 ], [ 81.6589, 28.5483 ], [ 81.6616, 28.5496 ], [ 81.6651, 28.5487 ], [ 81.6665, 28.5447 ], [ 81.6686, 28.546 ], [ 81.6751, 28.5388 ], [ 81.6763, 28.5277 ], [ 81.6683, 28.5183 ], [ 81.6654, 28.519 ], [ 81.6632, 28.5184 ], [ 81.6627, 28.5171 ], [ 81.658, 28.5177 ], [ 81.6497, 28.5142 ], [ 81.641, 28.5143 ], [ 81.6438, 28.5107 ], [ 81.6578, 28.5053 ], [ 81.6628, 28.4939 ], [ 81.6671, 28.4932 ], [ 81.6674, 28.4871 ], [ 81.6691, 28.4836 ], [ 81.6737, 28.4833 ], [ 81.679, 28.4808 ], [ 81.6813, 28.4812 ], [ 81.6844, 28.4762 ], [ 81.6961, 28.4714 ], [ 81.7007, 28.4653 ], [ 81.7027, 28.4645 ], [ 81.7097, 28.4663 ], [ 81.7189, 28.459 ] ] } },
{ "type": "Feature", "properties": { "cls": "primary" }, "geometry": { "type": "LineString", "coordinates": [ [ 81.7189, 28.459 ], [ 81.7309, 28.444 ], [ 81.7321, 28.44 ], [ 81.7304, 28.4378 ], [ 81.7348, 28.4362 ], [ 81.7345, 28.4279 ], [ 81.7309, 28.4285 ], [ 81.7301, 28.4277 ], [ 81.7275, 28.4289 ], [ 81.7268, 28.4257 ], [ 81.7208, 28.4246 ], [ 81.7228, 28.4224 ], [ 81.7183, 28.4222 ], [ 81.7215, 28.419 ], [ 81.7152, 28.4184 ], [ 81.7137, 28.414 ], [ 81.7081, 28.4106 ], [ 81.7032, 28.4092 ], [ 81.7005, 28.4108 ], [ 81.701, 28.4055 ], [ 81.6994, 28.4037 ], [ 81.6962, 28.402 ], [ 81.6945, 28.4036 ], [ 81.6914, 28.4041 ], [ 81.6911, 28.402 ], [ 81.6934, 28.4012 ], [ 81.6955, 28.3963 ], [ 81.6946, 28.3952 ], [ 81.6903, 28.3949 ], [ 81.6884, 28.3927 ], [ 81.689, 28.3858 ], [ 81.685, 28.3864 ], [ 81.6839, 28.3881 ], [ 81.685, 28.3895 ], [ 81.6831, 28.3882 ], [ 81.684, 28.3847 ], [ 81.6897, 28.3823 ], [ 81.6927, 28.3864 ], [ 81.6969, 28.3878 ], [ 81.6981, 28.3848 ], [ 81.7013, 28.3843 ], [ 81.6979, 28.3771 ], [ 81.7007, 28.3744 ], [ 81.7064, 28.3729 ], [ 81.7039, 28.372 ], [ 81.6997, 28.3732 ], [ 81.6954, 28.3751 ], [ 81.6946, 28.3769 ], [ 81.6944, 28.3746 ], [ 81.7042, 28.3682 ], [ 81.7126, 28.3704 ], [ 81.7141, 28.3675 ], [ 81.7123, 28.3646 ], [ 81.7105, 28.3641 ], [ 81.7106, 28.3622 ], [ 81.7139, 28.3617 ], [ 81.7122, 28.3605 ], [ 81.7139, 28.3585 ], [ 81.7108, 28.3508 ], [ 81.7082, 28.3498 ], [ 81.7066, 28.3512 ], [ 81.7036, 28.3488 ], [ 81.7013, 28.3513 ], [ 81.7005, 28.3479 ], [ 81.698, 28.3456 ], [ 81.697, 28.346 ], [ 81.6983, 28.3476 ], [ 81.6982, 28.3501 ], [ 81.6963, 28.3499 ], [ 81.6963, 28.3516 ], [ 81.6946, 28.3528 ], [ 81.6929, 28.3515 ], [ 81.6929, 28.3493 ], [ 81.6907, 28.3497 ], [ 81.6896, 28.3471 ], [ 81.6873, 28.3473 ], [ 81.6873, 28.3513 ], [ 81.6855, 28.3502 ], [ 81.6832, 28.3506 ], [ 81.6831, 28.3459 ], [ 81.6801, 28.3444 ], [ 81.6807, 28.3419 ], [ 81.677, 28.3425 ], [ 81.6754, 28.3388 ], [ 81.6735, 28.3379 ], [ 81.6759, 28.3328 ], [ 81.6807, 28.3341 ], [ 81.6819, 28.3314 ], [ 81.685, 28.3325 ], [ 81.6845, 28.3261 ], [ 81.6884, 28.3261 ], [ 81.6916, 28.3278 ], [ 81.6896, 28.3259 ], [ 81.6844, 28.3242 ], [ 81.6814, 28.3155 ], [ 81.6784, 28.3137 ], [ 81.6779, 28.3169 ], [ 81.6807, 28.3207 ], [ 81.6805, 28.323 ], [ 81.6794, 28.3247 ], [ 81.6771, 28.3226 ], [ 81.6723, 28.314 ], [ 81.6725, 28.3107 ], [ 81.6693, 28.3058 ], [ 81.6586, 28.278 ], [ 81.6605, 28.2718 ], [ 81.6662, 28.2676 ], [ 81.6754, 28.2567 ], [ 81.6748, 28.2445 ], [ 81.6766, 28.2326 ], [ 81.6908, 28.1993 ] ] } },
{ "type": "Feature", "properties": { "cls": "primary" }, "geometry": { "type": "LineString", "coordinates": [ [ 81.8912, 28.4188 ], [ 81.8876, 28.419 ], [ 81.8816, 28.4242 ], [ 81.8712, 28.4275 ], [ 81.8644, 28.4336 ], [ 81.8635, 28.4366 ], [ 81.8514, 28.4392 ], [ 81.8419, 28.4382 ], [ 81.8362, 28.4405 ], [ 81.8334, 28.4396 ], [ 81.8304, 28.4426 ], [ 81.8177, 28.4431 ], [ 81.8089, 28.4467 ], [ 81.8038, 28.4471 ], [ 81.8007, 28.4452 ], [ 81.7947, 28.4468 ], [ 81.7898, 28.4512 ], [ 81.7783, 28.4571 ], [ 81.7761, 28.4592 ], [ 81.7753, 28.462 ], [ 81.7687, 28.4658 ], [ 81.7671, 28.4692 ], [ 81.7607, 28.4713 ], [ 81.7598, 28.4735 ], [ 81.7566, 28.4748 ], [ 81.7542, 28.4751 ], [ 81.7528, 28.471 ], [ 81.7482, 28.4708 ], [ 81.7446, 28.468 ], [ 81.7339, 28.4645 ], [ 81.7292, 28.4616 ] ] } },
{ "type": "Feature", "properties": { "cls": "primary" }, "geometry": { "type": "LineString", "coordinates": [ [ 81.9107, 29.201 ], [ 81.9157, 29.201 ], [ 81.9217, 29.2069 ], [ 81.9283, 29.2083 ], [ 81.9421, 29.2205 ], [ 81.9487, 29.2243 ], [ 81.9528, 29.2286 ], [ 81.9569, 29.2304 ], [ 81.9638, 29.2318 ], [ 81.9746, 29.2309 ], [ 81.9869, 29.2279 ], [ 81.9952, 29.2241 ], [ 82.0055, 29.2278 ], [ 82.0097, 29.2267 ], [ 82.0199, 29.23 ], [ 82.0263, 29.228 ], [ 82.0302, 29.2313 ], [ 82.0333, 29.2318 ], [ 82.0407, 29.2299 ], [ 82.0447, 29.2311 ], [ 82.0495, 29.2298 ], [ 82.0496, 29.2331 ], [ 82.0708, 29.2386 ], [ 82.0901, 29.2407 ], [ 82.0921, 29.2422 ], [ 82.1, 29.2405 ], [ 82.1179, 29.2505 ], [ 82.1287, 29.2529 ], [ 82.1341, 29.2528 ], [ 82.1366, 29.2544 ], [ 82.1378, 29.2578 ], [ 82.1455, 29.262 ], [ 82.1516, 29.2619 ], [ 82.1594, 29.2691 ], [ 82.1694, 29.2715 ], [ 82.1748, 29.2709 ], [ 82.1849, 29.2736 ], [ 82.1868, 29.273 ] ] } },
{ "type": "Feature", "properties": { "cls": "primary" }, "geometry": { "type": "LineString", "coordinates": [ [ 82.2116, 27.9715 ], [ 82.2192, 27.9722 ], [ 82.2227, 27.9778 ], [ 82.2219, 27.9821 ], [ 82.2183, 27.9863 ], [ 82.2194, 27.9879 ], [ 82.2169, 27.9901 ], [ 82.2187, 27.9946 ], [ 82.2185, 27.9966 ], [ 82.2173, 27.9971 ], [ 82.2184, 27.997 ], [ 82.2192, 27.9961 ], [ 82.2215, 27.9991 ], [ 82.219, 27.9981 ], [ 82.2187, 28.0 ], [ 82.2197, 27.9991 ], [ 82.224, 27.9998 ], [ 82.2293, 28.0052 ], [ 82.2323, 28.0031 ], [ 82.231, 27.9985 ], [ 82.2332, 27.9985 ], [ 82.234, 27.9967 ], [ 82.2355, 27.9975 ], [ 82.2361, 28.0011 ], [ 82.2402, 28.0026 ], [ 82.2428, 28.0057 ], [ 82.235, 28.0106 ], [ 82.2328, 28.0142 ], [ 82.2291, 28.0157 ], [ 82.2281, 28.0184 ], [ 82.2294, 28.0206 ], [ 82.2279, 28.0236 ], [ 82.231, 28.0278 ], [ 82.235, 28.0299 ], [ 82.2437, 28.029 ], [ 82.2456, 28.0304 ], [ 82.2485, 28.0299 ], [ 82.2514, 28.0383 ], [ 82.2543, 28.0413 ], [ 82.2554, 28.0403 ], [ 82.2576, 28.042 ], [ 82.2601, 28.0476 ], [ 82.2612, 28.0551 ], [ 82.2728, 28.0644 ], [ 82.2757, 28.0688 ], [ 82.2783, 28.0752 ], [ 82.283, 28.0813 ], [ 82.2885, 28.0939 ], [ 82.2907, 28.1103 ], [ 82.2903, 28.1167 ], [ 82.2961, 28.129 ] ] } },
{ "type": "Feature", "properties": { "cls": "primary" }, "geometry": { "type": "LineString", "coordinates": [ [ 82.2981, 28.1333 ], [ 82.3023, 28.143 ], [ 82.3081, 28.1482 ], [ 82.3129, 28.1546 ], [ 82.3155, 28.1653 ], [ 82.313, 28.1778 ], [ 82.3147, 28.1845 ], [ 82.3135, 28.1921 ], [ 82.316, 28.1946 ], [ 82.314, 28.1978 ], [ 82.3163, 28.2018 ], [ 82.3191, 28.2013 ], [ 82.3162, 28.205 ], [ 82.3159, 28.2069 ], [ 82.3177, 28.2083 ], [ 82.3163, 28.2093 ], [ 82.319, 28.2082 ], [ 82.3166, 28.2107 ], [ 82.3168, 28.2121 ], [ 82.3172, 28.2105 ], [ 82.3176, 28.2114 ], [ 82.3181, 28.2102 ], [ 82.3216, 28.2083 ], [ 82.319, 28.2109 ], [ 82.3177, 28.2149 ], [ 82.3159, 28.2158 ], [ 82.3171, 28.217 ], [ 82.3165, 28.2182 ], [ 82.3174, 28.2191 ], [ 82.3245, 28.2193 ], [ 82.324, 28.2186 ], [ 82.3292, 28.2201 ], [ 82.3327, 28.2172 ], [ 82.3338, 28.2198 ], [ 82.3363, 28.2179 ], [ 82.3361, 28.2208 ], [ 82.3407, 28.2177 ], [ 82.3463, 28.2161 ], [ 82.3461, 28.2197 ], [ 82.3429, 28.2211 ], [ 82.346, 28.2214 ], [ 82.346, 28.2226 ], [ 82.3486, 28.2221 ], [ 82.3492, 28.224 ], [ 82.3515, 28.224 ], [ 82.3526, 28.2256 ], [ 82.3512, 28.2372 ], [ 82.3539, 28.2376 ], [ 82.353, 28.2399 ], [ 82.3511, 28.2408 ], [ 82.3522, 28.242 ], [ 82.3502, 28.2427 ], [ 82.3518, 28.2461 ], [ 82.3468, 28.2452 ], [ 82.3423, 28.2492 ], [ 82.3402, 28.2537 ], [ 82.3419, 28.2553 ], [ 82.3447, 28.2554 ], [ 82.3457, 28.2567 ], [ 82.3429, 28.2557 ], [ 82.339, 28.2583 ], [ 82.3388, 28.2565 ], [ 82.3381, 28.2595 ], [ 82.3369, 28.2571 ], [ 82.3353, 28.2588 ], [ 82.3287, 28.2571 ], [ 82.3225, 28.2587 ], [ 82.3197, 28.261 ], [ 82.3197, 28.2633 ], [ 82.317, 28.2664 ], [ 82.3171, 28.268 ], [ 82.3154, 28.2693 ], [ 82.3056, 28.2708 ], [ 82.3031, 28.2758 ], [ 82.3036, 28.2778 ], [ 82.3019, 28.2766 ], [ 82.2952, 28.2806 ], [ 82.2928, 28.2871 ], [ 82.2861, 28.2925 ], [ 82.2792, 28.2953 ], [ 82.2759, 28.2934 ], [ 82.2588, 28.2961 ], [ 82.2554, 28.2976 ], [ 82.254, 28.3021 ], [ 82.2519, 28.3041 ], [ 82.2478, 28.3052 ], [ 82.245, 28.3044 ], [ 82.237, 28.3101 ], [ 82.2318, 28.3106 ], [ 82.2346, 28.3158 ], [ 82.2277, 28.3174 ], [ 82.2313, 28.3216 ], [ 82.2298, 28.327 ], [ 82.2306, 28.3282 ], [ 82.2292, 28.3315 ], [ 82.2223, 28.3386 ], [ 82.2199, 28.3481 ], [ 82.2187, 28.3496 ], [ 82.2134, 28.3497 ], [ 82.2088, 28.3536 ], [ 82.2008, 28.3558 ], [ 82.1968, 28.36 ], [ 82.1959, 28.363 ], [ 82.1911, 28.3667 ], [ 82.1903, 28.3717 ], [ 82.1927, 28.3788 ], [ 82.192, 28.3832 ], [ 82.1857, 28.3918 ], [ 82.1898, 28.3942 ], [ 82.1902, 28.3974 ], [ 82.1874, 28.4009 ], [ 82.1848, 28.3985 ], [ 82.1826, 28.3997 ], [ 82.1832, 28.408 ], [ 82.1795, 28.4113 ], [ 82.1786, 28.4143 ], [ 82.1792, 28.4288 ], [ 82.1846, 28.4308 ], [ 82.1846, 28.434 ], [ 82.1864, 28.432 ], [ 82.1889, 28.4354 ], [ 82.1938, 28.4353 ], [ 82.1953, 28.4373 ], [ 82.1948, 28.4388 ], [ 82.197, 28.4405 ], [ 82.1975, 28.4367 ], [ 82.2062, 28.4339 ], [ 82.2125, 28.4356 ], [ 82.2098, 28.4316 ], [ 82.2133, 28.4292 ], [ 82.2152, 28.4249 ], [ 82.2213, 28.426 ], [ 82.222, 28.4272 ], [ 82.223, 28.4263 ], [ 82.2297, 28.4282 ], [ 82.2338, 28.4275 ], [ 82.2389, 28.431 ], [ 82.2412, 28.431 ], [ 82.2479, 28.4291 ], [ 82.2492, 28.4243 ], [ 82.2548, 28.4219 ], [ 82.2582, 28.4185 ], [ 82.2602, 28.4198 ], [ 82.2623, 28.4189 ], [ 82.2651, 28.4211 ], [ 82.2684, 28.4208 ], [ 82.2747, 28.4243 ], [ 82.2766, 28.427 ], [ 82.2794, 28.4277 ], [ 82.2807, 28.4267 ], [ 82.2866, 28.4312 ], [ 82.2889, 28.4334 ], [ 82.2851, 28.4388 ], [ 82.2863, 28.4395 ], [ 82.2855, 28.4407 ], [ 82.2866, 28.443 ], [ 82.2823, 28.4453 ], [ 82.2802, 28.4508 ], [ 82.2829, 28.4551 ], [ 82.2833, 28.452 ], [ 82.2848, 28.4509 ], [ 82.2897, 28.4534 ], [ 82.2889, 28.455 ], [ 82.2909, 28.455 ], [ 82.298, 28.4612 ], [ 82.2999, 28.4614 ], [ 82.3025, 28.4593 ], [ 82.3041, 28.4605 ], [ 82.3044, 28.4623 ], [ 82.3019, 28.4645 ], [ 82.3006, 28.4686 ], [ 82.3021, 28.4735 ], [ 82.3048, 28.4753 ], [ 82.305, 28.4797 ], [ 82.3062, 28.4791 ], [ 82.3057, 28.4838 ], [ 82.3095, 28.4857 ], [ 82.3104, 28.4856 ], [ 82.3112, 28.485 ], [ 82.3104, 28.4853 ], [ 82.3096, 28.4846 ], [ 82.3143, 28.4841 ], [ 82.3169, 28.486 ], [ 82.316, 28.4898 ], [ 82.3193, 28.4896 ], [ 82.3216, 28.4911 ], [ 82.32, 28.4954 ], [ 82.3212, 28.4979 ], [ 82.3181, 28.4997 ], [ 82.3227, 28.5057 ], [ 82.3226, 28.5076 ], [ 82.3238, 28.5073 ], [ 82.3244, 28.5118 ], [ 82.3267, 28.5115 ], [ 82.3262, 28.513 ], [ 82.328, 28.5139 ], [ 82.3271, 28.5127 ], [ 82.3278, 28.5117 ], [ 82.3287, 28.5127 ], [ 82.3304, 28.5104 ], [ 82.3317, 28.5111 ], [ 82.3332, 28.5095 ], [ 82.3367, 28.5116 ], [ 82.3419, 28.5161 ], [ 82.3447, 28.521 ], [ 82.3413, 28.5238 ], [ 82.3431, 28.5248 ], [ 82.3436, 28.5239 ], [ 82.3444, 28.5253 ], [ 82.346, 28.5241 ], [ 82.3461, 28.5257 ], [ 82.3476, 28.5253 ], [ 82.3485, 28.5277 ], [ 82.3503, 28.5266 ], [ 82.3515, 28.5279 ], [ 82.3513, 28.5311 ], [ 82.3544, 28.5289 ], [ 82.3523, 28.5316 ], [ 82.3549, 28.5304 ], [ 82.3599, 28.5348 ], [ 82.3652, 28.536 ], [ 82.3666, 28.5377 ], [ 82.3718, 28.5365 ], [ 82.3751, 28.5392 ], [ 82.3782, 28.5389 ], [ 82.3796, 28.5374 ], [ 82.3834, 28.5435 ], [ 82.3831, 28.5488 ], [ 82.3862, 28.5504 ], [ 82.3915, 28.5501 ], [ 82.392, 28.5515 ], [ 82.3945, 28.552 ], [ 82.3963, 28.5553 ], [ 82.3976, 28.5543 ], [ 82.4012, 28.5569 ], [ 82.4035, 28.5561 ], [ 82.405, 28.5587 ], [ 82.4066, 28.5589 ], [ 82.4071, 28.5622 ], [ 82.4172, 28.5657 ], [ 82.4188, 28.5693 ], [ 82.4204, 28.57 ], [ 82.4166, 28.5687 ], [ 82.4154, 28.5666 ], [ 82.4131, 28.5667 ], [ 82.4152, 28.5671 ], [ 82.416, 28.5723 ], [ 82.4189, 28.5716 ], [ 82.4191, 28.5751 ], [ 82.4224, 28.5752 ], [ 82.4226, 28.5755 ], [ 82.417, 28.576 ], [ 82.4205, 28.577 ], [ 82.4197, 28.5769 ], [ 82.4192, 28.5774 ], [ 82.4248, 28.5772 ], [ 82.4272, 28.5755 ], [ 82.4327, 28.5756 ], [ 82.4337, 28.5743 ], [ 82.4335, 28.5767 ], [ 82.4395, 28.5844 ], [ 82.4425, 28.5861 ], [ 82.4401, 28.5937 ], [ 82.443, 28.597 ], [ 82.4433, 28.5992 ], [ 82.4467, 28.6021 ], [ 82.4452, 28.6042 ], [ 82.446, 28.6084 ], [ 82.4451, 28.612 ], [ 82.441, 28.6139 ], [ 82.4398, 28.6206 ], [ 82.4409, 28.6183 ], [ 82.4431, 28.6172 ], [ 82.4415, 28.6187 ], [ 82.4413, 28.6206 ], [ 82.4428, 28.6186 ], [ 82.4442, 28.618 ], [ 82.4429, 28.619 ], [ 82.4423, 28.6208 ], [ 82.4465, 28.6177 ], [ 82.4444, 28.6202 ], [ 82.4492, 28.618 ], [ 82.45, 28.6186 ], [ 82.4484, 28.6188 ], [ 82.4498, 28.6196 ], [ 82.4722, 28.6185 ], [ 82.4661, 28.6207 ], [ 82.4665, 28.6225 ], [ 82.4645, 28.6215 ], [ 82.4625, 28.6223 ], [ 82.4575, 28.6266 ], [ 82.4515, 28.626 ], [ 82.4495, 28.6285 ], [ 82.4416, 28.6291 ], [ 82.439, 28.6313 ], [ 82.4335, 28.632 ], [ 82.4323, 28.6326 ], [ 82.4347, 28.6326 ], [ 82.4325, 28.6332 ], [ 82.4341, 28.6335 ], [ 82.4314, 28.634 ], [ 82.4307, 28.6353 ], [ 82.4326, 28.6354 ] ] } },
{ "type": "Feature", "properties": { "cls": "primary" }, "geometry": { "type": "LineString", "coordinates": [ [ 82.482, 28.0397 ], [ 82.4438, 28.0324 ], [ 82.4385, 28.0356 ], [ 82.4327, 28.0362 ], [ 82.4236, 28.0458 ], [ 82.4027, 28.0576 ], [ 82.3869, 28.0742 ], [ 82.359, 28.0968 ], [ 82.3512, 28.1063 ], [ 82.34, 28.1139 ], [ 82.3257, 28.1203 ], [ 82.3223, 28.1242 ], [ 82.3124, 28.126 ], [ 82.3064, 28.1293 ] ] } },
{ "type": "Feature", "properties": { "cls": "primary" }, "geometry": { "type": "LineString", "coordinates": [ [ 82.4487, 28.6627 ], [ 82.453, 28.6668 ], [ 82.4527, 28.6677 ], [ 82.4541, 28.6668 ], [ 82.4554, 28.6675 ], [ 82.4575, 28.6653 ], [ 82.4594, 28.6668 ], [ 82.4613, 28.6657 ], [ 82.4635, 28.6663 ], [ 82.4722, 28.6648 ], [ 82.4753, 28.6633 ], [ 82.4739, 28.6671 ], [ 82.4754, 28.6691 ], [ 82.4864, 28.6675 ], [ 82.489, 28.6647 ], [ 82.4918, 28.6653 ], [ 82.4964, 28.6638 ], [ 82.4954, 28.6595 ], [ 82.4991, 28.6616 ], [ 82.5073, 28.6587 ], [ 82.5097, 28.6554 ], [ 82.51, 28.6579 ], [ 82.5124, 28.6573 ], [ 82.5179, 28.6588 ], [ 82.5207, 28.6566 ], [ 82.5216, 28.6541 ], [ 82.5278, 28.6523 ], [ 82.5353, 28.6474 ], [ 82.5424, 28.6446 ], [ 82.545, 28.6454 ], [ 82.5498, 28.6428 ], [ 82.5558, 28.6418 ], [ 82.5628, 28.6341 ], [ 82.5759, 28.6285 ], [ 82.5734, 28.6303 ], [ 82.575, 28.6303 ], [ 82.5772, 28.6277 ], [ 82.579, 28.6286 ], [ 82.5902, 28.6247 ], [ 82.6012, 28.6253 ], [ 82.5982, 28.6241 ], [ 82.6008, 28.6237 ], [ 82.5998, 28.6228 ], [ 82.6018, 28.6214 ], [ 82.6003, 28.6224 ], [ 82.5999, 28.6221 ], [ 82.6023, 28.6193 ], [ 82.6041, 28.6199 ], [ 82.6098, 28.6179 ], [ 82.6137, 28.6207 ], [ 82.6189, 28.6179 ], [ 82.6184, 28.6153 ], [ 82.6223, 28.6177 ], [ 82.6266, 28.6177 ], [ 82.6269, 28.6207 ], [ 82.6301, 28.6153 ], [ 82.6259, 28.6103 ], [ 82.627, 28.6089 ], [ 82.6255, 28.6069 ], [ 82.6272, 28.606 ], [ 82.6253, 28.6058 ], [ 82.6265, 28.6042 ], [ 82.6286, 28.6072 ], [ 82.6293, 28.6056 ], [ 82.6306, 28.6083 ], [ 82.6308, 28.6051 ], [ 82.6282, 28.6025 ], [ 82.6278, 28.6008 ], [ 82.6285, 28.602 ], [ 82.6297, 28.6025 ], [ 82.629, 28.6 ], [ 82.6316, 28.6015 ], [ 82.632, 28.6004 ], [ 82.6298, 28.5991 ], [ 82.6289, 28.5962 ], [ 82.6314, 28.5947 ], [ 82.634, 28.5862 ], [ 82.6387, 28.5821 ], [ 82.6423, 28.5812 ], [ 82.6431, 28.5792 ], [ 82.6417, 28.5767 ], [ 82.6439, 28.5748 ], [ 82.6439, 28.572 ], [ 82.6474, 28.5688 ], [ 82.6548, 28.5691 ], [ 82.6565, 28.5678 ], [ 82.6624, 28.5677 ], [ 82.6685, 28.5656 ], [ 82.6684, 28.5647 ], [ 82.6808, 28.5579 ], [ 82.6864, 28.5522 ], [ 82.6898, 28.5519 ], [ 82.6941, 28.5534 ], [ 82.703, 28.5503 ], [ 82.7091, 28.5521 ], [ 82.7122, 28.5551 ], [ 82.7168, 28.5544 ], [ 82.7186, 28.5557 ], [ 82.7244, 28.5535 ], [ 82.7296, 28.5564 ], [ 82.7353, 28.5545 ], [ 82.7385, 28.5565 ], [ 82.7428, 28.5554 ], [ 82.7633, 28.5458 ], [ 82.7635, 28.5445 ], [ 82.7681, 28.5425 ], [ 82.7758, 28.5363 ], [ 82.7792, 28.5381 ], [ 82.7834, 28.5324 ], [ 82.7826, 28.5364 ], [ 82.7853, 28.5334 ], [ 82.7881, 28.5336 ], [ 82.787, 28.5319 ], [ 82.7893, 28.5294 ], [ 82.7918, 28.5279 ], [ 82.7953, 28.528 ], [ 82.7946, 28.5251 ], [ 82.8003, 28.5242 ], [ 82.7997, 28.5217 ], [ 82.8043, 28.5195 ], [ 82.807, 28.5145 ], [ 82.8089, 28.5132 ], [ 82.8126, 28.5131 ], [ 82.8136, 28.5113 ], [ 82.8155, 28.5122 ], [ 82.815, 28.51 ], [ 82.8241, 28.508 ], [ 82.8285, 28.5053 ], [ 82.8311, 28.5061 ], [ 82.8316, 28.5036 ], [ 82.8399, 28.4982 ], [ 82.8534, 28.4936 ], [ 82.8572, 28.4912 ], [ 82.8703, 28.4889 ], [ 82.8753, 28.4864 ], [ 82.8805, 28.4861 ], [ 82.8843, 28.4836 ], [ 82.8924, 28.482 ], [ 82.8863, 28.4803 ], [ 82.8863, 28.4792 ], [ 82.8884, 28.4769 ], [ 82.8936, 28.4755 ], [ 82.8985, 28.4695 ], [ 82.9017, 28.4698 ], [ 82.9044, 28.4684 ], [ 82.9053, 28.4701 ], [ 82.9088, 28.4704 ], [ 82.9085, 28.4667 ], [ 82.9108, 28.4661 ], [ 82.9112, 28.4676 ], [ 82.912, 28.4677 ], [ 82.9113, 28.4656 ], [ 82.9078, 28.4651 ], [ 82.9065, 28.4669 ], [ 82.9051, 28.4653 ], [ 82.906, 28.466 ], [ 82.9084, 28.4634 ], [ 82.9106, 28.4633 ], [ 82.91, 28.4627 ], [ 82.9119, 28.4635 ], [ 82.9134, 28.4613 ], [ 82.9226, 28.4592 ], [ 82.9234, 28.457 ], [ 82.9254, 28.4561 ], [ 82.9246, 28.4552 ], [ 82.9261, 28.4556 ], [ 82.929, 28.453 ], [ 82.9264, 28.4538 ], [ 82.9305, 28.4498 ], [ 82.9263, 28.4517 ], [ 82.9293, 28.4481 ], [ 82.9371, 28.4422 ], [ 82.9451, 28.4386 ], [ 82.9478, 28.435 ], [ 82.9513, 28.4332 ], [ 82.9517, 28.4306 ], [ 82.9503, 28.4291 ], [ 82.9541, 28.4316 ], [ 82.9587, 28.4309 ], [ 82.9658, 28.4277 ], [ 82.9691, 28.4228 ], [ 82.9766, 28.4226 ], [ 82.9858, 28.4204 ], [ 82.9895, 28.4169 ], [ 82.9946, 28.4146 ], [ 82.9954, 28.4119 ], [ 83.001, 28.4105 ], [ 83.0098, 28.4056 ], [ 83.0151, 28.4014 ], [ 83.0149, 28.3998 ], [ 83.0204, 28.3987 ], [ 83.0209, 28.3968 ], [ 83.0261, 28.3925 ], [ 83.0348, 28.3903 ], [ 83.0353, 28.3875 ], [ 83.0418, 28.382 ], [ 83.0603, 28.3766 ], [ 83.0661, 28.368 ], [ 83.0745, 28.3656 ], [ 83.0786, 28.361 ], [ 83.0898, 28.3588 ], [ 83.1022, 28.3465 ], [ 83.1154, 28.3374 ], [ 83.1175, 28.3338 ], [ 83.1219, 28.3307 ], [ 83.1294, 28.3302 ], [ 83.1354, 28.3258 ], [ 83.138, 28.326 ], [ 83.1423, 28.3239 ], [ 83.1467, 28.3234 ], [ 83.1483, 28.3259 ], [ 83.1515, 28.3266 ], [ 83.1586, 28.3215 ], [ 83.1601, 28.3228 ], [ 83.1604, 28.3203 ], [ 83.1634, 28.3185 ], [ 83.165, 28.3158 ], [ 83.1676, 28.3153 ], [ 83.1718, 28.3101 ], [ 83.1748, 28.3087 ], [ 83.1741, 28.3074 ], [ 83.1755, 28.3045 ], [ 83.1742, 28.3029 ], [ 83.175, 28.2999 ], [ 83.1732, 28.294 ], [ 83.1763, 28.2887 ], [ 83.1804, 28.286 ], [ 83.1789, 28.2787 ], [ 83.1771, 28.2783 ], [ 83.1769, 28.2771 ], [ 83.1798, 28.2775 ], [ 83.1803, 28.2738 ], [ 83.1856, 28.2708 ], [ 83.1894, 28.2658 ], [ 83.1972, 28.2597 ], [ 83.2041, 28.2567 ], [ 83.2074, 28.2519 ], [ 83.2162, 28.2486 ], [ 83.2169, 28.2454 ], [ 83.2207, 28.241 ], [ 83.2249, 28.2384 ], [ 83.2302, 28.2302 ], [ 83.2377, 28.2225 ], [ 83.2399, 28.2225 ], [ 83.2388, 28.2211 ], [ 83.2518, 28.2148 ], [ 83.2549, 28.2105 ], [ 83.2549, 28.2077 ], [ 83.2597, 28.2038 ], [ 83.2602, 28.2009 ], [ 83.2681, 28.1988 ], [ 83.2716, 28.1951 ], [ 83.2732, 28.191 ], [ 83.2753, 28.1905 ], [ 83.2777, 28.1919 ], [ 83.2842, 28.1911 ], [ 83.2856, 28.1933 ], [ 83.2901, 28.1947 ], [ 83.2971, 28.1945 ], [ 83.2999, 28.1974 ], [ 83.3056, 28.1989 ], [ 83.3063, 28.2003 ], [ 83.3096, 28.1988 ], [ 83.3118, 28.1954 ], [ 83.3176, 28.1917 ], [ 83.3245, 28.1911 ], [ 83.3289, 28.1893 ], [ 83.3375, 28.1907 ], [ 83.3415, 28.1933 ], [ 83.347, 28.1945 ], [ 83.3492, 28.1965 ], [ 83.3487, 28.1976 ], [ 83.3546, 28.1993 ], [ 83.3542, 28.2018 ], [ 83.3572, 28.1999 ], [ 83.3631, 28.2004 ], [ 83.3702, 28.1984 ], [ 83.3713, 28.2003 ], [ 83.3759, 28.201 ], [ 83.3745, 28.2026 ], [ 83.3764, 28.2014 ], [ 83.3793, 28.2058 ], [ 83.3838, 28.2047 ], [ 83.3849, 28.2076 ], [ 83.3892, 28.2101 ], [ 83.3939, 28.2099 ], [ 83.3994, 28.2121 ], [ 83.4055, 28.21 ], [ 83.4085, 28.2147 ], [ 83.4124, 28.214 ], [ 83.4155, 28.2168 ], [ 83.4237, 28.2197 ], [ 83.4288, 28.2184 ], [ 83.4337, 28.2146 ], [ 83.4368, 28.2156 ], [ 83.4381, 28.2138 ], [ 83.4455, 28.2133 ], [ 83.4525, 28.215 ], [ 83.4546, 28.2183 ], [ 83.4551, 28.2169 ], [ 83.4539, 28.2161 ], [ 83.4551, 28.216 ], [ 83.4568, 28.2207 ], [ 83.4607, 28.2217 ], [ 83.458, 28.2201 ], [ 83.4585, 28.2188 ], [ 83.4572, 28.218 ], [ 83.4596, 28.2169 ], [ 83.457, 28.2146 ], [ 83.4598, 28.2143 ], [ 83.462, 28.2114 ], [ 83.4672, 28.2102 ], [ 83.4719, 28.2122 ], [ 83.4707, 28.2134 ], [ 83.4727, 28.2174 ], [ 83.475, 28.2162 ], [ 83.4744, 28.2177 ], [ 83.4724, 28.2178 ], [ 83.4703, 28.2171 ], [ 83.4692, 28.2148 ], [ 83.4698, 28.2173 ], [ 83.4741, 28.2209 ], [ 83.4736, 28.2191 ], [ 83.4753, 28.219 ], [ 83.4796, 28.2214 ], [ 83.4756, 28.22 ], [ 83.4746, 28.2222 ], [ 83.4753, 28.2242 ], [ 83.4762, 28.2214 ], [ 83.4777, 28.222 ], [ 83.4798, 28.2265 ], [ 83.4787, 28.2256 ], [ 83.4777, 28.2254 ], [ 83.4803, 28.2278 ], [ 83.4832, 28.2268 ], [ 83.4816, 28.2284 ], [ 83.4835, 28.2322 ], [ 83.4829, 28.2353 ], [ 83.4802, 28.2365 ], [ 83.4796, 28.241 ], [ 83.4776, 28.2417 ], [ 83.4769, 28.2463 ], [ 83.4785, 28.2452 ], [ 83.4806, 28.2496 ], [ 83.4799, 28.2536 ], [ 83.4825, 28.2513 ], [ 83.4808, 28.2549 ], [ 83.4843, 28.2525 ], [ 83.4828, 28.2546 ], [ 83.4862, 28.2541 ], [ 83.4883, 28.2563 ], [ 83.4893, 28.2557 ], [ 83.4915, 28.2558 ], [ 83.487, 28.2581 ], [ 83.4938, 28.2576 ], [ 83.4894, 28.2591 ], [ 83.4917, 28.2601 ], [ 83.4912, 28.2608 ], [ 83.4945, 28.2598 ], [ 83.4993, 28.2616 ], [ 83.5032, 28.2604 ], [ 83.5047, 28.2626 ], [ 83.5068, 28.2604 ], [ 83.5115, 28.2638 ], [ 83.5198, 28.2601 ], [ 83.5243, 28.2622 ], [ 83.523, 28.2591 ], [ 83.528, 28.2634 ], [ 83.5242, 28.258 ], [ 83.5331, 28.2641 ], [ 83.524, 28.267 ], [ 83.5256, 28.267 ], [ 83.5249, 28.2679 ], [ 83.5309, 28.2664 ], [ 83.5331, 28.267 ], [ 83.5311, 28.267 ], [ 83.5325, 28.2677 ], [ 83.5347, 28.2668 ], [ 83.5371, 28.2679 ], [ 83.5448, 28.2643 ], [ 83.5518, 28.2646 ], [ 83.5555, 28.2628 ], [ 83.5624, 28.2655 ], [ 83.5638, 28.2645 ], [ 83.5689, 28.265 ], [ 83.5708, 28.2664 ], [ 83.5789, 28.266 ], [ 83.5859, 28.2692 ], [ 83.5949, 28.2681 ], [ 83.598, 28.2778 ], [ 83.599, 28.2726 ], [ 83.598, 28.2705 ], [ 83.6007, 28.2645 ], [ 83.6022, 28.2635 ], [ 83.6028, 28.2649 ], [ 83.6048, 28.2607 ], [ 83.6061, 28.2627 ], [ 83.6061, 28.2595 ], [ 83.608, 28.2584 ], [ 83.6067, 28.2613 ], [ 83.6079, 28.2633 ], [ 83.6074, 28.2663 ], [ 83.6084, 28.2636 ], [ 83.6084, 28.259 ], [ 83.6181, 28.2558 ] ] } },
{ "type": "Feature", "properties": { "cls": "primary" }, "geometry": { "type": "LineString", "coordinates": [ [ 82.5042, 27.8832 ], [ 82.5092, 27.8913 ], [ 82.5097, 27.8979 ], [ 82.5156, 27.9024 ], [ 82.5147, 27.9066 ], [ 82.5173, 27.9115 ], [ 82.5157, 27.9136 ], [ 82.5187, 27.9154 ], [ 82.52, 27.9187 ], [ 82.5191, 27.9219 ], [ 82.5141, 27.9256 ], [ 82.5099, 27.925 ], [ 82.5035, 27.9289 ], [ 82.4965, 27.9287 ], [ 82.4954, 27.9309 ], [ 82.4986, 27.9305 ], [ 82.4922, 27.9352 ], [ 82.4949, 27.9343 ], [ 82.4932, 27.9384 ], [ 82.495, 27.9401 ], [ 82.4949, 27.9457 ], [ 82.498, 27.9472 ], [ 82.4969, 27.9513 ], [ 82.4999, 27.9529 ], [ 82.4961, 27.9548 ], [ 82.4973, 27.9656 ], [ 82.4955, 27.9691 ], [ 82.4987, 27.9791 ], [ 82.5008, 27.9952 ], [ 82.4925, 28.0212 ], [ 82.4926, 28.0283 ] ] } },
{ "type": "Feature", "properties": { "cls": "primary" }, "geometry": { "type": "LineString", "coordinates": [ [ 82.7858, 27.4935 ], [ 82.7855, 27.4963 ], [ 82.7932, 27.4961 ], [ 82.7965, 27.5112 ], [ 82.818, 27.5174 ], [ 82.8265, 27.5237 ], [ 82.8328, 27.5248 ], [ 82.8454, 27.5451 ] ] } },
{ "type": "Feature", "properties": { "cls": "primary" }, "geometry": { "type": "LineString", "coordinates": [ [ 82.7865, 27.5553 ], [ 82.7998, 27.549 ], [ 82.8203, 27.5447 ], [ 82.8282, 27.5489 ], [ 82.8454, 27.5451 ] ] } },
{ "type": "Feature", "properties": { "cls": "primary" }, "geometry": { "type": "LineString", "coordinates": [ [ 82.8645, 27.649 ], [ 82.8602, 27.6206 ], [ 82.865, 27.5833 ], [ 82.8488, 27.5536 ], [ 82.8454, 27.5451 ] ] } },
{ "type": "Feature", "properties": { "cls": "primary" }, "geometry": { "type": "LineString", "coordinates": [ [ 82.8454, 27.5451 ], [ 82.8487, 27.5535 ], [ 82.8649, 27.5833 ], [ 82.8601, 27.6206 ], [ 82.8643, 27.6491 ] ] } },
{ "type": "Feature", "properties": { "cls": "primary" }, "geometry": { "type": "LineString", "coordinates": [ [ 83.2843, 27.4913 ], [ 83.2444, 27.4921 ], [ 83.237, 27.4944 ], [ 83.2308, 27.4992 ], [ 83.2237, 27.5005 ], [ 83.2025, 27.5089 ], [ 83.182, 27.5148 ], [ 83.1736, 27.5196 ], [ 83.1228, 27.5304 ], [ 83.1164, 27.5293 ], [ 83.0692, 27.5427 ], [ 83.056, 27.545 ], [ 83.0534, 27.5418 ], [ 83.0516, 27.5421 ], [ 83.0522, 27.5444 ], [ 83.0352, 27.5431 ], [ 83.0238, 27.5454 ], [ 83.0128, 27.545 ], [ 82.9966, 27.5482 ], [ 82.9944, 27.548 ], [ 82.9904, 27.5448 ], [ 82.9848, 27.5477 ], [ 82.9661, 27.5489 ], [ 82.9377, 27.5546 ], [ 82.9006, 27.5478 ], [ 82.8791, 27.5479 ], [ 82.8526, 27.544 ], [ 82.8454, 27.5451 ] ] } },
{ "type": "Feature", "properties": { "cls": "primary" }, "geometry": { "type": "LineString", "coordinates": [ [ 83.2207, 27.4151 ], [ 83.2438, 27.4368 ], [ 83.2677, 27.4624 ] ] } },
{ "type": "Feature", "properties": { "cls": "primary" }, "geometry": { "type": "LineString", "coordinates": [ [ 83.2968, 27.5538 ], [ 83.2855, 27.5563 ], [ 83.2805, 27.556 ], [ 83.2527, 27.5595 ], [ 83.2511, 27.5621 ], [ 83.251, 27.5689 ], [ 83.2533, 27.5737 ], [ 83.2531, 27.5907 ], [ 83.2495, 27.5947 ], [ 83.2493, 27.5978 ], [ 83.2527, 27.608 ], [ 83.2477, 27.633 ], [ 83.2419, 27.6918 ] ] } },
{ "type": "Feature", "properties": { "cls": "primary" }, "geometry": { "type": "LineString", "coordinates": [ [ 83.2843, 27.4913 ], [ 83.2846, 27.5051 ], [ 83.2805, 27.5059 ], [ 83.2814, 27.5191 ], [ 83.2909, 27.5369 ], [ 83.2971, 27.5536 ] ] } },
{ "type": "Feature", "properties": { "cls": "primary" }, "geometry": { "type": "LineString", "coordinates": [ [ 83.2855, 27.4913 ], [ 83.318, 27.4926 ], [ 83.3263, 27.4944 ], [ 83.332, 27.5001 ] ] } },
{ "type": "Feature", "properties": { "cls": "primary" }, "geometry": { "type": "LineString", "coordinates": [ [ 83.332, 27.5001 ], [ 83.3263, 27.4943 ], [ 83.3187, 27.4926 ], [ 83.2964, 27.4909 ], [ 83.2855, 27.4913 ] ] } },
{ "type": "Feature", "properties": { "cls": "primary" }, "geometry": { "type": "LineString", "coordinates": [ [ 83.3116, 27.6874 ], [ 83.305, 27.6723 ], [ 83.3091, 27.6374 ], [ 83.3103, 27.6071 ], [ 83.3094, 27.5956 ], [ 83.3043, 27.5733 ], [ 83.2999, 27.5669 ], [ 83.2972, 27.5539 ] ] } },
{ "type": "Feature", "properties": { "cls": "primary" }, "geometry": { "type": "LineString", "coordinates": [ [ 83.3927, 27.5142 ], [ 83.3811, 27.5042 ], [ 83.3756, 27.5034 ], [ 83.366, 27.5061 ], [ 83.3566, 27.5049 ], [ 83.3505, 27.5056 ], [ 83.3339, 27.4996 ] ] } },
{ "type": "Feature", "properties": { "cls": "primary" }, "geometry": { "type": "LineString", "coordinates": [ [ 83.3339, 27.4996 ], [ 83.3505, 27.5057 ], [ 83.3567, 27.505 ], [ 83.366, 27.5062 ], [ 83.3757, 27.5035 ], [ 83.3811, 27.5043 ], [ 83.3927, 27.5142 ] ] } },
{ "type": "Feature", "properties": { "cls": "primary" }, "geometry": { "type": "LineString", "coordinates": [ [ 83.4177, 27.5093 ], [ 83.3971, 27.514 ] ] } },
{ "type": "Feature", "properties": { "cls": "primary" }, "geometry": { "type": "LineString", "coordinates": [ [ 83.3971, 27.514 ], [ 83.418, 27.5095 ], [ 83.4248, 27.5125 ], [ 83.4465, 27.5187 ], [ 83.4536, 27.5179 ] ] } },
{ "type": "Feature", "properties": { "cls": "primary" }, "geometry": { "type": "LineString", "coordinates": [ [ 83.4534, 27.5172 ], [ 83.4464, 27.5185 ], [ 83.4177, 27.5093 ] ] } },
{ "type": "Feature", "properties": { "cls": "primary" }, "geometry": { "type": "LineString", "coordinates": [ [ 83.6722, 27.5298 ], [ 83.6703, 27.5302 ], [ 83.6667, 27.5273 ], [ 83.6343, 27.5307 ], [ 83.6248, 27.5285 ], [ 83.6189, 27.522 ], [ 83.6105, 27.5176 ], [ 83.5966, 27.5152 ], [ 83.5895, 27.5159 ], [ 83.5861, 27.5137 ], [ 83.574, 27.5156 ], [ 83.5636, 27.5146 ], [ 83.5531, 27.5108 ], [ 83.5331, 27.5123 ], [ 83.5167, 27.5104 ], [ 83.51, 27.5075 ], [ 83.5068, 27.5086 ], [ 83.5051, 27.5119 ], [ 83.503, 27.5126 ], [ 83.4984, 27.5111 ], [ 83.4936, 27.5054 ], [ 83.4903, 27.5041 ], [ 83.4825, 27.5056 ], [ 83.4656, 27.5048 ], [ 83.4357, 27.5085 ], [ 83.4265, 27.5079 ], [ 83.4177, 27.5093 ] ] } },
{ "type": "Feature", "properties": { "cls": "primary" }, "geometry": { "type": "LineString", "coordinates": [ [ 83.4263, 27.6304 ], [ 83.4285, 27.6297 ], [ 83.4304, 27.6326 ], [ 83.4326, 27.6333 ], [ 83.4335, 27.6319 ], [ 83.438, 27.6322 ], [ 83.4501, 27.629 ], [ 83.5031, 27.6284 ], [ 83.5116, 27.6263 ], [ 83.5124, 27.6244 ], [ 83.5183, 27.6249 ], [ 83.5285, 27.6221 ], [ 83.5346, 27.6221 ], [ 83.5392, 27.6236 ], [ 83.5596, 27.6215 ], [ 83.5654, 27.6236 ], [ 83.5667, 27.6263 ], [ 83.5711, 27.629 ], [ 83.5763, 27.6388 ], [ 83.5796, 27.6419 ], [ 83.5845, 27.6499 ] ] } },
{ "type": "Feature", "properties": { "cls": "primary" }, "geometry": { "type": "LineString", "coordinates": [ [ 83.5966, 28.6445 ], [ 83.607, 28.634 ], [ 83.6134, 28.6302 ], [ 83.6171, 28.6304 ], [ 83.6169, 28.6284 ], [ 83.6139, 28.6293 ], [ 83.6139, 28.628 ], [ 83.6261, 28.6251 ], [ 83.6303, 28.6207 ], [ 83.6387, 28.6158 ], [ 83.64, 28.6144 ], [ 83.6391, 28.6137 ], [ 83.6423, 28.6126 ], [ 83.6448, 28.6054 ], [ 83.6418, 28.6004 ], [ 83.6424, 28.5954 ], [ 83.6465, 28.5906 ], [ 83.6449, 28.5875 ], [ 83.6454, 28.5806 ], [ 83.6426, 28.5733 ], [ 83.6358, 28.5681 ], [ 83.6361, 28.5611 ], [ 83.6348, 28.5584 ], [ 83.6355, 28.5591 ], [ 83.637, 28.5554 ], [ 83.6436, 28.5516 ], [ 83.6455, 28.5439 ], [ 83.6493, 28.5418 ], [ 83.6493, 28.5334 ], [ 83.6512, 28.5281 ], [ 83.6549, 28.5278 ], [ 83.6588, 28.5236 ], [ 83.659, 28.5178 ], [ 83.6564, 28.5107 ], [ 83.6584, 28.5068 ], [ 83.6546, 28.5008 ], [ 83.6547, 28.4964 ], [ 83.649, 28.4905 ], [ 83.6482, 28.4858 ], [ 83.6418, 28.4782 ], [ 83.6337, 28.4714 ], [ 83.626, 28.455 ], [ 83.5988, 28.4317 ], [ 83.5982, 28.4165 ], [ 83.5997, 28.4139 ], [ 83.5987, 28.4116 ], [ 83.5999, 28.4085 ], [ 83.598, 28.4049 ], [ 83.5996, 28.4019 ], [ 83.5984, 28.3987 ], [ 83.5928, 28.3936 ], [ 83.5922, 28.3907 ], [ 83.5887, 28.3885 ], [ 83.5839, 28.3814 ], [ 83.5778, 28.3793 ], [ 83.5745, 28.3762 ], [ 83.5685, 28.3766 ], [ 83.5666, 28.3757 ], [ 83.5672, 28.375 ], [ 83.5662, 28.3754 ], [ 83.5675, 28.3704 ], [ 83.565, 28.3551 ], [ 83.5676, 28.3498 ] ] } },
{ "type": "Feature", "properties": { "cls": "primary" }, "geometry": { "type": "LineString", "coordinates": [ [ 83.7848, 28.8351 ], [ 83.7843, 28.8294 ], [ 83.7804, 28.8251 ], [ 83.7802, 28.8227 ], [ 83.7789, 28.8207 ], [ 83.7776, 28.8201 ], [ 83.7791, 28.8222 ], [ 83.7731, 28.8174 ], [ 83.7692, 28.8164 ], [ 83.7697, 28.8126 ], [ 83.7684, 28.8087 ], [ 83.765, 28.8035 ], [ 83.7643, 28.7976 ], [ 83.7607, 28.7929 ], [ 83.7422, 28.7843 ], [ 83.7399, 28.7839 ], [ 83.7345, 28.7859 ], [ 83.7298, 28.7848 ], [ 83.7226, 28.7819 ], [ 83.7131, 28.7749 ], [ 83.7122, 28.7758 ], [ 83.7077, 28.7737 ], [ 83.7065, 28.7718 ], [ 83.7043, 28.7722 ], [ 83.7011, 28.7704 ], [ 83.6964, 28.7645 ], [ 83.6936, 28.7579 ], [ 83.6794, 28.7398 ], [ 83.6795, 28.7369 ], [ 83.6734, 28.7276 ], [ 83.6666, 28.7199 ], [ 83.6628, 28.7173 ], [ 83.6565, 28.7155 ], [ 83.6544, 28.7134 ], [ 83.6431, 28.711 ], [ 83.6403, 28.7081 ], [ 83.6343, 28.7063 ], [ 83.6263, 28.7 ], [ 83.6223, 28.6946 ], [ 83.6182, 28.6933 ], [ 83.617, 28.6908 ], [ 83.6144, 28.6916 ], [ 83.6119, 28.6901 ], [ 83.6134, 28.6867 ], [ 83.6121, 28.6836 ], [ 83.6067, 28.6782 ], [ 83.6056, 28.6782 ], [ 83.6042, 28.684 ], [ 83.6031, 28.6839 ], [ 83.6009, 28.6809 ], [ 83.601, 28.6748 ], [ 83.5972, 28.6722 ], [ 83.5929, 28.6726 ], [ 83.5905, 28.6674 ], [ 83.5903, 28.6602 ], [ 83.5933, 28.6537 ], [ 83.5929, 28.6492 ], [ 83.5961, 28.6449 ] ] } },
{ "type": "Feature", "properties": { "cls": "primary" }, "geometry": { "type": "LineString", "coordinates": [ [ 83.6997, 27.5771 ], [ 83.6906, 27.5651 ], [ 83.6856, 27.5536 ], [ 83.6722, 27.5298 ] ] } },
{ "type": "Feature", "properties": { "cls": "primary" }, "geometry": { "type": "LineString", "coordinates": [ [ 83.6722, 27.5298 ], [ 83.6814, 27.5263 ], [ 83.7001, 27.5246 ], [ 83.7178, 27.5193 ], [ 83.7254, 27.5205 ], [ 83.7497, 27.5147 ], [ 83.7554, 27.5093 ], [ 83.7688, 27.5043 ], [ 83.7774, 27.4973 ], [ 83.7799, 27.493 ], [ 83.7854, 27.4913 ], [ 83.7847, 27.4935 ], [ 83.7859, 27.4976 ], [ 83.7843, 27.5071 ], [ 83.7916, 27.527 ], [ 83.7987, 27.5539 ] ] } },
{ "type": "Feature", "properties": { "cls": "primary" }, "geometry": { "type": "LineString", "coordinates": [ [ 83.7848, 28.8351 ], [ 83.786, 28.8341 ], [ 83.7932, 28.8342 ], [ 83.7898, 28.833 ], [ 83.7934, 28.8327 ], [ 83.7983, 28.8303 ], [ 83.7967, 28.8295 ], [ 83.8067, 28.8278 ], [ 83.8101, 28.8284 ], [ 83.8141, 28.8246 ], [ 83.8234, 28.8208 ], [ 83.8342, 28.8197 ], [ 83.8394, 28.8153 ], [ 83.8443, 28.816 ], [ 83.8473, 28.8183 ], [ 83.8493, 28.8166 ], [ 83.8532, 28.8172 ], [ 83.8534, 28.8149 ], [ 83.8544, 28.8165 ], [ 83.8551, 28.8134 ], [ 83.859, 28.8137 ] ] } },
{ "type": "Feature", "properties": { "cls": "primary" }, "geometry": { "type": "LineString", "coordinates": [ [ 83.7848, 28.8351 ], [ 83.7885, 28.8373 ], [ 83.787, 28.8378 ], [ 83.7863, 28.841 ], [ 83.7883, 28.8416 ], [ 83.7915, 28.8453 ], [ 83.789, 28.8475 ], [ 83.7908, 28.851 ], [ 83.7907, 28.8559 ], [ 83.7924, 28.858 ], [ 83.7933, 28.8624 ], [ 83.7925, 28.8643 ], [ 83.7938, 28.867 ], [ 83.7981, 28.8697 ], [ 83.7989, 28.8733 ], [ 83.7977, 28.8751 ], [ 83.8006, 28.8775 ], [ 83.7998, 28.8744 ], [ 83.8022, 28.8769 ], [ 83.8072, 28.8775 ], [ 83.8092, 28.8831 ], [ 83.8078, 28.8842 ], [ 83.8098, 28.8843 ], [ 83.8083, 28.8848 ], [ 83.8101, 28.8857 ], [ 83.8117, 28.8841 ], [ 83.8111, 28.8854 ], [ 83.8123, 28.8867 ], [ 83.8076, 28.8882 ], [ 83.8061, 28.8904 ], [ 83.8084, 28.894 ], [ 83.8086, 28.8987 ], [ 83.8138, 28.9004 ], [ 83.8128, 28.9018 ], [ 83.8133, 28.9051 ], [ 83.8178, 28.9079 ], [ 83.8202, 28.9133 ], [ 83.8214, 28.9129 ], [ 83.82, 28.9148 ], [ 83.8207, 28.9163 ], [ 83.8278, 28.9233 ], [ 83.8283, 28.9261 ], [ 83.8278, 28.928 ], [ 83.8242, 28.9306 ], [ 83.8276, 28.9301 ], [ 83.8282, 28.9321 ], [ 83.8264, 28.9315 ], [ 83.826, 28.9334 ], [ 83.825, 28.9333 ], [ 83.8251, 28.9319 ], [ 83.8239, 28.9334 ], [ 83.8242, 28.9324 ], [ 83.8196, 28.9334 ], [ 83.8178, 28.9354 ], [ 83.819, 28.936 ], [ 83.8167, 28.9362 ], [ 83.8155, 28.9352 ], [ 83.8131, 28.9351 ], [ 83.8143, 28.9354 ], [ 83.8149, 28.9375 ], [ 83.8129, 28.936 ], [ 83.8142, 28.9375 ], [ 83.8126, 28.9371 ], [ 83.8142, 28.9382 ], [ 83.8122, 28.9379 ], [ 83.814, 28.9389 ], [ 83.8122, 28.9385 ], [ 83.8103, 28.94 ], [ 83.809, 28.9427 ], [ 83.8042, 28.9461 ], [ 83.8031, 28.9477 ], [ 83.8037, 28.9492 ], [ 83.8017, 28.9504 ], [ 83.8026, 28.9568 ], [ 83.8013, 28.9575 ], [ 83.8002, 28.9617 ], [ 83.7984, 28.9578 ], [ 83.8004, 28.9555 ], [ 83.796, 28.9588 ], [ 83.795, 28.9617 ], [ 83.7962, 28.9635 ], [ 83.7934, 28.9671 ], [ 83.7983, 28.9679 ], [ 83.7996, 28.9739 ], [ 83.8017, 28.972 ], [ 83.8091, 28.9735 ], [ 83.8097, 28.9755 ], [ 83.8084, 28.9763 ], [ 83.8113, 28.9798 ], [ 83.8088, 28.9828 ], [ 83.8126, 28.982 ], [ 83.8138, 28.9834 ], [ 83.8118, 28.9827 ], [ 83.8134, 28.9849 ], [ 83.8127, 28.9864 ], [ 83.8167, 28.9834 ], [ 83.8256, 28.9843 ], [ 83.8266, 28.9867 ], [ 83.8295, 28.9877 ], [ 83.8256, 28.9895 ], [ 83.8272, 28.9928 ], [ 83.8283, 28.9916 ], [ 83.8318, 28.9918 ], [ 83.8329, 28.9916 ], [ 83.8289, 28.9907 ], [ 83.8311, 28.9891 ], [ 83.8303, 28.9903 ], [ 83.8347, 28.9895 ], [ 83.8393, 28.9913 ], [ 83.8403, 28.9872 ], [ 83.8415, 28.9897 ], [ 83.8448, 28.9913 ], [ 83.8443, 28.9929 ], [ 83.847, 29.0012 ], [ 83.8473, 28.998 ], [ 83.848, 29.0012 ], [ 83.8484, 28.999 ], [ 83.8488, 28.9987 ], [ 83.8482, 29.0024 ], [ 83.8555, 29.0044 ], [ 83.8538, 29.008 ], [ 83.8566, 29.0137 ], [ 83.8542, 29.0135 ], [ 83.8548, 29.0159 ], [ 83.8523, 29.0139 ], [ 83.8528, 29.0166 ], [ 83.8509, 29.0149 ], [ 83.85, 29.0168 ], [ 83.8481, 29.0154 ], [ 83.8476, 29.0203 ], [ 83.8492, 29.0241 ], [ 83.8476, 29.024 ], [ 83.8483, 29.0281 ], [ 83.8504, 29.0312 ], [ 83.8563, 29.0302 ], [ 83.8489, 29.0329 ], [ 83.8547, 29.033 ], [ 83.8551, 29.0346 ], [ 83.8583, 29.0351 ], [ 83.8589, 29.0363 ], [ 83.858, 29.0355 ], [ 83.8555, 29.0359 ], [ 83.8651, 29.0414 ], [ 83.8656, 29.0439 ], [ 83.8673, 29.0449 ], [ 83.8667, 29.0458 ], [ 83.8705, 29.051 ], [ 83.875, 29.0517 ], [ 83.872, 29.0495 ], [ 83.8722, 29.0476 ], [ 83.8741, 29.05 ], [ 83.8788, 29.0516 ], [ 83.8735, 29.0553 ], [ 83.8702, 29.0592 ], [ 83.8705, 29.0607 ], [ 83.8732, 29.062 ], [ 83.8758, 29.0584 ], [ 83.8754, 29.0625 ], [ 83.8757, 29.0607 ], [ 83.8777, 29.0595 ], [ 83.8771, 29.0608 ], [ 83.8806, 29.0596 ], [ 83.8802, 29.0624 ], [ 83.8825, 29.0656 ], [ 83.8835, 29.062 ], [ 83.8837, 29.0642 ], [ 83.8861, 29.0639 ], [ 83.8853, 29.0652 ], [ 83.8865, 29.0658 ], [ 83.8932, 29.0657 ], [ 83.8924, 29.0687 ], [ 83.8957, 29.065 ], [ 83.8935, 29.0634 ], [ 83.8964, 29.0636 ], [ 83.8971, 29.0683 ], [ 83.903, 29.0696 ], [ 83.9063, 29.0727 ], [ 83.9029, 29.0734 ], [ 83.9065, 29.0752 ], [ 83.9222, 29.0745 ], [ 83.9232, 29.0798 ], [ 83.9222, 29.0816 ], [ 83.925, 29.0821 ], [ 83.9301, 29.0956 ], [ 83.9248, 29.1017 ], [ 83.9256, 29.1029 ], [ 83.9192, 29.1071 ], [ 83.9233, 29.1075 ], [ 83.9304, 29.1051 ], [ 83.9342, 29.1004 ], [ 83.9396, 29.1044 ], [ 83.9437, 29.1118 ], [ 83.9476, 29.1244 ], [ 83.9476, 29.1336 ], [ 83.9449, 29.1404 ], [ 83.9448, 29.1463 ], [ 83.9482, 29.1557 ], [ 83.9539, 29.1633 ], [ 83.9533, 29.1682 ], [ 83.9507, 29.17 ], [ 83.9507, 29.1716 ], [ 83.9571, 29.1775 ], [ 83.9543, 29.1803 ], [ 83.9583, 29.1836 ], [ 83.9555, 29.1854 ], [ 83.9662, 29.1879 ], [ 83.9648, 29.1907 ], [ 83.9653, 29.1948 ], [ 83.9638, 29.1973 ], [ 83.9658, 29.2023 ], [ 83.973, 29.2111 ], [ 83.9742, 29.2155 ], [ 83.976, 29.2264 ], [ 83.9654, 29.2361 ], [ 83.9649, 29.246 ], [ 83.9608, 29.2534 ] ] } },
{ "type": "Feature", "properties": { "cls": "primary" }, "geometry": { "type": "LineString", "coordinates": [ [ 83.9407, 27.3118 ], [ 83.9322, 27.3226 ], [ 83.9314, 27.326 ], [ 83.9288, 27.3268 ], [ 83.9246, 27.3323 ], [ 83.9208, 27.3384 ], [ 83.92, 27.3418 ], [ 83.9005, 27.3557 ], [ 83.8962, 27.3606 ], [ 83.8956, 27.3659 ], [ 83.9064, 27.3777 ], [ 83.909, 27.3827 ], [ 83.9085, 27.3879 ], [ 83.9112, 27.4055 ], [ 83.9082, 27.4081 ] ] } },
{ "type": "Feature", "properties": { "cls": "primary" }, "geometry": { "type": "LineString", "coordinates": [ [ 83.9604, 29.2569 ], [ 83.9586, 29.259 ], [ 83.9601, 29.2595 ], [ 83.9569, 29.2669 ], [ 83.958, 29.2726 ], [ 83.9601, 29.2706 ], [ 83.9606, 29.2666 ], [ 83.9618, 29.2696 ], [ 83.9603, 29.2743 ], [ 83.9584, 29.2755 ], [ 83.9589, 29.28 ], [ 83.9598, 29.2776 ], [ 83.9615, 29.2761 ], [ 83.9605, 29.2808 ], [ 83.9621, 29.2822 ], [ 83.9601, 29.2853 ], [ 83.9618, 29.2905 ], [ 83.9635, 29.2928 ], [ 83.9656, 29.2926 ], [ 83.9654, 29.2983 ], [ 83.967, 29.3024 ], [ 83.9737, 29.3068 ], [ 83.9867, 29.3224 ] ] } },
{ "type": "Feature", "properties": { "cls": "primary" }, "geometry": { "type": "LineString", "coordinates": [ [ 83.9734, 28.2625 ], [ 83.9767, 28.2691 ], [ 83.9759, 28.2702 ], [ 83.9799, 28.2713 ], [ 83.979, 28.2685 ], [ 83.9795, 28.2611 ], [ 83.9826, 28.2548 ], [ 83.9859, 28.2514 ], [ 83.9863, 28.2484 ] ] } },
{ "type": "Feature", "properties": { "cls": "primary" }, "geometry": { "type": "LineString", "coordinates": [ [ 84.0017, 28.1997 ], [ 84.0037, 28.1919 ], [ 84.0012, 28.1927 ], [ 83.9999, 28.1885 ], [ 84.0166, 28.1813 ], [ 84.0212, 28.1775 ], [ 84.0236, 28.1777 ], [ 84.0255, 28.1732 ], [ 84.031, 28.1756 ] ] } },
{ "type": "Feature", "properties": { "cls": "primary" }, "geometry": { "type": "LineString", "coordinates": [ [ 84.0184, 28.216 ], [ 84.0449, 28.2185 ], [ 84.0487, 28.2203 ], [ 84.0493, 28.2223 ], [ 84.0538, 28.225 ], [ 84.0552, 28.2224 ], [ 84.0562, 28.2243 ], [ 84.0618, 28.224 ], [ 84.0672, 28.2262 ], [ 84.0688, 28.2249 ], [ 84.0741, 28.2256 ], [ 84.0757, 28.2245 ], [ 84.0801, 28.2258 ], [ 84.0807, 28.2236 ], [ 84.0816, 28.2242 ], [ 84.0811, 28.224 ], [ 84.081, 28.2254 ], [ 84.0815, 28.2246 ], [ 84.0849, 28.226 ], [ 84.0852, 28.2274 ], [ 84.0839, 28.2268 ], [ 84.0814, 28.2281 ], [ 84.0839, 28.2302 ], [ 84.0881, 28.2328 ], [ 84.0887, 28.2303 ] ] } },
{ "type": "Feature", "properties": { "cls": "primary" }, "geometry": { "type": "LineString", "coordinates": [ [ 84.024, 28.1928 ], [ 84.0233, 28.1913 ], [ 84.0264, 28.1886 ], [ 84.0247, 28.1854 ], [ 84.0314, 28.1771 ], [ 84.031, 28.1756 ] ] } },
{ "type": "Feature", "properties": { "cls": "primary" }, "geometry": { "type": "LineString", "coordinates": [ [ 84.0855, 28.0299 ], [ 84.0875, 28.021 ], [ 84.0901, 28.0161 ], [ 84.0882, 28.0118 ], [ 84.0895, 28.0092 ], [ 84.0876, 28.0072 ], [ 84.0866, 28.0022 ], [ 84.0879, 28.0001 ], [ 84.0919, 27.9983 ], [ 84.094, 27.9937 ], [ 84.0905, 27.9888 ], [ 84.084, 27.9867 ], [ 84.0812, 27.9832 ], [ 84.0808, 27.9803 ], [ 84.0857, 27.977 ], [ 84.0879, 27.9683 ], [ 84.0896, 27.9676 ], [ 84.0885, 27.9692 ], [ 84.0906, 27.9673 ], [ 84.0894, 27.9656 ], [ 84.0895, 27.965 ], [ 84.0917, 27.9659 ], [ 84.0902, 27.9634 ], [ 84.0933, 27.961 ], [ 84.0919, 27.956 ], [ 84.0932, 27.9555 ], [ 84.0942, 27.952 ], [ 84.087, 27.9457 ], [ 84.0853, 27.9411 ], [ 84.0816, 27.9368 ], [ 84.0838, 27.9344 ], [ 84.0837, 27.9292 ], [ 84.0872, 27.9259 ], [ 84.0895, 27.9249 ], [ 84.092, 27.928 ], [ 84.0955, 27.9253 ], [ 84.089, 27.9237 ], [ 84.085, 27.921 ], [ 84.0886, 27.9172 ], [ 84.0883, 27.9147 ], [ 84.0925, 27.9111 ], [ 84.0894, 27.9119 ], [ 84.0867, 27.91 ], [ 84.0885, 27.909 ], [ 84.0867, 27.9076 ], [ 84.0886, 27.9079 ], [ 84.089, 27.9036 ], [ 84.0859, 27.9005 ], [ 84.0919, 27.9022 ], [ 84.0939, 27.8995 ], [ 84.0928, 27.8989 ], [ 84.0931, 27.8977 ], [ 84.0962, 27.8944 ], [ 84.0957, 27.8902 ], [ 84.0912, 27.8872 ], [ 84.0974, 27.8884 ], [ 84.099, 27.8863 ], [ 84.1022, 27.8859 ], [ 84.1024, 27.8838 ], [ 84.0965, 27.8747 ], [ 84.0967, 27.8732 ], [ 84.0895, 27.8723 ], [ 84.0911, 27.8716 ], [ 84.0883, 27.8697 ], [ 84.0819, 27.8708 ], [ 84.0813, 27.8677 ], [ 84.083, 27.8675 ], [ 84.0833, 27.8654 ], [ 84.0819, 27.8642 ], [ 84.0803, 27.8569 ], [ 84.0882, 27.8576 ], [ 84.0914, 27.8556 ], [ 84.0935, 27.8564 ], [ 84.0931, 27.8543 ], [ 84.096, 27.8558 ], [ 84.0985, 27.8535 ], [ 84.101, 27.8531 ], [ 84.1001, 27.851 ], [ 84.1048, 27.854 ], [ 84.1105, 27.8509 ], [ 84.1107, 27.8497 ], [ 84.1114, 27.8507 ], [ 84.1135, 27.8492 ], [ 84.1144, 27.8482 ], [ 84.1136, 27.8474 ], [ 84.1186, 27.8468 ], [ 84.1188, 27.8445 ], [ 84.1196, 27.845 ], [ 84.1188, 27.844 ], [ 84.1201, 27.8443 ], [ 84.119, 27.8434 ], [ 84.1195, 27.8421 ], [ 84.1215, 27.8429 ], [ 84.1214, 27.8409 ], [ 84.1225, 27.8414 ], [ 84.1219, 27.8449 ], [ 84.1249, 27.8432 ], [ 84.1259, 27.8442 ], [ 84.1282, 27.8434 ], [ 84.1296, 27.8448 ], [ 84.1329, 27.8435 ], [ 84.1335, 27.8448 ], [ 84.1407, 27.8439 ], [ 84.141, 27.8454 ], [ 84.1421, 27.8438 ], [ 84.1421, 27.845 ], [ 84.148, 27.8434 ], [ 84.1483, 27.845 ], [ 84.1522, 27.8449 ], [ 84.1516, 27.8427 ], [ 84.1537, 27.8422 ], [ 84.1554, 27.8388 ], [ 84.1586, 27.8383 ], [ 84.1636, 27.8394 ], [ 84.1645, 27.8425 ], [ 84.168, 27.8417 ], [ 84.1676, 27.844 ], [ 84.17, 27.8423 ], [ 84.1691, 27.8417 ], [ 84.1694, 27.838 ], [ 84.1722, 27.8321 ], [ 84.1738, 27.8317 ], [ 84.1716, 27.826 ], [ 84.1759, 27.824 ], [ 84.1754, 27.8228 ], [ 84.1731, 27.8224 ], [ 84.1734, 27.8204 ], [ 84.1717, 27.8194 ], [ 84.173, 27.8154 ], [ 84.1716, 27.8166 ], [ 84.1657, 27.8136 ], [ 84.1635, 27.8153 ], [ 84.1642, 27.8135 ], [ 84.1583, 27.8109 ], [ 84.1558, 27.8046 ], [ 84.1525, 27.8036 ], [ 84.1512, 27.8 ], [ 84.1483, 27.7981 ], [ 84.1503, 27.7964 ], [ 84.1501, 27.7978 ], [ 84.1528, 27.7982 ], [ 84.1512, 27.7963 ], [ 84.1539, 27.793 ], [ 84.1526, 27.7918 ], [ 84.1529, 27.7889 ], [ 84.1493, 27.7874 ], [ 84.1479, 27.782 ], [ 84.1448, 27.7797 ], [ 84.1463, 27.7827 ], [ 84.1453, 27.7836 ], [ 84.1412, 27.7734 ], [ 84.1386, 27.7716 ], [ 84.1416, 27.77 ], [ 84.1467, 27.7698 ], [ 84.1451, 27.7655 ], [ 84.153, 27.7583 ], [ 84.1549, 27.7546 ], [ 84.1538, 27.7519 ], [ 84.1581, 27.7508 ], [ 84.153, 27.7468 ], [ 84.143, 27.744 ], [ 84.144, 27.7411 ], [ 84.1419, 27.743 ], [ 84.1394, 27.7424 ], [ 84.1415, 27.7423 ], [ 84.143, 27.7394 ], [ 84.1462, 27.7408 ], [ 84.1489, 27.7389 ], [ 84.1506, 27.7403 ], [ 84.1531, 27.7388 ], [ 84.1546, 27.7357 ], [ 84.1581, 27.7362 ], [ 84.1605, 27.7342 ], [ 84.1646, 27.7335 ], [ 84.1663, 27.7303 ], [ 84.1655, 27.7276 ], [ 84.1643, 27.7275 ], [ 84.1652, 27.7268 ], [ 84.1652, 27.7241 ], [ 84.1646, 27.7261 ], [ 84.1639, 27.7256 ], [ 84.1657, 27.7207 ], [ 84.1642, 27.7204 ], [ 84.1661, 27.7192 ], [ 84.1674, 27.7219 ], [ 84.1707, 27.7089 ], [ 84.1742, 27.7023 ], [ 84.197, 27.6707 ] ] } },
{ "type": "Feature", "properties": { "cls": "primary" }, "geometry": { "type": "LineString", "coordinates": [ [ 84.2275, 28.1548 ], [ 84.2304, 28.1562 ], [ 84.2293, 28.1544 ], [ 84.2332, 28.1523 ], [ 84.2365, 28.1546 ], [ 84.2466, 28.1578 ], [ 84.2502, 28.1544 ], [ 84.2524, 28.1548 ], [ 84.2542, 28.153 ], [ 84.2617, 28.151 ], [ 84.2669, 28.1478 ], [ 84.2833, 28.1501 ], [ 84.2834, 28.1512 ], [ 84.2866, 28.15 ], [ 84.2891, 28.1511 ], [ 84.2947, 28.1479 ], [ 84.2978, 28.1493 ], [ 84.2987, 28.1472 ], [ 84.3026, 28.1479 ], [ 84.3012, 28.1509 ], [ 84.3056, 28.1534 ], [ 84.3049, 28.1549 ], [ 84.3086, 28.154 ], [ 84.3082, 28.1531 ], [ 84.3101, 28.154 ], [ 84.309, 28.1582 ], [ 84.3153, 28.1536 ], [ 84.3187, 28.1533 ], [ 84.3237, 28.1516 ], [ 84.326, 28.1494 ], [ 84.3313, 28.1482 ], [ 84.3539, 28.1531 ], [ 84.3571, 28.1522 ], [ 84.3626, 28.153 ], [ 84.363, 28.1521 ], [ 84.3692, 28.1514 ], [ 84.3727, 28.1525 ], [ 84.3803, 28.1515 ], [ 84.3816, 28.1526 ], [ 84.3853, 28.1464 ], [ 84.4044, 28.1412 ], [ 84.4061, 28.1349 ], [ 84.4094, 28.1325 ], [ 84.4101, 28.1293 ], [ 84.4205, 28.1261 ], [ 84.4235, 28.1202 ], [ 84.4273, 28.1171 ], [ 84.4307, 28.1121 ] ] } },
{ "type": "Feature", "properties": { "cls": "primary" }, "geometry": { "type": "LineString", "coordinates": [ [ 84.5363, 27.9008 ], [ 84.5428, 27.9047 ], [ 84.5433, 27.9066 ], [ 84.5422, 27.9084 ], [ 84.5445, 27.9165 ], [ 84.5488, 27.9183 ], [ 84.5518, 27.9235 ], [ 84.5544, 27.925 ], [ 84.557, 27.9245 ], [ 84.5571, 27.9266 ], [ 84.5533, 27.9282 ], [ 84.5525, 27.9303 ], [ 84.5566, 27.9324 ], [ 84.5573, 27.9377 ], [ 84.553, 27.941 ], [ 84.5555, 27.944 ], [ 84.5561, 27.9482 ], [ 84.5583, 27.95 ], [ 84.5569, 27.9546 ], [ 84.5602, 27.9571 ], [ 84.5606, 27.9622 ], [ 84.5626, 27.9658 ], [ 84.5623, 27.9687 ], [ 84.5667, 27.9727 ], [ 84.5707, 27.9735 ], [ 84.5689, 27.9759 ], [ 84.5792, 27.9829 ], [ 84.574, 27.9744 ], [ 84.5765, 27.9729 ], [ 84.5765, 27.9716 ], [ 84.577, 27.9727 ], [ 84.5757, 27.9742 ], [ 84.5796, 27.9768 ], [ 84.5866, 27.9743 ], [ 84.5908, 27.9707 ], [ 84.5957, 27.9707 ], [ 84.603, 27.9675 ], [ 84.6071, 27.9694 ], [ 84.6122, 27.9678 ], [ 84.6195, 27.968 ], [ 84.6215, 27.97 ], [ 84.626, 27.9712 ], [ 84.6281, 27.9724 ], [ 84.632, 27.9813 ], [ 84.6337, 27.9822 ], [ 84.6337, 27.985 ], [ 84.6267, 27.9927 ], [ 84.6251, 27.9972 ], [ 84.6226, 27.9984 ], [ 84.6245, 27.9992 ] ] } },
{ "type": "Feature", "properties": { "cls": "primary" }, "geometry": { "type": "LineString", "coordinates": [ [ 84.8849, 27.0124 ], [ 84.8753, 26.9992 ], [ 84.8695, 26.996 ], [ 84.8643, 26.9962 ] ] } },
{ "type": "Feature", "properties": { "cls": "primary" }, "geometry": { "type": "LineString", "coordinates": [ [ 84.8647, 26.9965 ], [ 84.869, 27.0002 ], [ 84.8786, 27.0146 ] ] } },
{ "type": "Feature", "properties": { "cls": "primary" }, "geometry": { "type": "LineString", "coordinates": [ [ 84.8647, 26.9965 ], [ 84.8696, 26.9962 ], [ 84.8752, 26.9993 ], [ 84.8848, 27.0124 ] ] } },
{ "type": "Feature", "properties": { "cls": "primary" }, "geometry": { "type": "LineString", "coordinates": [ [ 84.8998, 27.0459 ], [ 84.9189, 27.074 ], [ 84.9214, 27.0798 ] ] } },
{ "type": "Feature", "properties": { "cls": "primary" }, "geometry": { "type": "LineString", "coordinates": [ [ 84.9216, 27.0797 ], [ 84.9189, 27.0738 ], [ 84.9002, 27.0458 ] ] } },
{ "type": "Feature", "properties": { "cls": "primary" }, "geometry": { "type": "LineString", "coordinates": [ [ 85.1281, 27.8658 ], [ 85.1251, 27.8675 ], [ 85.1224, 27.8657 ], [ 85.1206, 27.8684 ], [ 85.1153, 27.8651 ], [ 85.1089, 27.8583 ], [ 85.1022, 27.8572 ], [ 85.0921, 27.8594 ], [ 85.0875, 27.8541 ], [ 85.0823, 27.8554 ], [ 85.0757, 27.8516 ], [ 85.0574, 27.855 ], [ 85.0564, 27.8536 ], [ 85.0469, 27.8509 ], [ 85.0369, 27.851 ], [ 85.0245, 27.8452 ], [ 85.0224, 27.8426 ], [ 85.0246, 27.8344 ], [ 85.0185, 27.8194 ], [ 85.014, 27.8131 ], [ 85.0141, 27.8103 ], [ 85.0163, 27.8098 ], [ 85.0143, 27.8068 ], [ 84.9997, 27.8 ], [ 85.0002, 27.7958 ] ] } },
{ "type": "Feature", "properties": { "cls": "primary" }, "geometry": { "type": "LineString", "coordinates": [ [ 85.1514, 27.7154 ], [ 85.1491, 27.7168 ], [ 85.1477, 27.716 ], [ 85.1473, 27.7175 ], [ 85.145, 27.7165 ], [ 85.1455, 27.7177 ], [ 85.142, 27.719 ], [ 85.1426, 27.72 ], [ 85.1352, 27.7213 ], [ 85.1338, 27.7239 ], [ 85.1321, 27.7197 ], [ 85.1309, 27.7223 ], [ 85.1273, 27.7225 ], [ 85.1277, 27.7241 ], [ 85.1252, 27.7269 ], [ 85.1206, 27.7262 ], [ 85.1193, 27.7286 ], [ 85.119, 27.727 ], [ 85.1158, 27.7262 ], [ 85.1149, 27.7236 ], [ 85.1158, 27.7211 ], [ 85.1106, 27.7213 ], [ 85.1116, 27.7236 ], [ 85.1091, 27.7253 ], [ 85.108, 27.728 ], [ 85.1061, 27.7269 ], [ 85.1078, 27.727 ], [ 85.109, 27.7244 ], [ 85.1072, 27.7262 ], [ 85.1064, 27.7262 ], [ 85.1052, 27.7258 ], [ 85.1071, 27.7259 ], [ 85.1085, 27.7231 ], [ 85.1063, 27.722 ], [ 85.1065, 27.7205 ], [ 85.1059, 27.7221 ], [ 85.1069, 27.7235 ], [ 85.1066, 27.7245 ], [ 85.1054, 27.721 ], [ 85.105, 27.7231 ], [ 85.1002, 27.7236 ], [ 85.0996, 27.722 ], [ 85.1013, 27.7185 ], [ 85.1, 27.7175 ], [ 85.0949, 27.7184 ], [ 85.0941, 27.7198 ], [ 85.0928, 27.7195 ], [ 85.0931, 27.7168 ], [ 85.0868, 27.7164 ], [ 85.0868, 27.7144 ], [ 85.0909, 27.712 ], [ 85.0902, 27.7105 ], [ 85.0918, 27.707 ], [ 85.0904, 27.7025 ], [ 85.0967, 27.699 ], [ 85.0864, 27.6954 ], [ 85.0975, 27.6951 ], [ 85.0973, 27.6937 ], [ 85.099, 27.6937 ], [ 85.0986, 27.6912 ], [ 85.1023, 27.6905 ], [ 85.1019, 27.6891 ], [ 85.104, 27.6866 ], [ 85.1016, 27.6864 ], [ 85.0997, 27.688 ], [ 85.0958, 27.6866 ], [ 85.0957, 27.6882 ], [ 85.0938, 27.6893 ], [ 85.0903, 27.6862 ], [ 85.0902, 27.6827 ], [ 85.0884, 27.682 ], [ 85.0858, 27.6833 ], [ 85.0854, 27.6818 ], [ 85.0818, 27.681 ], [ 85.0862, 27.6801 ], [ 85.0879, 27.6766 ], [ 85.0915, 27.6778 ], [ 85.0918, 27.6759 ], [ 85.0944, 27.6755 ], [ 85.0938, 27.6736 ], [ 85.0959, 27.6739 ], [ 85.0951, 27.6726 ], [ 85.0971, 27.6714 ], [ 85.095, 27.6696 ], [ 85.0985, 27.6681 ], [ 85.098, 27.6647 ], [ 85.0991, 27.6646 ], [ 85.1003, 27.6615 ], [ 85.0993, 27.6601 ], [ 85.1013, 27.6607 ], [ 85.1036, 27.6595 ], [ 85.1029, 27.6559 ], [ 85.1054, 27.656 ], [ 85.107, 27.6483 ], [ 85.1092, 27.6469 ], [ 85.1079, 27.6452 ], [ 85.1061, 27.6454 ], [ 85.101, 27.6483 ], [ 85.0987, 27.6449 ], [ 85.0944, 27.6461 ], [ 85.0962, 27.6441 ], [ 85.0959, 27.6421 ], [ 85.099, 27.6409 ], [ 85.0998, 27.6365 ], [ 85.0921, 27.6332 ], [ 85.0823, 27.6323 ], [ 85.0795, 27.6266 ], [ 85.078, 27.6267 ], [ 85.0783, 27.6253 ], [ 85.0758, 27.6246 ], [ 85.0777, 27.6239 ], [ 85.0764, 27.6202 ], [ 85.0815, 27.6218 ], [ 85.0825, 27.6237 ], [ 85.0842, 27.6235 ], [ 85.0845, 27.62 ], [ 85.0838, 27.6208 ], [ 85.0834, 27.6198 ], [ 85.0849, 27.618 ], [ 85.0846, 27.6153 ], [ 85.086, 27.6155 ], [ 85.0843, 27.615 ], [ 85.0827, 27.6178 ], [ 85.0822, 27.6162 ], [ 85.0837, 27.614 ], [ 85.0866, 27.6134 ], [ 85.087, 27.6115 ], [ 85.0891, 27.6107 ], [ 85.0893, 27.6127 ], [ 85.0917, 27.6116 ], [ 85.0948, 27.615 ], [ 85.1002, 27.6135 ], [ 85.1014, 27.6124 ], [ 85.1006, 27.6123 ], [ 85.1003, 27.613 ], [ 85.0996, 27.6133 ], [ 85.0994, 27.6119 ], [ 85.0969, 27.6129 ], [ 85.0948, 27.6121 ], [ 85.0937, 27.6085 ], [ 85.0884, 27.6058 ], [ 85.0867, 27.6032 ], [ 85.0874, 27.6007 ], [ 85.0862, 27.6001 ], [ 85.0882, 27.5982 ], [ 85.0859, 27.5964 ], [ 85.0855, 27.5918 ], [ 85.0841, 27.59 ], [ 85.0819, 27.5899 ], [ 85.0821, 27.5926 ], [ 85.0812, 27.5884 ], [ 85.0811, 27.5893 ], [ 85.0789, 27.5886 ], [ 85.0776, 27.5887 ], [ 85.0806, 27.5898 ], [ 85.0808, 27.5918 ], [ 85.0796, 27.5896 ], [ 85.076, 27.5897 ], [ 85.0765, 27.5886 ], [ 85.0749, 27.5894 ], [ 85.0777, 27.5873 ], [ 85.0761, 27.5852 ], [ 85.0767, 27.5834 ], [ 85.0733, 27.5829 ], [ 85.0707, 27.5805 ], [ 85.0686, 27.5807 ], [ 85.0703, 27.5797 ], [ 85.0693, 27.5763 ], [ 85.0722, 27.5761 ], [ 85.073, 27.5778 ], [ 85.0735, 27.5778 ], [ 85.075, 27.577 ], [ 85.0732, 27.5775 ], [ 85.0728, 27.5752 ], [ 85.0735, 27.5771 ], [ 85.0775, 27.5741 ], [ 85.0764, 27.5736 ], [ 85.0782, 27.5736 ], [ 85.0769, 27.5711 ], [ 85.0753, 27.5698 ], [ 85.0763, 27.5716 ], [ 85.0762, 27.5721 ], [ 85.0751, 27.5726 ], [ 85.0759, 27.5719 ], [ 85.0748, 27.5689 ], [ 85.072, 27.5665 ], [ 85.0738, 27.5651 ], [ 85.0746, 27.5624 ], [ 85.0712, 27.5616 ], [ 85.0708, 27.5591 ] ] } },
{ "type": "Feature", "properties": { "cls": "primary" }, "geometry": { "type": "LineString", "coordinates": [ [ 85.0709, 27.5591 ], [ 85.0706, 27.562 ], [ 85.0733, 27.5632 ], [ 85.0697, 27.5663 ], [ 85.0715, 27.5691 ], [ 85.07, 27.5695 ], [ 85.0662, 27.5662 ], [ 85.065, 27.567 ], [ 85.0656, 27.5646 ], [ 85.0645, 27.5644 ], [ 85.0644, 27.5636 ], [ 85.0671, 27.5638 ], [ 85.0667, 27.5655 ], [ 85.0677, 27.5661 ], [ 85.0689, 27.5638 ], [ 85.0671, 27.5594 ], [ 85.0648, 27.5597 ], [ 85.0635, 27.5568 ], [ 85.0616, 27.5564 ], [ 85.0605, 27.5544 ], [ 85.0617, 27.5545 ], [ 85.0582, 27.5533 ], [ 85.06, 27.5532 ], [ 85.0575, 27.5533 ], [ 85.0585, 27.5524 ], [ 85.0574, 27.5527 ], [ 85.0584, 27.5519 ], [ 85.0571, 27.5507 ], [ 85.0562, 27.5541 ], [ 85.0551, 27.5503 ], [ 85.0563, 27.5489 ], [ 85.0568, 27.5472 ], [ 85.0566, 27.5465 ], [ 85.055, 27.5497 ], [ 85.0482, 27.5507 ], [ 85.0475, 27.5497 ], [ 85.0479, 27.5509 ], [ 85.0491, 27.5509 ], [ 85.0491, 27.5514 ], [ 85.0477, 27.5512 ], [ 85.0462, 27.5499 ], [ 85.0403, 27.5512 ], [ 85.0342, 27.55 ], [ 85.0304, 27.5512 ], [ 85.0277, 27.551 ], [ 85.0294, 27.55 ], [ 85.0286, 27.5454 ], [ 85.0306, 27.5455 ], [ 85.0285, 27.5442 ], [ 85.0316, 27.5407 ], [ 85.0296, 27.5389 ], [ 85.0345, 27.5384 ], [ 85.0339, 27.5377 ], [ 85.0358, 27.5368 ], [ 85.0359, 27.5341 ], [ 85.0368, 27.5348 ], [ 85.0356, 27.5385 ], [ 85.0333, 27.5398 ], [ 85.0344, 27.542 ], [ 85.0353, 27.5404 ], [ 85.0374, 27.54 ], [ 85.0395, 27.5352 ], [ 85.0402, 27.5361 ], [ 85.0403, 27.5335 ], [ 85.043, 27.5322 ], [ 85.0417, 27.5332 ], [ 85.0421, 27.5355 ], [ 85.0447, 27.5336 ], [ 85.0458, 27.5343 ], [ 85.0451, 27.5322 ], [ 85.0464, 27.5335 ], [ 85.0436, 27.5302 ], [ 85.0448, 27.53 ], [ 85.0462, 27.5267 ], [ 85.044, 27.5244 ], [ 85.042, 27.5244 ], [ 85.0446, 27.5233 ], [ 85.049, 27.5247 ], [ 85.047, 27.5199 ], [ 85.0495, 27.5174 ], [ 85.0487, 27.5153 ], [ 85.0499, 27.5123 ], [ 85.0478, 27.5143 ], [ 85.0487, 27.5113 ], [ 85.0524, 27.5088 ], [ 85.0487, 27.5084 ], [ 85.0473, 27.503 ], [ 85.0433, 27.5018 ], [ 85.0436, 27.4986 ], [ 85.0454, 27.4974 ], [ 85.0437, 27.4941 ], [ 85.0463, 27.4946 ], [ 85.0456, 27.4929 ], [ 85.0489, 27.4905 ], [ 85.045, 27.4877 ], [ 85.0458, 27.4843 ], [ 85.0433, 27.4812 ], [ 85.042, 27.4763 ], [ 85.0422, 27.4679 ], [ 85.0442, 27.4649 ], [ 85.0411, 27.461 ], [ 85.0436, 27.4573 ], [ 85.0376, 27.4485 ], [ 85.0351, 27.4411 ], [ 85.035, 27.4356 ], [ 85.0329, 27.4339 ], [ 85.0319, 27.431 ], [ 85.0424, 27.4274 ], [ 85.0457, 27.4178 ], [ 85.0516, 27.4097 ], [ 85.0721, 27.4045 ] ] } },
{ "type": "Feature", "properties": { "cls": "primary" }, "geometry": { "type": "LineString", "coordinates": [ [ 85.0721, 27.4045 ], [ 85.0721, 27.3939 ], [ 85.0759, 27.3873 ], [ 85.0769, 27.383 ], [ 85.0835, 27.3791 ], [ 85.1294, 27.3741 ], [ 85.1341, 27.3756 ], [ 85.1521, 27.367 ], [ 85.1709, 27.3649 ], [ 85.17, 27.3635 ], [ 85.1744, 27.3575 ], [ 85.1734, 27.3551 ], [ 85.1749, 27.3532 ], [ 85.1792, 27.3536 ], [ 85.1791, 27.3518 ], [ 85.1898, 27.3493 ], [ 85.1867, 27.3445 ], [ 85.1927, 27.3366 ], [ 85.1999, 27.3353 ], [ 85.2082, 27.3304 ], [ 85.2116, 27.3329 ], [ 85.2132, 27.3359 ], [ 85.217, 27.3383 ], [ 85.2203, 27.3435 ], [ 85.2305, 27.3469 ], [ 85.2323, 27.3498 ], [ 85.2367, 27.3521 ], [ 85.2387, 27.3555 ] ] } },
{ "type": "Feature", "properties": { "cls": "primary" }, "geometry": { "type": "LineString", "coordinates": [ [ 85.0721, 27.4045 ], [ 85.0794, 27.4035 ], [ 85.091, 27.3996 ], [ 85.0983, 27.4011 ], [ 85.1022, 27.399 ], [ 85.1014, 27.3972 ], [ 85.1048, 27.397 ], [ 85.1087, 27.3995 ], [ 85.1081, 27.4016 ], [ 85.1116, 27.4037 ], [ 85.1196, 27.4033 ], [ 85.1304, 27.4005 ], [ 85.1368, 27.4022 ], [ 85.1401, 27.4061 ], [ 85.1399, 27.4089 ], [ 85.1428, 27.4104 ], [ 85.1426, 27.4092 ], [ 85.1449, 27.4099 ], [ 85.1478, 27.4087 ], [ 85.1549, 27.4141 ], [ 85.1542, 27.4174 ], [ 85.1576, 27.4166 ], [ 85.1609, 27.4188 ], [ 85.1643, 27.4191 ], [ 85.1614, 27.4212 ], [ 85.1682, 27.4226 ], [ 85.168, 27.4243 ], [ 85.176, 27.4253 ], [ 85.176, 27.4274 ], [ 85.1778, 27.4275 ], [ 85.1778, 27.4291 ], [ 85.1793, 27.4286 ], [ 85.1807, 27.4304 ], [ 85.1819, 27.4277 ], [ 85.1843, 27.4288 ], [ 85.1867, 27.4268 ], [ 85.1889, 27.4287 ], [ 85.1889, 27.431 ], [ 85.1915, 27.4319 ], [ 85.1932, 27.4304 ], [ 85.1955, 27.4316 ], [ 85.1965, 27.4299 ], [ 85.1981, 27.4299 ], [ 85.1986, 27.4281 ], [ 85.2029, 27.428 ], [ 85.2031, 27.4268 ], [ 85.2047, 27.4267 ], [ 85.2032, 27.4248 ], [ 85.2044, 27.4234 ], [ 85.2031, 27.4207 ], [ 85.205, 27.4159 ], [ 85.2047, 27.4215 ], [ 85.2067, 27.4224 ], [ 85.2065, 27.4252 ], [ 85.2113, 27.4293 ], [ 85.2101, 27.4259 ], [ 85.2104, 27.4219 ], [ 85.2111, 27.4215 ], [ 85.2123, 27.4272 ], [ 85.2162, 27.429 ], [ 85.219, 27.4286 ], [ 85.218, 27.4324 ], [ 85.2207, 27.4318 ], [ 85.2209, 27.4338 ], [ 85.2229, 27.4337 ], [ 85.2261, 27.4309 ], [ 85.2285, 27.4316 ], [ 85.2261, 27.4273 ], [ 85.2285, 27.428 ], [ 85.2293, 27.4266 ], [ 85.2311, 27.428 ], [ 85.2326, 27.4256 ], [ 85.2353, 27.4263 ], [ 85.2353, 27.4292 ], [ 85.2375, 27.4303 ], [ 85.2365, 27.432 ], [ 85.2417, 27.4326 ], [ 85.2426, 27.431 ], [ 85.2451, 27.431 ], [ 85.247, 27.4348 ], [ 85.2459, 27.4364 ], [ 85.2472, 27.4415 ], [ 85.2466, 27.4429 ], [ 85.249, 27.4465 ], [ 85.2403, 27.4487 ], [ 85.2412, 27.4507 ], [ 85.2392, 27.4522 ], [ 85.2421, 27.4553 ], [ 85.2411, 27.4559 ], [ 85.2423, 27.4571 ], [ 85.2416, 27.4587 ], [ 85.2473, 27.4578 ], [ 85.2455, 27.4618 ], [ 85.2513, 27.4602 ], [ 85.2504, 27.464 ], [ 85.2515, 27.4665 ], [ 85.2536, 27.4678 ], [ 85.2504, 27.4688 ], [ 85.2478, 27.4731 ], [ 85.2445, 27.4722 ], [ 85.2445, 27.4747 ], [ 85.2458, 27.4756 ], [ 85.2453, 27.478 ], [ 85.2419, 27.4804 ], [ 85.2461, 27.4778 ], [ 85.2463, 27.4788 ], [ 85.2468, 27.4769 ], [ 85.2467, 27.4787 ], [ 85.2479, 27.4787 ], [ 85.2544, 27.4748 ], [ 85.2573, 27.4784 ], [ 85.2559, 27.4788 ], [ 85.254, 27.4767 ], [ 85.253, 27.4773 ], [ 85.2558, 27.4801 ], [ 85.2562, 27.4824 ], [ 85.2654, 27.4851 ], [ 85.2651, 27.4861 ], [ 85.2683, 27.4872 ], [ 85.2698, 27.4901 ], [ 85.2708, 27.4895 ], [ 85.2739, 27.4916 ], [ 85.2755, 27.4901 ], [ 85.2764, 27.493 ], [ 85.2783, 27.4946 ], [ 85.2738, 27.4974 ], [ 85.2753, 27.4983 ], [ 85.2744, 27.4998 ], [ 85.2755, 27.5025 ], [ 85.2782, 27.4995 ], [ 85.2814, 27.5025 ], [ 85.2832, 27.4994 ], [ 85.2862, 27.5032 ], [ 85.2878, 27.5007 ], [ 85.2907, 27.5018 ], [ 85.2907, 27.5052 ], [ 85.2918, 27.5061 ], [ 85.2947, 27.5053 ], [ 85.2973, 27.5026 ], [ 85.2999, 27.5016 ], [ 85.3008, 27.5026 ], [ 85.2976, 27.5093 ], [ 85.2954, 27.5101 ], [ 85.2941, 27.5123 ], [ 85.2923, 27.5122 ], [ 85.2911, 27.5147 ], [ 85.2878, 27.5156 ], [ 85.2871, 27.5177 ], [ 85.2901, 27.5201 ], [ 85.2856, 27.5259 ], [ 85.2859, 27.5273 ], [ 85.2894, 27.5259 ], [ 85.2941, 27.5223 ], [ 85.293, 27.527 ], [ 85.294, 27.5288 ], [ 85.292, 27.5308 ], [ 85.2957, 27.5316 ], [ 85.2947, 27.5336 ], [ 85.2962, 27.535 ], [ 85.2956, 27.5372 ], [ 85.2987, 27.5403 ], [ 85.2976, 27.5434 ], [ 85.2989, 27.5459 ], [ 85.2975, 27.547 ], [ 85.2988, 27.5481 ], [ 85.2969, 27.5511 ], [ 85.2971, 27.5533 ], [ 85.3029, 27.5521 ], [ 85.3, 27.5555 ], [ 85.3055, 27.5627 ], [ 85.3013, 27.5592 ], [ 85.3016, 27.5604 ], [ 85.3042, 27.5649 ], [ 85.3115, 27.57 ], [ 85.3106, 27.5711 ], [ 85.3124, 27.5755 ], [ 85.3153, 27.5749 ], [ 85.3119, 27.5788 ], [ 85.3129, 27.5844 ], [ 85.317, 27.5873 ], [ 85.3199, 27.5863 ], [ 85.3201, 27.5877 ], [ 85.3221, 27.5879 ], [ 85.3215, 27.5895 ], [ 85.324, 27.5987 ], [ 85.3232, 27.6023 ], [ 85.3248, 27.6066 ], [ 85.3216, 27.6081 ], [ 85.3194, 27.6138 ], [ 85.3193, 27.625 ], [ 85.3175, 27.6315 ], [ 85.3187, 27.6351 ], [ 85.3182, 27.6398 ], [ 85.3225, 27.6578 ] ] } },
{ "type": "Feature", "properties": { "cls": "primary" }, "geometry": { "type": "LineString", "coordinates": [ [ 85.1281, 27.8658 ], [ 85.1356, 27.8731 ], [ 85.142, 27.8765 ], [ 85.1432, 27.8794 ], [ 85.1478, 27.8833 ], [ 85.15, 27.8879 ], [ 85.1504, 27.8926 ], [ 85.1472, 27.8942 ], [ 85.1459, 27.905 ], [ 85.1445, 27.9073 ], [ 85.1454, 27.9086 ], [ 85.1442, 27.909 ], [ 85.1444, 27.9109 ], [ 85.1415, 27.916 ], [ 85.1459, 27.9197 ], [ 85.1507, 27.9209 ], [ 85.1537, 27.9235 ], [ 85.1521, 27.9289 ], [ 85.156, 27.9311 ], [ 85.1579, 27.9342 ], [ 85.1578, 27.9374 ], [ 85.1642, 27.9487 ], [ 85.1641, 27.9533 ], [ 85.1653, 27.9554 ], [ 85.1801, 27.9685 ], [ 85.1843, 27.9694 ], [ 85.1859, 27.9739 ] ] } },
{ "type": "Feature", "properties": { "cls": "primary" }, "geometry": { "type": "LineString", "coordinates": [ [ 85.2466, 27.8155 ], [ 85.2439, 27.8187 ], [ 85.2437, 27.8271 ], [ 85.2403, 27.8324 ], [ 85.2352, 27.8303 ], [ 85.2363, 27.8287 ], [ 85.235, 27.8259 ], [ 85.2324, 27.8258 ], [ 85.2316, 27.819 ], [ 85.2274, 27.8169 ], [ 85.2239, 27.8211 ], [ 85.2226, 27.8145 ], [ 85.2193, 27.8146 ], [ 85.2178, 27.8116 ], [ 85.2154, 27.813 ], [ 85.214, 27.8123 ], [ 85.2112, 27.8144 ], [ 85.2138, 27.8172 ], [ 85.2114, 27.8171 ], [ 85.2118, 27.8198 ], [ 85.209, 27.8205 ], [ 85.2106, 27.8238 ], [ 85.2089, 27.8257 ], [ 85.2096, 27.8296 ], [ 85.2085, 27.8294 ], [ 85.2081, 27.8315 ], [ 85.2055, 27.8302 ], [ 85.2018, 27.8314 ], [ 85.2005, 27.8377 ], [ 85.2013, 27.8387 ], [ 85.1998, 27.8394 ], [ 85.1957, 27.8382 ], [ 85.1958, 27.8434 ], [ 85.1933, 27.8454 ], [ 85.1916, 27.8423 ], [ 85.193, 27.8336 ], [ 85.1914, 27.832 ], [ 85.182, 27.8371 ], [ 85.1803, 27.8346 ], [ 85.1807, 27.8299 ], [ 85.1793, 27.8301 ], [ 85.1784, 27.828 ], [ 85.1753, 27.8283 ], [ 85.175, 27.8306 ], [ 85.1689, 27.8287 ], [ 85.1727, 27.8355 ], [ 85.1719, 27.8376 ], [ 85.1673, 27.8391 ], [ 85.1665, 27.8432 ], [ 85.1653, 27.8437 ], [ 85.1618, 27.8402 ], [ 85.162, 27.8373 ], [ 85.1575, 27.8346 ], [ 85.1562, 27.83 ], [ 85.1533, 27.8349 ], [ 85.1529, 27.8407 ], [ 85.1492, 27.8383 ], [ 85.1506, 27.8407 ], [ 85.1498, 27.8436 ], [ 85.156, 27.8496 ], [ 85.1542, 27.8534 ], [ 85.1557, 27.8549 ], [ 85.1547, 27.8578 ], [ 85.1575, 27.8599 ], [ 85.1542, 27.8611 ], [ 85.1555, 27.8633 ], [ 85.1505, 27.865 ], [ 85.1487, 27.8632 ], [ 85.1476, 27.8676 ], [ 85.1441, 27.8646 ], [ 85.1403, 27.865 ], [ 85.1365, 27.863 ], [ 85.1352, 27.86 ], [ 85.1228, 27.8601 ], [ 85.1281, 27.8658 ] ] } },
{ "type": "Feature", "properties": { "cls": "primary" }, "geometry": { "type": "LineString", "coordinates": [ [ 85.1841, 27.9749 ], [ 85.1824, 27.981 ], [ 85.1837, 27.9839 ], [ 85.1849, 27.9838 ], [ 85.1864, 27.9804 ], [ 85.1857, 27.9795 ], [ 85.1874, 27.9785 ], [ 85.1862, 27.9796 ], [ 85.1877, 27.9803 ], [ 85.1877, 27.983 ], [ 85.1895, 27.983 ], [ 85.1882, 27.9828 ], [ 85.1888, 27.9812 ], [ 85.1915, 27.9828 ], [ 85.1936, 27.9821 ], [ 85.1943, 27.9821 ], [ 85.1918, 27.9834 ], [ 85.1908, 27.9858 ], [ 85.191, 27.9873 ], [ 85.1928, 27.9847 ], [ 85.1959, 27.9842 ], [ 85.1965, 27.983 ], [ 85.198, 27.9843 ], [ 85.2024, 27.983 ], [ 85.201, 27.9838 ], [ 85.2047, 27.9835 ], [ 85.2099, 27.9854 ], [ 85.2046, 27.986 ], [ 85.2083, 27.9867 ], [ 85.2064, 27.9877 ], [ 85.2033, 27.987 ], [ 85.1979, 27.9901 ], [ 85.1978, 27.9955 ], [ 85.2002, 27.9934 ], [ 85.2005, 27.9913 ], [ 85.2011, 27.9909 ], [ 85.2007, 27.9958 ], [ 85.1995, 27.9966 ], [ 85.2013, 27.9961 ], [ 85.2032, 27.9926 ], [ 85.2067, 27.9961 ], [ 85.2048, 27.995 ], [ 85.2038, 27.9963 ], [ 85.2079, 27.9978 ], [ 85.2076, 27.9996 ], [ 85.209, 28.001 ], [ 85.2132, 28.002 ], [ 85.2098, 28.002 ], [ 85.2111, 28.0082 ], [ 85.2103, 28.0111 ], [ 85.2081, 28.0131 ], [ 85.2113, 28.012 ], [ 85.214, 28.0077 ], [ 85.2141, 28.0088 ], [ 85.2149, 28.0077 ], [ 85.2173, 28.008 ], [ 85.2154, 28.0086 ], [ 85.2148, 28.0122 ], [ 85.2114, 28.0162 ], [ 85.2124, 28.0174 ], [ 85.2141, 28.0166 ], [ 85.2179, 28.0176 ], [ 85.218, 28.0196 ], [ 85.2224, 28.0231 ], [ 85.2235, 28.0253 ], [ 85.2228, 28.0282 ], [ 85.2176, 28.0337 ], [ 85.2217, 28.0451 ], [ 85.228, 28.0483 ], [ 85.2294, 28.053 ], [ 85.2279, 28.0563 ], [ 85.228, 28.0611 ], [ 85.2236, 28.0661 ], [ 85.2268, 28.0686 ], [ 85.2298, 28.0681 ], [ 85.2333, 28.0707 ], [ 85.2418, 28.0728 ], [ 85.2437, 28.078 ], [ 85.2478, 28.0788 ], [ 85.2532, 28.0765 ], [ 85.2551, 28.0768 ], [ 85.2603, 28.0805 ], [ 85.2601, 28.0825 ], [ 85.2635, 28.0821 ], [ 85.2662, 28.0842 ], [ 85.2748, 28.087 ], [ 85.2767, 28.0889 ], [ 85.276, 28.091 ], [ 85.277, 28.0933 ], [ 85.2876, 28.1027 ], [ 85.2869, 28.1072 ], [ 85.295, 28.1133 ], [ 85.3005, 28.1102 ], [ 85.2984, 28.113 ], [ 85.3046, 28.1093 ], [ 85.3106, 28.1078 ], [ 85.3084, 28.1096 ], [ 85.3109, 28.1091 ], [ 85.3122, 28.1074 ], [ 85.3126, 28.1092 ], [ 85.3098, 28.1138 ], [ 85.3097, 28.1183 ], [ 85.3058, 28.1266 ], [ 85.3158, 28.1309 ], [ 85.3145, 28.1364 ], [ 85.3161, 28.1398 ], [ 85.3176, 28.1412 ], [ 85.3205, 28.1394 ], [ 85.3235, 28.1419 ], [ 85.3243, 28.143 ], [ 85.3219, 28.1418 ], [ 85.3237, 28.1433 ], [ 85.3224, 28.1426 ], [ 85.3219, 28.1425 ], [ 85.3227, 28.1443 ], [ 85.3208, 28.1435 ], [ 85.3228, 28.1452 ], [ 85.3231, 28.1463 ], [ 85.3224, 28.1454 ], [ 85.3201, 28.1453 ], [ 85.3219, 28.1458 ], [ 85.3231, 28.149 ], [ 85.3256, 28.1497 ], [ 85.3299, 28.1548 ] ] } },
{ "type": "Feature", "properties": { "cls": "primary" }, "geometry": { "type": "LineString", "coordinates": [ [ 85.2391, 27.3572 ], [ 85.2438, 27.3609 ], [ 85.2482, 27.3622 ], [ 85.2638, 27.3603 ], [ 85.2688, 27.3611 ], [ 85.2835, 27.3534 ], [ 85.2865, 27.3542 ], [ 85.2875, 27.3557 ], [ 85.2894, 27.3506 ], [ 85.2945, 27.3475 ], [ 85.3111, 27.3435 ], [ 85.3186, 27.3456 ], [ 85.3274, 27.3411 ], [ 85.3325, 27.34 ], [ 85.3385, 27.3408 ], [ 85.3471, 27.3447 ], [ 85.359, 27.3468 ], [ 85.364, 27.3454 ], [ 85.3672, 27.3473 ], [ 85.3732, 27.3432 ], [ 85.381, 27.342 ], [ 85.3915, 27.3377 ], [ 85.3941, 27.3301 ], [ 85.405, 27.3232 ], [ 85.4121, 27.3205 ], [ 85.4137, 27.3174 ], [ 85.4154, 27.3042 ], [ 85.4185, 27.3031 ], [ 85.4229, 27.2991 ], [ 85.4242, 27.2958 ], [ 85.4379, 27.2962 ], [ 85.4419, 27.3015 ] ] } },
{ "type": "Feature", "properties": { "cls": "primary" }, "geometry": { "type": "LineString", "coordinates": [ [ 85.2466, 27.8155 ], [ 85.2503, 27.8124 ], [ 85.2538, 27.8127 ], [ 85.2536, 27.8144 ], [ 85.257, 27.8154 ], [ 85.2577, 27.8145 ], [ 85.2618, 27.8151 ], [ 85.2619, 27.8137 ], [ 85.2673, 27.8145 ], [ 85.2698, 27.8124 ], [ 85.2745, 27.8127 ], [ 85.2769, 27.8107 ] ] } },
{ "type": "Feature", "properties": { "cls": "primary" }, "geometry": { "type": "LineString", "coordinates": [ [ 85.3018, 27.7367 ], [ 85.2934, 27.7463 ], [ 85.2888, 27.7479 ], [ 85.2813, 27.753 ], [ 85.2789, 27.7526 ], [ 85.2702, 27.7585 ], [ 85.2692, 27.7644 ], [ 85.2718, 27.7648 ], [ 85.2709, 27.7671 ], [ 85.2693, 27.7662 ], [ 85.268, 27.7672 ], [ 85.2703, 27.7693 ], [ 85.2685, 27.7722 ], [ 85.2716, 27.7703 ], [ 85.2718, 27.7737 ], [ 85.2782, 27.7768 ], [ 85.2734, 27.7817 ], [ 85.2747, 27.7849 ], [ 85.2766, 27.7857 ], [ 85.2769, 27.7906 ], [ 85.2785, 27.7932 ], [ 85.2757, 27.7933 ], [ 85.2718, 27.7912 ], [ 85.2653, 27.7908 ], [ 85.2692, 27.795 ], [ 85.2697, 27.7984 ], [ 85.2748, 27.8024 ], [ 85.274, 27.8035 ], [ 85.2748, 27.8058 ], [ 85.2634, 27.8061 ], [ 85.2584, 27.8098 ], [ 85.2511, 27.8112 ], [ 85.2466, 27.8155 ] ] } },
{ "type": "Feature", "properties": { "cls": "primary" }, "geometry": { "type": "LineString", "coordinates": [ [ 85.3225, 27.6578 ], [ 85.3137, 27.6649 ], [ 85.3077, 27.6669 ], [ 85.3036, 27.6721 ], [ 85.3019, 27.6751 ], [ 85.3019, 27.684 ], [ 85.2936, 27.6852 ], [ 85.2901, 27.6876 ], [ 85.2847, 27.6886 ], [ 85.2817, 27.6928 ], [ 85.2814, 27.6969 ], [ 85.282, 27.6927 ], [ 85.2847, 27.6889 ], [ 85.2904, 27.6878 ], [ 85.2937, 27.6855 ], [ 85.2982, 27.6849 ] ] } },
{ "type": "Feature", "properties": { "cls": "primary" }, "geometry": { "type": "LineString", "coordinates": [ [ 85.2982, 27.6849 ], [ 85.3024, 27.6838 ], [ 85.3022, 27.6747 ], [ 85.3063, 27.669 ] ] } },
{ "type": "Feature", "properties": { "cls": "primary" }, "geometry": { "type": "LineString", "coordinates": [ [ 85.3289, 27.733 ], [ 85.3249, 27.7297 ], [ 85.3221, 27.7241 ], [ 85.3161, 27.7171 ] ] } },
{ "type": "Feature", "properties": { "cls": "primary" }, "geometry": { "type": "LineString", "coordinates": [ [ 85.3246, 27.6588 ], [ 85.3329, 27.6675 ], [ 85.3493, 27.6787 ] ] } },
{ "type": "Feature", "properties": { "cls": "primary" }, "geometry": { "type": "LineString", "coordinates": [ [ 85.3491, 27.6784 ], [ 85.3399, 27.6711 ], [ 85.3329, 27.6672 ], [ 85.3248, 27.6586 ] ] } },
{ "type": "Feature", "properties": { "cls": "primary" }, "geometry": { "type": "LineString", "coordinates": [ [ 85.3297, 27.6321 ], [ 85.3279, 27.642 ], [ 85.3254, 27.6469 ], [ 85.3262, 27.6571 ] ] } },
{ "type": "Feature", "properties": { "cls": "primary" }, "geometry": { "type": "LineString", "coordinates": [ [ 85.3405, 27.6378 ], [ 85.3366, 27.6474 ], [ 85.3304, 27.651 ], [ 85.3305, 27.6524 ], [ 85.3262, 27.6571 ] ] } },
{ "type": "Feature", "properties": { "cls": "primary" }, "geometry": { "type": "LineString", "coordinates": [ [ 85.3289, 27.733 ], [ 85.329, 27.7312 ], [ 85.3309, 27.7296 ], [ 85.3316, 27.7208 ], [ 85.3294, 27.7144 ], [ 85.3262, 27.7151 ] ] } },
{ "type": "Feature", "properties": { "cls": "primary" }, "geometry": { "type": "LineString", "coordinates": [ [ 85.3912, 27.7216 ], [ 85.3887, 27.7227 ], [ 85.3733, 27.7219 ], [ 85.3513, 27.7194 ], [ 85.3469, 27.7172 ] ] } },
{ "type": "Feature", "properties": { "cls": "primary" }, "geometry": { "type": "LineString", "coordinates": [ [ 85.3528, 27.6752 ], [ 85.3569, 27.6849 ], [ 85.3604, 27.6891 ], [ 85.3692, 27.6831 ], [ 85.3723, 27.6826 ] ] } },
{ "type": "Feature", "properties": { "cls": "primary" }, "geometry": { "type": "LineString", "coordinates": [ [ 85.3723, 27.6826 ], [ 85.3729, 27.6873 ], [ 85.3743, 27.688 ], [ 85.376, 27.6873 ], [ 85.384, 27.6902 ], [ 85.3897, 27.6895 ] ] } },
{ "type": "Feature", "properties": { "cls": "primary" }, "geometry": { "type": "LineString", "coordinates": [ [ 85.4093, 27.6752 ], [ 85.4071, 27.6781 ], [ 85.3873, 27.6831 ] ] } },
{ "type": "Feature", "properties": { "cls": "primary" }, "geometry": { "type": "LineString", "coordinates": [ [ 85.3912, 27.7216 ], [ 85.39, 27.7195 ], [ 85.3934, 27.7144 ], [ 85.3944, 27.7063 ], [ 85.392, 27.6926 ], [ 85.3897, 27.6895 ] ] } },
{ "type": "Feature", "properties": { "cls": "primary" }, "geometry": { "type": "LineString", "coordinates": [ [ 85.3912, 27.7216 ], [ 85.3937, 27.719 ], [ 85.406, 27.7274 ], [ 85.4218, 27.7262 ], [ 85.4241, 27.7283 ], [ 85.4357, 27.7303 ], [ 85.44, 27.7286 ], [ 85.4449, 27.7294 ], [ 85.4501, 27.7283 ] ] } },
{ "type": "Feature", "properties": { "cls": "primary" }, "geometry": { "type": "LineString", "coordinates": [ [ 85.4383, 27.6734 ], [ 85.4453, 27.6749 ], [ 85.4621, 27.6708 ], [ 85.4641, 27.6691 ], [ 85.4688, 27.6697 ], [ 85.4781, 27.6664 ], [ 85.4802, 27.6678 ], [ 85.4813, 27.6656 ], [ 85.4865, 27.6659 ], [ 85.489, 27.6648 ], [ 85.4876, 27.6641 ], [ 85.4874, 27.6637 ], [ 85.4905, 27.664 ], [ 85.4973, 27.6578 ], [ 85.5021, 27.6569 ], [ 85.5087, 27.6533 ], [ 85.514, 27.6446 ], [ 85.5144, 27.6416 ], [ 85.5166, 27.6398 ], [ 85.5167, 27.6356 ], [ 85.5184, 27.6339 ], [ 85.5187, 27.6312 ] ] } },
{ "type": "Feature", "properties": { "cls": "primary" }, "geometry": { "type": "LineString", "coordinates": [ [ 85.6261, 27.2768 ], [ 85.6176, 27.2712 ], [ 85.611, 27.271 ], [ 85.6021, 27.2739 ], [ 85.6008, 27.2756 ], [ 85.5883, 27.2721 ], [ 85.5797, 27.2664 ], [ 85.5719, 27.2658 ], [ 85.5629, 27.2759 ], [ 85.5552, 27.2749 ], [ 85.5472, 27.2703 ], [ 85.5476, 27.2674 ], [ 85.5443, 27.2653 ], [ 85.5348, 27.25 ], [ 85.5275, 27.2475 ], [ 85.5225, 27.248 ], [ 85.5202, 27.2438 ], [ 85.5146, 27.2417 ], [ 85.5119, 27.2391 ], [ 85.5099, 27.2392 ], [ 85.5109, 27.2378 ], [ 85.5058, 27.2317 ], [ 85.5025, 27.2308 ], [ 85.4951, 27.2346 ], [ 85.4933, 27.2424 ], [ 85.4964, 27.2477 ], [ 85.4929, 27.2577 ], [ 85.4901, 27.2602 ], [ 85.4855, 27.2705 ], [ 85.4823, 27.2731 ], [ 85.4805, 27.279 ], [ 85.4662, 27.2848 ], [ 85.4606, 27.2902 ], [ 85.4422, 27.3015 ] ] } },
{ "type": "Feature", "properties": { "cls": "primary" }, "geometry": { "type": "LineString", "coordinates": [ [ 85.524, 27.6301 ], [ 85.5228, 27.6272 ], [ 85.5242, 27.6217 ], [ 85.5302, 27.6138 ], [ 85.5308, 27.6076 ], [ 85.5291, 27.6021 ], [ 85.5169, 27.5927 ], [ 85.5167, 27.5902 ], [ 85.5134, 27.5868 ] ] } },
{ "type": "Feature", "properties": { "cls": "primary" }, "geometry": { "type": "LineString", "coordinates": [ [ 85.5596, 26.8625 ], [ 85.558, 26.8645 ], [ 85.5574, 26.881 ], [ 85.559, 26.8937 ], [ 85.5555, 26.9044 ], [ 85.5555, 26.9296 ], [ 85.553, 26.9382 ], [ 85.5549, 26.9465 ], [ 85.5557, 26.9657 ], [ 85.5673, 27.0096 ], [ 85.5717, 27.0222 ], [ 85.5772, 27.0296 ], [ 85.5792, 27.0345 ], [ 85.584, 27.0611 ], [ 85.5884, 27.0678 ] ] } },
{ "type": "Feature", "properties": { "cls": "primary" }, "geometry": { "type": "LineString", "coordinates": [ [ 85.5663, 26.8603 ], [ 85.5792, 26.8718 ], [ 85.5919, 26.8719 ], [ 85.6114, 26.8694 ], [ 85.6266, 26.8775 ], [ 85.6367, 26.8764 ], [ 85.6385, 26.8758 ], [ 85.6374, 26.8735 ], [ 85.6634, 26.8611 ], [ 85.6738, 26.8525 ], [ 85.6902, 26.8466 ], [ 85.7168, 26.8334 ], [ 85.7288, 26.8227 ], [ 85.7421, 26.8037 ], [ 85.7435, 26.7743 ], [ 85.7475, 26.7578 ], [ 85.7476, 26.7517 ], [ 85.7455, 26.7419 ], [ 85.748, 26.7365 ], [ 85.7472, 26.7249 ], [ 85.7607, 26.7016 ], [ 85.7606, 26.699 ], [ 85.7664, 26.6923 ], [ 85.7724, 26.6812 ], [ 85.7779, 26.6766 ], [ 85.7784, 26.6738 ], [ 85.7859, 26.6689 ], [ 85.794, 26.654 ], [ 85.7975, 26.6523 ], [ 85.7972, 26.6508 ], [ 85.8027, 26.6463 ] ] } },
{ "type": "Feature", "properties": { "cls": "primary" }, "geometry": { "type": "LineString", "coordinates": [ [ 85.5899, 27.5852 ], [ 85.5881, 27.5853 ], [ 85.5862, 27.589 ], [ 85.582, 27.5878 ], [ 85.5752, 27.5884 ], [ 85.5747, 27.5915 ], [ 85.5734, 27.592 ], [ 85.5756, 27.5946 ], [ 85.5758, 27.5969 ], [ 85.5741, 27.597 ], [ 85.5737, 27.5978 ], [ 85.5749, 27.5973 ], [ 85.5765, 27.5999 ] ] } },
{ "type": "Feature", "properties": { "cls": "primary" }, "geometry": { "type": "LineString", "coordinates": [ [ 85.6417, 27.5618 ], [ 85.641, 27.5609 ], [ 85.6386, 27.5633 ], [ 85.6366, 27.561 ], [ 85.6355, 27.5627 ], [ 85.6312, 27.5629 ], [ 85.6347, 27.5687 ], [ 85.6324, 27.5771 ], [ 85.633, 27.582 ], [ 85.6289, 27.5854 ], [ 85.6212, 27.5873 ], [ 85.617, 27.5869 ], [ 85.6137, 27.5826 ], [ 85.6138, 27.5836 ], [ 85.6122, 27.5823 ], [ 85.6125, 27.583 ], [ 85.6117, 27.5834 ], [ 85.6075, 27.5804 ], [ 85.6049, 27.5826 ], [ 85.6009, 27.5832 ] ] } },
{ "type": "Feature", "properties": { "cls": "primary" }, "geometry": { "type": "LineString", "coordinates": [ [ 85.9123, 27.2104 ], [ 85.9109, 27.212 ], [ 85.9112, 27.2178 ], [ 85.9084, 27.2201 ], [ 85.906, 27.2266 ], [ 85.8983, 27.2318 ], [ 85.8942, 27.2385 ], [ 85.8901, 27.2419 ], [ 85.8884, 27.2478 ], [ 85.8891, 27.2493 ], [ 85.8861, 27.2509 ], [ 85.8898, 27.2528 ], [ 85.8851, 27.2535 ], [ 85.8844, 27.2545 ], [ 85.8865, 27.2563 ], [ 85.8833, 27.2563 ], [ 85.8821, 27.2592 ], [ 85.8781, 27.2598 ], [ 85.8785, 27.261 ], [ 85.8761, 27.261 ], [ 85.8727, 27.2642 ], [ 85.8682, 27.2614 ], [ 85.8655, 27.2574 ], [ 85.8609, 27.2564 ], [ 85.8514, 27.2566 ], [ 85.8448, 27.2593 ], [ 85.837, 27.2556 ], [ 85.8304, 27.2573 ], [ 85.8279, 27.2557 ], [ 85.819, 27.2555 ], [ 85.8149, 27.2568 ], [ 85.8144, 27.2586 ], [ 85.8119, 27.2565 ], [ 85.8088, 27.2589 ], [ 85.8046, 27.2582 ], [ 85.8049, 27.2594 ], [ 85.7939, 27.2563 ], [ 85.7925, 27.2597 ], [ 85.7896, 27.2593 ], [ 85.7874, 27.257 ], [ 85.7841, 27.2588 ], [ 85.7689, 27.2618 ], [ 85.7601, 27.2614 ], [ 85.7535, 27.2627 ], [ 85.7475, 27.2619 ], [ 85.7355, 27.2648 ], [ 85.732, 27.2643 ], [ 85.7194, 27.2665 ], [ 85.7109, 27.2659 ], [ 85.696, 27.2723 ], [ 85.6825, 27.2694 ], [ 85.6694, 27.2753 ], [ 85.6578, 27.2765 ], [ 85.6566, 27.2785 ], [ 85.6573, 27.2796 ], [ 85.655, 27.2808 ], [ 85.6417, 27.2761 ], [ 85.6297, 27.2771 ] ] } },
{ "type": "Feature", "properties": { "cls": "primary" }, "geometry": { "type": "LineString", "coordinates": [ [ 85.6962, 27.5442 ], [ 85.6889, 27.5467 ], [ 85.6832, 27.5461 ], [ 85.6838, 27.5473 ], [ 85.6813, 27.5462 ], [ 85.6733, 27.5514 ], [ 85.6731, 27.553 ], [ 85.6686, 27.5555 ], [ 85.6659, 27.5592 ], [ 85.6553, 27.5631 ], [ 85.6496, 27.5628 ], [ 85.6471, 27.561 ], [ 85.6451, 27.5626 ], [ 85.6416, 27.5618 ] ] } },
{ "type": "Feature", "properties": { "cls": "primary" }, "geometry": { "type": "LineString", "coordinates": [ [ 85.714, 27.7748 ], [ 85.7209, 27.7714 ], [ 85.7254, 27.771 ], [ 85.7232, 27.7703 ], [ 85.7232, 27.7692 ], [ 85.725, 27.7675 ], [ 85.7258, 27.7612 ], [ 85.7297, 27.7551 ], [ 85.733, 27.7514 ], [ 85.7406, 27.7525 ], [ 85.7426, 27.7502 ], [ 85.7478, 27.7488 ], [ 85.749, 27.7466 ], [ 85.7494, 27.7475 ], [ 85.7497, 27.7412 ], [ 85.747, 27.7358 ], [ 85.7421, 27.7309 ], [ 85.7389, 27.7283 ], [ 85.7336, 27.7281 ], [ 85.7313, 27.7257 ], [ 85.7311, 27.7222 ], [ 85.7296, 27.7237 ], [ 85.7305, 27.7211 ], [ 85.7289, 27.7179 ], [ 85.7215, 27.716 ], [ 85.7196, 27.7124 ], [ 85.717, 27.7123 ], [ 85.7157, 27.7105 ], [ 85.7148, 27.702 ], [ 85.7124, 27.6999 ], [ 85.7129, 27.6984 ], [ 85.7118, 27.6997 ], [ 85.7117, 27.6933 ], [ 85.7044, 27.6923 ], [ 85.7071, 27.6866 ], [ 85.7067, 27.6808 ], [ 85.7089, 27.678 ], [ 85.7086, 27.6755 ], [ 85.7118, 27.6728 ], [ 85.7116, 27.6709 ], [ 85.7086, 27.6701 ], [ 85.7087, 27.667 ], [ 85.7074, 27.6662 ], [ 85.7081, 27.6666 ], [ 85.7087, 27.6664 ], [ 85.7063, 27.6638 ], [ 85.7051, 27.6636 ], [ 85.7062, 27.6643 ], [ 85.706, 27.667 ], [ 85.7044, 27.6684 ], [ 85.7018, 27.6681 ], [ 85.7044, 27.6667 ], [ 85.7022, 27.6628 ], [ 85.7031, 27.6612 ], [ 85.7046, 27.6612 ], [ 85.7046, 27.6585 ], [ 85.7079, 27.6587 ], [ 85.7051, 27.6567 ] ] } },
{ "type": "Feature", "properties": { "cls": "primary" }, "geometry": { "type": "LineString", "coordinates": [ [ 85.828, 27.7536 ], [ 85.8332, 27.7534 ], [ 85.8369, 27.7511 ], [ 85.8296, 27.7508 ], [ 85.8342, 27.7499 ], [ 85.8294, 27.7494 ], [ 85.8288, 27.7483 ], [ 85.8297, 27.749 ], [ 85.8322, 27.7483 ], [ 85.83, 27.7483 ], [ 85.8313, 27.7476 ], [ 85.8292, 27.746 ], [ 85.8321, 27.7469 ], [ 85.8306, 27.746 ], [ 85.8335, 27.7467 ], [ 85.8311, 27.7456 ], [ 85.8385, 27.7452 ], [ 85.8315, 27.7436 ], [ 85.8288, 27.7398 ], [ 85.8268, 27.7392 ], [ 85.8197, 27.7401 ], [ 85.8216, 27.7365 ], [ 85.8335, 27.7297 ], [ 85.8359, 27.7267 ], [ 85.8375, 27.7274 ], [ 85.8431, 27.7222 ], [ 85.8429, 27.7243 ], [ 85.8437, 27.7229 ], [ 85.8461, 27.7232 ], [ 85.8509, 27.7198 ], [ 85.8533, 27.72 ], [ 85.8559, 27.722 ], [ 85.8586, 27.7216 ], [ 85.8667, 27.7159 ], [ 85.8744, 27.7139 ], [ 85.8829, 27.7076 ], [ 85.8832, 27.7094 ], [ 85.887, 27.7044 ], [ 85.8903, 27.7039 ], [ 85.8936, 27.6994 ], [ 85.8953, 27.6995 ], [ 85.9003, 27.6962 ], [ 85.9033, 27.6923 ], [ 85.9016, 27.6909 ], [ 85.9029, 27.6911 ], [ 85.9036, 27.6909 ], [ 85.8996, 27.6873 ], [ 85.9052, 27.683 ], [ 85.9089, 27.6841 ], [ 85.9047, 27.6855 ], [ 85.9063, 27.6886 ], [ 85.9063, 27.6865 ], [ 85.9165, 27.6872 ], [ 85.9206, 27.6834 ], [ 85.9316, 27.6848 ], [ 85.9342, 27.6821 ], [ 85.9365, 27.6856 ], [ 85.9382, 27.6862 ], [ 85.9393, 27.6936 ], [ 85.9396, 27.6984 ], [ 85.9375, 27.6998 ], [ 85.9365, 27.703 ], [ 85.9371, 27.7078 ], [ 85.9398, 27.7109 ], [ 85.9432, 27.7108 ], [ 85.9471, 27.7138 ], [ 85.9489, 27.7137 ], [ 85.949, 27.7153 ], [ 85.9516, 27.7154 ], [ 85.9533, 27.7177 ], [ 85.956, 27.7181 ], [ 85.9544, 27.7164 ], [ 85.9576, 27.7183 ], [ 85.9609, 27.714 ] ] } },
{ "type": "Feature", "properties": { "cls": "primary" }, "geometry": { "type": "LineString", "coordinates": [ [ 85.8451, 26.6096 ], [ 85.8435, 26.6023 ], [ 85.8363, 26.5898 ], [ 85.831, 26.5769 ], [ 85.8199, 26.5678 ], [ 85.8184, 26.5649 ], [ 85.8416, 26.5512 ], [ 85.8467, 26.5461 ] ] } },
{ "type": "Feature", "properties": { "cls": "primary" }, "geometry": { "type": "LineString", "coordinates": [ [ 85.901, 26.7114 ], [ 85.9013, 26.7064 ], [ 85.9044, 26.7042 ], [ 85.9132, 26.7023 ], [ 85.9203, 26.7033 ], [ 85.9257, 26.7018 ], [ 85.9303, 26.7024 ], [ 85.9281, 26.6927 ], [ 85.9233, 26.6801 ], [ 85.9246, 26.6708 ], [ 85.9227, 26.662 ], [ 85.9231, 26.6565 ], [ 85.9278, 26.6416 ], [ 85.9267, 26.6381 ], [ 85.9326, 26.6273 ], [ 85.9321, 26.6214 ], [ 85.9337, 26.6207 ], [ 85.9345, 26.6183 ], [ 85.9361, 26.6015 ] ] } },
{ "type": "Feature", "properties": { "cls": "primary" }, "geometry": { "type": "LineString", "coordinates": [ [ 85.917, 26.7236 ], [ 85.9192, 26.7244 ], [ 85.9252, 26.7221 ], [ 85.9324, 26.7215 ], [ 85.9338, 26.727 ], [ 85.9426, 26.7244 ], [ 85.952, 26.724 ], [ 85.9652, 26.7175 ], [ 85.9729, 26.7113 ], [ 85.9737, 26.7083 ], [ 85.9776, 26.7059 ], [ 85.9825, 26.705 ], [ 85.988, 26.7021 ], [ 85.9921, 26.7033 ], [ 86.0007, 26.702 ], [ 86.0049, 26.703 ], [ 86.019, 26.7001 ], [ 86.0236, 26.697 ], [ 86.0254, 26.6942 ], [ 86.0317, 26.6928 ], [ 86.0377, 26.6895 ], [ 86.043, 26.6892 ], [ 86.047, 26.691 ], [ 86.0671, 26.6876 ], [ 86.0825, 26.682 ], [ 86.0881, 26.6827 ], [ 86.0986, 26.6809 ], [ 86.119, 26.6799 ], [ 86.1286, 26.676 ], [ 86.145, 26.6741 ], [ 86.1623, 26.6694 ], [ 86.1742, 26.6627 ], [ 86.1904, 26.6584 ] ] } },
{ "type": "Feature", "properties": { "cls": "primary" }, "geometry": { "type": "LineString", "coordinates": [ [ 85.961, 27.714 ], [ 85.9642, 27.7098 ], [ 85.9631, 27.7072 ], [ 85.9643, 27.7062 ], [ 85.9619, 27.7075 ], [ 85.9651, 27.7047 ], [ 85.964, 27.702 ], [ 85.9649, 27.6991 ], [ 85.9688, 27.6971 ], [ 85.9662, 27.6924 ], [ 85.9664, 27.6899 ], [ 85.974, 27.6854 ], [ 85.9798, 27.6863 ], [ 85.9819, 27.6944 ], [ 85.9846, 27.6974 ], [ 85.9885, 27.6994 ], [ 85.988, 27.6986 ], [ 85.988, 27.698 ], [ 85.9899, 27.7007 ], [ 85.9988, 27.7069 ], [ 85.9991, 27.6956 ], [ 86.0031, 27.6891 ], [ 86.0052, 27.6827 ], [ 86.0124, 27.6823 ], [ 86.0159, 27.6795 ], [ 86.02, 27.6783 ], [ 86.0236, 27.6795 ], [ 86.0278, 27.6776 ], [ 86.0287, 27.6747 ], [ 86.0314, 27.6745 ], [ 86.0376, 27.6689 ], [ 86.0438, 27.6682 ], [ 86.0539, 27.6578 ], [ 86.0565, 27.6577 ], [ 86.0554, 27.6523 ], [ 86.0524, 27.6518 ], [ 86.0579, 27.6506 ], [ 86.059, 27.646 ], [ 86.0609, 27.6452 ], [ 86.0586, 27.6447 ], [ 86.0632, 27.6444 ], [ 86.0613, 27.6431 ], [ 86.0568, 27.6434 ], [ 86.0608, 27.6417 ], [ 86.0664, 27.6423 ], [ 86.0618, 27.6401 ], [ 86.0715, 27.6411 ], [ 86.0653, 27.6376 ], [ 86.0659, 27.6324 ], [ 86.0631, 27.6345 ], [ 86.0603, 27.6355 ], [ 86.0594, 27.6353 ], [ 86.0619, 27.634 ], [ 86.0624, 27.6306 ], [ 86.0678, 27.6262 ], [ 86.0678, 27.6245 ], [ 86.0701, 27.6236 ], [ 86.0687, 27.6253 ], [ 86.0696, 27.6276 ], [ 86.0712, 27.6285 ], [ 86.0701, 27.6273 ], [ 86.0726, 27.6213 ], [ 86.0745, 27.6267 ], [ 86.0752, 27.623 ], [ 86.0759, 27.6262 ], [ 86.0766, 27.6247 ], [ 86.077, 27.626 ], [ 86.0779, 27.6247 ], [ 86.0777, 27.6265 ], [ 86.081, 27.6309 ], [ 86.0786, 27.6183 ] ] } },
{ "type": "Feature", "properties": { "cls": "primary" }, "geometry": { "type": "LineString", "coordinates": [ [ 85.9637, 27.0983 ], [ 85.9863, 27.0862 ], [ 86.003, 27.0798 ], [ 86.0054, 27.0742 ], [ 86.0084, 27.0719 ], [ 86.0122, 27.0719 ], [ 86.0198, 27.0749 ], [ 86.0227, 27.0666 ], [ 86.0327, 27.0522 ], [ 86.0403, 27.048 ], [ 86.0432, 27.0427 ], [ 86.0564, 27.0401 ], [ 86.0653, 27.0339 ] ] } },
{ "type": "Feature", "properties": { "cls": "primary" }, "geometry": { "type": "LineString", "coordinates": [ [ 85.9983, 27.3231 ], [ 85.9985, 27.3249 ], [ 86.005, 27.3271 ], [ 86.015, 27.3221 ], [ 86.0182, 27.3174 ], [ 86.0203, 27.3164 ], [ 86.0209, 27.3085 ], [ 86.0248, 27.3078 ], [ 86.0256, 27.3055 ], [ 86.034, 27.3017 ], [ 86.038, 27.2981 ], [ 86.046, 27.2957 ], [ 86.0476, 27.2931 ], [ 86.0479, 27.289 ], [ 86.052, 27.2871 ], [ 86.0518, 27.2861 ], [ 86.0605, 27.2858 ], [ 86.0613, 27.2844 ], [ 86.0605, 27.2827 ], [ 86.0576, 27.2828 ], [ 86.0596, 27.2819 ], [ 86.0589, 27.2784 ], [ 86.0665, 27.2814 ], [ 86.073, 27.2805 ], [ 86.0726, 27.2775 ], [ 86.0743, 27.2792 ], [ 86.0779, 27.2747 ], [ 86.0818, 27.2742 ], [ 86.0934, 27.2663 ], [ 86.109, 27.2672 ], [ 86.1094, 27.2692 ], [ 86.1111, 27.2688 ], [ 86.1105, 27.2705 ], [ 86.1125, 27.2709 ], [ 86.125, 27.2637 ], [ 86.1245, 27.2617 ], [ 86.1262, 27.2628 ], [ 86.127, 27.262 ], [ 86.1271, 27.2596 ], [ 86.1327, 27.2484 ], [ 86.1338, 27.2494 ], [ 86.1391, 27.2479 ], [ 86.1404, 27.2469 ], [ 86.1401, 27.2454 ], [ 86.1414, 27.2461 ], [ 86.1438, 27.2452 ], [ 86.1442, 27.2431 ], [ 86.1483, 27.2407 ], [ 86.1524, 27.2416 ], [ 86.1553, 27.2496 ], [ 86.1578, 27.2517 ], [ 86.1704, 27.2517 ], [ 86.1831, 27.2477 ], [ 86.1859, 27.2485 ], [ 86.1874, 27.2514 ], [ 86.1967, 27.2519 ], [ 86.2042, 27.2495 ], [ 86.2209, 27.2376 ], [ 86.229, 27.2355 ], [ 86.2332, 27.236 ], [ 86.2334, 27.2377 ], [ 86.2421, 27.2425 ], [ 86.2441, 27.242 ], [ 86.2433, 27.2436 ], [ 86.2455, 27.2452 ], [ 86.2573, 27.2505 ], [ 86.2619, 27.2562 ], [ 86.2642, 27.2518 ], [ 86.2654, 27.2521 ], [ 86.2669, 27.2502 ], [ 86.2726, 27.2497 ], [ 86.2797, 27.2453 ], [ 86.2862, 27.2447 ], [ 86.2901, 27.2397 ], [ 86.2932, 27.2377 ], [ 86.3055, 27.2353 ], [ 86.3069, 27.233 ], [ 86.3135, 27.2303 ], [ 86.3216, 27.2305 ], [ 86.3264, 27.2285 ], [ 86.3311, 27.2296 ], [ 86.34, 27.2283 ], [ 86.3389, 27.2237 ], [ 86.3403, 27.2186 ], [ 86.3386, 27.2119 ], [ 86.339, 27.208 ], [ 86.3439, 27.2007 ], [ 86.357, 27.1996 ], [ 86.3707, 27.1899 ], [ 86.3793, 27.1876 ], [ 86.3824, 27.1817 ], [ 86.3873, 27.179 ], [ 86.3867, 27.1772 ], [ 86.3894, 27.1782 ], [ 86.3942, 27.1766 ], [ 86.3967, 27.1729 ] ] } },
{ "type": "Feature", "properties": { "cls": "primary" }, "geometry": { "type": "LineString", "coordinates": [ [ 86.1489, 27.0126 ], [ 86.137, 27.0152 ], [ 86.1291, 27.0196 ], [ 86.1202, 27.0225 ], [ 86.1119, 27.0227 ], [ 86.0934, 27.0267 ], [ 86.0783, 27.0285 ], [ 86.0666, 27.0325 ], [ 86.0653, 27.0339 ] ] } },
{ "type": "Feature", "properties": { "cls": "primary" }, "geometry": { "type": "LineString", "coordinates": [ [ 86.1512, 27.0215 ], [ 86.1436, 27.0266 ], [ 86.1399, 27.0311 ], [ 86.1314, 27.036 ], [ 86.1097, 27.0433 ], [ 86.1024, 27.0401 ], [ 86.0967, 27.0399 ], [ 86.0894, 27.0439 ], [ 86.0793, 27.0446 ], [ 86.07, 27.0345 ], [ 86.0653, 27.0339 ] ] } },
{ "type": "Feature", "properties": { "cls": "primary" }, "geometry": { "type": "LineString", "coordinates": [ [ 86.1474, 26.5963 ], [ 86.1496, 26.6007 ], [ 86.1617, 26.6037 ], [ 86.1681, 26.6077 ], [ 86.1678, 26.6149 ], [ 86.1706, 26.6171 ], [ 86.1877, 26.6191 ], [ 86.1896, 26.6243 ], [ 86.2017, 26.6375 ], [ 86.2078, 26.6403 ], [ 86.2149, 26.6527 ] ] } },
{ "type": "Feature", "properties": { "cls": "primary" }, "geometry": { "type": "LineString", "coordinates": [ [ 86.2879, 26.9411 ], [ 86.2847, 26.9413 ], [ 86.2832, 26.9429 ], [ 86.2861, 26.9458 ], [ 86.2871, 26.9492 ], [ 86.2834, 26.9604 ], [ 86.2851, 26.9644 ], [ 86.2657, 26.9663 ], [ 86.2628, 26.9654 ], [ 86.2618, 26.9638 ], [ 86.257, 26.9631 ], [ 86.2534, 26.9652 ], [ 86.2545, 26.9688 ], [ 86.2516, 26.9709 ], [ 86.2502, 26.9753 ], [ 86.2429, 26.9825 ], [ 86.2364, 26.9861 ], [ 86.2332, 26.9852 ], [ 86.2312, 26.9864 ], [ 86.225, 26.986 ], [ 86.2226, 26.9892 ], [ 86.1988, 26.9984 ], [ 86.1806, 27.0021 ], [ 86.1675, 27.0069 ], [ 86.1634, 27.0067 ], [ 86.161, 27.0091 ], [ 86.1555, 27.0093 ], [ 86.1489, 27.0126 ] ] } },
{ "type": "Feature", "properties": { "cls": "primary" }, "geometry": { "type": "LineString", "coordinates": [ [ 86.3692, 26.9592 ], [ 86.3634, 26.9603 ], [ 86.3584, 26.9636 ], [ 86.3482, 26.966 ], [ 86.3446, 26.9707 ], [ 86.3391, 26.9738 ], [ 86.3241, 26.9695 ], [ 86.3181, 26.9739 ], [ 86.3123, 26.9816 ], [ 86.3004, 26.9829 ], [ 86.2929, 26.9804 ], [ 86.2864, 26.98 ], [ 86.2756, 26.9853 ], [ 86.2661, 26.988 ], [ 86.2653, 26.9904 ], [ 86.2593, 26.9951 ], [ 86.2564, 26.9955 ], [ 86.2513, 26.9986 ], [ 86.2528, 27.0032 ], [ 86.2514, 27.0046 ], [ 86.2498, 27.0048 ], [ 86.2476, 27.0077 ], [ 86.2391, 27.0104 ], [ 86.2341, 27.014 ], [ 86.2256, 27.0149 ], [ 86.2218, 27.0172 ], [ 86.2152, 27.0178 ], [ 86.2123, 27.0195 ], [ 86.2021, 27.0199 ], [ 86.1984, 27.022 ], [ 86.1913, 27.0186 ], [ 86.1833, 27.0172 ], [ 86.1605, 27.0228 ], [ 86.1512, 27.0215 ] ] } },
{ "type": "Feature", "properties": { "cls": "primary" }, "geometry": { "type": "LineString", "coordinates": [ [ 86.2149, 26.6527 ], [ 86.2075, 26.6528 ], [ 86.1936, 26.6571 ] ] } },
{ "type": "Feature", "properties": { "cls": "primary" }, "geometry": { "type": "LineString", "coordinates": [ [ 86.2971, 26.8072 ], [ 86.2611, 26.74 ], [ 86.2199, 26.6587 ], [ 86.2149, 26.6527 ] ] } },
{ "type": "Feature", "properties": { "cls": "primary" }, "geometry": { "type": "LineString", "coordinates": [ [ 86.4836, 26.5973 ], [ 86.4759, 26.5995 ], [ 86.4619, 26.6005 ], [ 86.4033, 26.6112 ], [ 86.3585, 26.6223 ], [ 86.335, 26.6244 ], [ 86.3302, 26.6235 ], [ 86.3126, 26.627 ], [ 86.3043, 26.6267 ], [ 86.2949, 26.6282 ], [ 86.261, 26.6397 ], [ 86.2149, 26.6527 ] ] } },
{ "type": "Feature", "properties": { "cls": "primary" }, "geometry": { "type": "LineString", "coordinates": [ [ 86.2531, 26.8301 ], [ 86.273, 26.8585 ], [ 86.2705, 26.8671 ], [ 86.2728, 26.875 ], [ 86.2716, 26.8763 ], [ 86.2723, 26.881 ], [ 86.2733, 26.8815 ], [ 86.2697, 26.8825 ], [ 86.2696, 26.8847 ], [ 86.2609, 26.8914 ], [ 86.2573, 26.8911 ], [ 86.2566, 26.8964 ], [ 86.2528, 26.8994 ], [ 86.2525, 26.9011 ], [ 86.2676, 26.9105 ], [ 86.2695, 26.9132 ], [ 86.2685, 26.9148 ], [ 86.2731, 26.9194 ], [ 86.2753, 26.9257 ], [ 86.2822, 26.9352 ], [ 86.2839, 26.9352 ], [ 86.2871, 26.9389 ], [ 86.2879, 26.9411 ] ] } },
{ "type": "Feature", "properties": { "cls": "primary" }, "geometry": { "type": "LineString", "coordinates": [ [ 86.2879, 26.9411 ], [ 86.2972, 26.9472 ], [ 86.3019, 26.948 ], [ 86.3135, 26.9566 ], [ 86.3383, 26.9578 ], [ 86.3418, 26.9561 ], [ 86.3525, 26.9566 ], [ 86.3654, 26.9546 ], [ 86.3685, 26.9565 ] ] } },
{ "type": "Feature", "properties": { "cls": "primary" }, "geometry": { "type": "LineString", "coordinates": [ [ 86.6989, 26.7917 ], [ 86.6931, 26.7944 ], [ 86.6797, 26.8077 ], [ 86.666, 26.8155 ], [ 86.6567, 26.8189 ], [ 86.6261, 26.8249 ], [ 86.6217, 26.8277 ], [ 86.6098, 26.8298 ], [ 86.6081, 26.8313 ], [ 86.6074, 26.8332 ], [ 86.6106, 26.8376 ], [ 86.6083, 26.8422 ], [ 86.6093, 26.8467 ], [ 86.6047, 26.8486 ], [ 86.6003, 26.8562 ], [ 86.6031, 26.8574 ], [ 86.6033, 26.8612 ], [ 86.6083, 26.8688 ], [ 86.6072, 26.8703 ], [ 86.6101, 26.875 ], [ 86.6145, 26.8765 ], [ 86.6144, 26.8858 ], [ 86.6073, 26.8842 ], [ 86.6037, 26.8856 ], [ 86.6003, 26.8888 ], [ 86.5994, 26.8921 ], [ 86.5941, 26.8949 ], [ 86.5928, 26.898 ], [ 86.5928, 26.9036 ], [ 86.5866, 26.8997 ], [ 86.585, 26.9002 ], [ 86.5825, 26.8986 ], [ 86.5792, 26.8995 ], [ 86.575, 26.8954 ], [ 86.5703, 26.8948 ], [ 86.5644, 26.8971 ], [ 86.565, 26.8986 ], [ 86.5636, 26.9003 ], [ 86.56, 26.9003 ], [ 86.5605, 26.9009 ], [ 86.5542, 26.9039 ], [ 86.5445, 26.9037 ], [ 86.5399, 26.906 ], [ 86.5249, 26.9055 ], [ 86.5178, 26.9094 ], [ 86.5103, 26.9092 ], [ 86.5081, 26.9108 ], [ 86.5096, 26.9136 ], [ 86.5067, 26.9147 ], [ 86.5065, 26.9173 ], [ 86.5032, 26.9205 ], [ 86.4945, 26.9202 ], [ 86.4908, 26.9187 ], [ 86.4869, 26.9148 ], [ 86.4813, 26.9146 ], [ 86.4807, 26.9166 ], [ 86.4785, 26.9149 ], [ 86.4764, 26.9152 ], [ 86.4728, 26.9161 ], [ 86.4709, 26.9187 ], [ 86.4679, 26.919 ], [ 86.4666, 26.9177 ], [ 86.4638, 26.9187 ], [ 86.4644, 26.9178 ], [ 86.4633, 26.9177 ], [ 86.462, 26.9181 ], [ 86.4616, 26.9198 ], [ 86.4592, 26.9191 ], [ 86.4598, 26.9211 ], [ 86.4577, 26.9219 ], [ 86.4575, 26.9252 ], [ 86.4516, 26.93 ], [ 86.452, 26.9323 ], [ 86.447, 26.9329 ], [ 86.4454, 26.9363 ], [ 86.4419, 26.9371 ], [ 86.4397, 26.939 ], [ 86.4365, 26.9381 ], [ 86.433, 26.9392 ], [ 86.4279, 26.9337 ], [ 86.4245, 26.9329 ], [ 86.4208, 26.9344 ], [ 86.4094, 26.93 ], [ 86.4036, 26.9318 ], [ 86.4017, 26.9305 ], [ 86.4017, 26.9325 ], [ 86.398, 26.9338 ], [ 86.3942, 26.9381 ], [ 86.3924, 26.9452 ], [ 86.385, 26.9473 ], [ 86.3822, 26.952 ], [ 86.3768, 26.9562 ], [ 86.3713, 26.9556 ], [ 86.3685, 26.9565 ] ] } },
{ "type": "Feature", "properties": { "cls": "primary" }, "geometry": { "type": "LineString", "coordinates": [ [ 86.3706, 26.963 ], [ 86.3752, 26.97 ], [ 86.3845, 26.9787 ], [ 86.3901, 26.9814 ], [ 86.3939, 26.9893 ], [ 86.3998, 26.9924 ], [ 86.3982, 26.996 ], [ 86.3966, 26.9967 ], [ 86.3976, 26.997 ], [ 86.3957, 26.9976 ], [ 86.3987, 26.9992 ], [ 86.3951, 26.999 ], [ 86.3961, 27.0004 ], [ 86.3939, 27.0006 ], [ 86.3943, 27.0018 ], [ 86.3925, 27.0014 ], [ 86.3889, 27.0081 ], [ 86.3845, 27.011 ], [ 86.388, 27.011 ], [ 86.3923, 27.0144 ], [ 86.3926, 27.0154 ], [ 86.3881, 27.018 ], [ 86.3881, 27.0198 ], [ 86.3925, 27.0209 ], [ 86.3929, 27.0226 ], [ 86.3958, 27.0228 ], [ 86.3953, 27.0246 ], [ 86.3967, 27.0262 ], [ 86.4004, 27.0247 ], [ 86.403, 27.0274 ], [ 86.4007, 27.0308 ], [ 86.4022, 27.0298 ], [ 86.4038, 27.031 ], [ 86.4026, 27.031 ], [ 86.4025, 27.0335 ], [ 86.4076, 27.0353 ], [ 86.4087, 27.0377 ], [ 86.4084, 27.0387 ], [ 86.4065, 27.0387 ], [ 86.4071, 27.0404 ], [ 86.4059, 27.0417 ], [ 86.4095, 27.0393 ], [ 86.4106, 27.0367 ], [ 86.4138, 27.0393 ], [ 86.4113, 27.0386 ], [ 86.4109, 27.0396 ], [ 86.4133, 27.0444 ], [ 86.4108, 27.0502 ], [ 86.4135, 27.0522 ], [ 86.4124, 27.0585 ], [ 86.4144, 27.0614 ], [ 86.4071, 27.0686 ], [ 86.4046, 27.076 ], [ 86.4022, 27.0765 ], [ 86.4021, 27.0782 ], [ 86.3983, 27.0812 ], [ 86.3918, 27.0817 ], [ 86.3871, 27.0836 ], [ 86.3821, 27.0834 ], [ 86.3878, 27.0861 ], [ 86.3877, 27.0884 ], [ 86.3896, 27.0905 ], [ 86.3888, 27.0985 ], [ 86.3935, 27.103 ], [ 86.3893, 27.114 ], [ 86.391, 27.1159 ], [ 86.3881, 27.1222 ], [ 86.3888, 27.1283 ], [ 86.3859, 27.1293 ], [ 86.3847, 27.1355 ], [ 86.3874, 27.139 ], [ 86.3821, 27.1381 ], [ 86.3787, 27.1344 ], [ 86.3774, 27.1364 ], [ 86.3779, 27.1394 ], [ 86.3758, 27.1396 ], [ 86.3728, 27.1371 ], [ 86.3713, 27.1393 ], [ 86.3732, 27.1397 ], [ 86.3711, 27.1412 ], [ 86.3725, 27.1439 ], [ 86.3754, 27.144 ], [ 86.3767, 27.1464 ], [ 86.3789, 27.1472 ], [ 86.3758, 27.1481 ], [ 86.3769, 27.1522 ], [ 86.3752, 27.1523 ], [ 86.3784, 27.1545 ], [ 86.3791, 27.1583 ], [ 86.3773, 27.1591 ], [ 86.3809, 27.1596 ], [ 86.3796, 27.1604 ], [ 86.3811, 27.1628 ], [ 86.3838, 27.163 ], [ 86.382, 27.1654 ], [ 86.3844, 27.1669 ], [ 86.3843, 27.1687 ], [ 86.3877, 27.1707 ], [ 86.3873, 27.1737 ], [ 86.3899, 27.1758 ], [ 86.3925, 27.1753 ], [ 86.3949, 27.1722 ], [ 86.3948, 27.1694 ], [ 86.3964, 27.1704 ], [ 86.3976, 27.1695 ], [ 86.3967, 27.1729 ] ] } },
{ "type": "Feature", "properties": { "cls": "primary" }, "geometry": { "type": "LineString", "coordinates": [ [ 86.3967, 27.1729 ], [ 86.3981, 27.175 ], [ 86.4004, 27.1707 ], [ 86.4022, 27.1717 ], [ 86.4021, 27.1732 ], [ 86.4151, 27.1718 ], [ 86.4209, 27.1774 ], [ 86.4194, 27.1719 ], [ 86.426, 27.1722 ], [ 86.4277, 27.1694 ], [ 86.427, 27.1718 ], [ 86.4301, 27.1698 ] ] } },
{ "type": "Feature", "properties": { "cls": "primary" }, "geometry": { "type": "LineString", "coordinates": [ [ 86.4032, 26.5009 ], [ 86.4047, 26.5001 ], [ 86.4143, 26.5062 ], [ 86.4255, 26.5155 ], [ 86.432, 26.5229 ], [ 86.4327, 26.5252 ], [ 86.4381, 26.5276 ], [ 86.4423, 26.532 ], [ 86.4508, 26.5369 ], [ 86.456, 26.536 ], [ 86.4699, 26.5443 ], [ 86.4757, 26.5559 ], [ 86.4792, 26.5815 ], [ 86.4836, 26.5973 ] ] } },
{ "type": "Feature", "properties": { "cls": "primary" }, "geometry": { "type": "LineString", "coordinates": [ [ 86.4301, 27.1698 ], [ 86.4322, 27.167 ], [ 86.4353, 27.1658 ], [ 86.4332, 27.1674 ], [ 86.4329, 27.1679 ], [ 86.4329, 27.1682 ], [ 86.4372, 27.1653 ], [ 86.4343, 27.1683 ], [ 86.443, 27.1676 ], [ 86.4393, 27.1671 ], [ 86.442, 27.1662 ], [ 86.445, 27.167 ], [ 86.4429, 27.1654 ], [ 86.4445, 27.165 ], [ 86.4507, 27.1654 ], [ 86.4679, 27.169 ], [ 86.473, 27.1772 ], [ 86.474, 27.1762 ], [ 86.4731, 27.1745 ], [ 86.4777, 27.1771 ], [ 86.4827, 27.1775 ], [ 86.486, 27.1725 ], [ 86.4869, 27.1733 ], [ 86.4884, 27.1724 ], [ 86.4864, 27.1761 ], [ 86.4877, 27.1747 ], [ 86.4888, 27.1745 ], [ 86.4894, 27.1747 ], [ 86.4881, 27.1751 ], [ 86.4873, 27.1762 ], [ 86.4881, 27.1756 ], [ 86.4893, 27.1755 ], [ 86.4881, 27.176 ], [ 86.4879, 27.1777 ], [ 86.4883, 27.1781 ], [ 86.4885, 27.1761 ], [ 86.493, 27.1761 ], [ 86.5064, 27.1715 ], [ 86.5017, 27.1711 ], [ 86.5051, 27.1704 ], [ 86.5097, 27.1663 ], [ 86.5129, 27.1676 ], [ 86.5139, 27.1703 ], [ 86.5167, 27.1671 ], [ 86.5223, 27.1657 ], [ 86.5282, 27.1679 ], [ 86.5309, 27.1712 ], [ 86.534, 27.1712 ], [ 86.542, 27.1759 ], [ 86.5417, 27.1812 ], [ 86.5451, 27.1836 ], [ 86.5418, 27.187 ], [ 86.5422, 27.192 ], [ 86.5478, 27.1924 ], [ 86.5528, 27.1948 ], [ 86.5562, 27.1932 ], [ 86.5548, 27.1964 ], [ 86.5605, 27.1967 ], [ 86.5613, 27.2004 ], [ 86.5666, 27.1962 ], [ 86.5713, 27.1989 ], [ 86.5748, 27.1951 ], [ 86.5753, 27.19 ], [ 86.5794, 27.1917 ], [ 86.5787, 27.1931 ], [ 86.5835, 27.1973 ], [ 86.5866, 27.1878 ], [ 86.5941, 27.1847 ], [ 86.6024, 27.1848 ], [ 86.6066, 27.1903 ], [ 86.6103, 27.1909 ], [ 86.6109, 27.1927 ], [ 86.6185, 27.1902 ], [ 86.6226, 27.1904 ], [ 86.6246, 27.1916 ], [ 86.6227, 27.1933 ], [ 86.6236, 27.194 ], [ 86.623, 27.1955 ], [ 86.625, 27.1964 ], [ 86.6232, 27.1953 ], [ 86.6245, 27.1946 ], [ 86.6242, 27.1931 ], [ 86.6296, 27.2008 ], [ 86.6339, 27.2 ], [ 86.6403, 27.195 ], [ 86.6436, 27.1948 ], [ 86.6457, 27.1972 ], [ 86.6491, 27.1973 ], [ 86.6477, 27.1977 ], [ 86.6508, 27.1989 ], [ 86.6514, 27.2043 ], [ 86.6626, 27.204 ], [ 86.6616, 27.2062 ], [ 86.6639, 27.2121 ], [ 86.6623, 27.2139 ], [ 86.6635, 27.2144 ], [ 86.6633, 27.2169 ], [ 86.6612, 27.218 ], [ 86.6619, 27.2217 ], [ 86.6662, 27.2227 ], [ 86.6713, 27.2263 ], [ 86.6756, 27.2266 ], [ 86.674, 27.2274 ], [ 86.6789, 27.2266 ], [ 86.6894, 27.2338 ], [ 86.6983, 27.233 ], [ 86.6942, 27.234 ], [ 86.6931, 27.2359 ], [ 86.6973, 27.2353 ], [ 86.7031, 27.2389 ], [ 86.7022, 27.2376 ], [ 86.7038, 27.2386 ], [ 86.703, 27.2377 ], [ 86.7038, 27.2372 ], [ 86.7097, 27.2388 ], [ 86.7121, 27.2381 ], [ 86.7173, 27.243 ], [ 86.7268, 27.248 ], [ 86.7324, 27.2491 ], [ 86.7364, 27.253 ], [ 86.742, 27.2548 ], [ 86.7456, 27.2583 ], [ 86.7427, 27.2569 ], [ 86.7466, 27.2606 ], [ 86.7512, 27.2611 ], [ 86.7541, 27.2628 ], [ 86.7601, 27.2619 ], [ 86.7683, 27.2629 ], [ 86.7721, 27.261 ], [ 86.7754, 27.2572 ], [ 86.7751, 27.2488 ], [ 86.7743, 27.246 ], [ 86.7707, 27.2423 ], [ 86.7707, 27.239 ], [ 86.7745, 27.2367 ], [ 86.7787, 27.2382 ], [ 86.7762, 27.2327 ], [ 86.7771, 27.2316 ], [ 86.7782, 27.2321 ], [ 86.7769, 27.2311 ], [ 86.7747, 27.2312 ], [ 86.777, 27.2297 ], [ 86.7819, 27.2303 ], [ 86.778, 27.2269 ], [ 86.7764, 27.2268 ], [ 86.7778, 27.2251 ], [ 86.7789, 27.2254 ], [ 86.7779, 27.2246 ], [ 86.781, 27.2261 ], [ 86.784, 27.2224 ], [ 86.7918, 27.2249 ], [ 86.7889, 27.2304 ], [ 86.7913, 27.2347 ], [ 86.79, 27.2369 ], [ 86.7925, 27.2402 ], [ 86.8054, 27.2481 ], [ 86.8078, 27.2527 ], [ 86.8127, 27.2494 ], [ 86.8172, 27.2493 ], [ 86.8171, 27.2463 ], [ 86.819, 27.2439 ], [ 86.8228, 27.2477 ], [ 86.8269, 27.2479 ], [ 86.8268, 27.2496 ], [ 86.8292, 27.25 ], [ 86.8297, 27.2525 ], [ 86.8352, 27.2536 ], [ 86.8383, 27.2557 ], [ 86.8388, 27.2533 ], [ 86.8375, 27.2527 ], [ 86.8367, 27.2497 ], [ 86.8376, 27.2472 ], [ 86.8366, 27.2433 ], [ 86.8437, 27.2434 ], [ 86.8418, 27.2415 ], [ 86.8413, 27.2384 ], [ 86.8381, 27.2366 ], [ 86.8391, 27.2333 ], [ 86.8383, 27.2278 ], [ 86.8321, 27.2222 ], [ 86.8368, 27.2083 ], [ 86.8393, 27.2075 ], [ 86.841, 27.2088 ], [ 86.8524, 27.2098 ], [ 86.8539, 27.2183 ], [ 86.8565, 27.2217 ], [ 86.8559, 27.2262 ], [ 86.8595, 27.2246 ], [ 86.8601, 27.2227 ], [ 86.8632, 27.225 ], [ 86.8616, 27.2184 ], [ 86.8629, 27.2142 ], [ 86.8684, 27.2126 ], [ 86.8704, 27.2132 ], [ 86.8701, 27.2095 ], [ 86.8727, 27.208 ], [ 86.8837, 27.2116 ], [ 86.8879, 27.2092 ], [ 86.8923, 27.209 ], [ 86.8945, 27.2118 ], [ 86.895, 27.2167 ] ] } },
{ "type": "Feature", "properties": { "cls": "primary" }, "geometry": { "type": "LineString", "coordinates": [ [ 86.5915, 27.5238 ], [ 86.5877, 27.5205 ], [ 86.5845, 27.5152 ], [ 86.5853, 27.5121 ], [ 86.5893, 27.5086 ], [ 86.5896, 27.5069 ], [ 86.5894, 27.5059 ], [ 86.5859, 27.5057 ], [ 86.5856, 27.504 ], [ 86.5847, 27.5055 ], [ 86.5833, 27.4972 ], [ 86.5794, 27.4927 ], [ 86.575, 27.4827 ], [ 86.5754, 27.4801 ], [ 86.5727, 27.4734 ], [ 86.5736, 27.4728 ], [ 86.5721, 27.4722 ], [ 86.5715, 27.4695 ], [ 86.5734, 27.4615 ], [ 86.5699, 27.4571 ], [ 86.5701, 27.4554 ], [ 86.5736, 27.4536 ], [ 86.5737, 27.4522 ], [ 86.5706, 27.4487 ], [ 86.5721, 27.4474 ], [ 86.5702, 27.4478 ], [ 86.5716, 27.4519 ], [ 86.5699, 27.4505 ], [ 86.5691, 27.4471 ], [ 86.5723, 27.4463 ], [ 86.5714, 27.4459 ], [ 86.5736, 27.4464 ], [ 86.572, 27.4447 ], [ 86.5743, 27.445 ], [ 86.5766, 27.4427 ], [ 86.5885, 27.4362 ], [ 86.592, 27.4366 ], [ 86.5994, 27.4285 ], [ 86.5924, 27.4323 ], [ 86.5906, 27.4326 ], [ 86.5905, 27.4316 ], [ 86.5887, 27.4329 ], [ 86.5825, 27.4297 ], [ 86.574, 27.4371 ], [ 86.5721, 27.4331 ], [ 86.5662, 27.4289 ], [ 86.5653, 27.4346 ], [ 86.5616, 27.4375 ], [ 86.561, 27.4411 ], [ 86.5582, 27.4402 ], [ 86.5544, 27.4347 ], [ 86.5517, 27.4356 ], [ 86.5498, 27.4328 ], [ 86.5476, 27.432 ], [ 86.5518, 27.4335 ], [ 86.5522, 27.4332 ], [ 86.5485, 27.4313 ], [ 86.5501, 27.4291 ], [ 86.5484, 27.4285 ], [ 86.5488, 27.4252 ], [ 86.5452, 27.4255 ], [ 86.5433, 27.4242 ], [ 86.542, 27.4251 ], [ 86.541, 27.4237 ], [ 86.539, 27.4237 ], [ 86.5404, 27.4208 ], [ 86.5401, 27.4231 ], [ 86.5415, 27.4218 ], [ 86.5425, 27.4228 ], [ 86.5417, 27.4212 ], [ 86.5432, 27.4194 ], [ 86.5433, 27.4208 ], [ 86.5496, 27.4163 ], [ 86.55, 27.4109 ], [ 86.5476, 27.4057 ], [ 86.5505, 27.4034 ], [ 86.5458, 27.3956 ], [ 86.5436, 27.3945 ], [ 86.5449, 27.3928 ], [ 86.5437, 27.3913 ], [ 86.54, 27.3915 ], [ 86.5381, 27.3935 ], [ 86.534, 27.3853 ], [ 86.5298, 27.3805 ], [ 86.523, 27.382 ], [ 86.521, 27.3799 ], [ 86.5215, 27.378 ], [ 86.5189, 27.3779 ], [ 86.5208, 27.3761 ], [ 86.5207, 27.3706 ], [ 86.5218, 27.3688 ], [ 86.5264, 27.3649 ], [ 86.5255, 27.3684 ], [ 86.5276, 27.3663 ], [ 86.5289, 27.3621 ], [ 86.5285, 27.3639 ], [ 86.5312, 27.3612 ], [ 86.5289, 27.3602 ], [ 86.5284, 27.3612 ], [ 86.5284, 27.3585 ], [ 86.5244, 27.354 ], [ 86.5251, 27.3532 ], [ 86.5241, 27.3522 ], [ 86.5286, 27.3517 ], [ 86.5289, 27.3525 ], [ 86.5292, 27.3511 ], [ 86.5295, 27.3525 ], [ 86.5293, 27.3506 ], [ 86.5303, 27.3508 ], [ 86.5297, 27.3506 ], [ 86.5293, 27.3501 ], [ 86.5299, 27.3505 ], [ 86.5306, 27.3504 ], [ 86.5296, 27.3488 ], [ 86.527, 27.3508 ], [ 86.5256, 27.3493 ], [ 86.5236, 27.3505 ], [ 86.5209, 27.3494 ], [ 86.5201, 27.3503 ], [ 86.521, 27.3484 ], [ 86.5185, 27.3493 ], [ 86.5179, 27.3482 ], [ 86.5189, 27.348 ], [ 86.5159, 27.346 ], [ 86.5109, 27.3444 ], [ 86.5134, 27.343 ], [ 86.5144, 27.3401 ], [ 86.5126, 27.3336 ], [ 86.5179, 27.3331 ], [ 86.5217, 27.3281 ], [ 86.5156, 27.3276 ], [ 86.5148, 27.3261 ], [ 86.5113, 27.3264 ], [ 86.5103, 27.3244 ], [ 86.5075, 27.3245 ], [ 86.5055, 27.3204 ], [ 86.5042, 27.3143 ], [ 86.5059, 27.311 ], [ 86.505, 27.309 ], [ 86.5084, 27.302 ], [ 86.5116, 27.2988 ], [ 86.5107, 27.2937 ], [ 86.5077, 27.2943 ], [ 86.5062, 27.2942 ], [ 86.5104, 27.2927 ], [ 86.511, 27.292 ], [ 86.5066, 27.2923 ], [ 86.5074, 27.287 ], [ 86.5064, 27.2824 ], [ 86.5026, 27.2829 ], [ 86.5009, 27.2807 ], [ 86.4976, 27.2802 ], [ 86.4953, 27.2756 ], [ 86.4894, 27.2782 ], [ 86.4931, 27.275 ], [ 86.4865, 27.2772 ], [ 86.4884, 27.2756 ], [ 86.4873, 27.2751 ], [ 86.4901, 27.2734 ], [ 86.4898, 27.2714 ], [ 86.4887, 27.2714 ], [ 86.4897, 27.2698 ], [ 86.4863, 27.2689 ], [ 86.4848, 27.2647 ], [ 86.4827, 27.2638 ], [ 86.4853, 27.2621 ], [ 86.4804, 27.2603 ], [ 86.4885, 27.2576 ], [ 86.4852, 27.2554 ], [ 86.4835, 27.2492 ], [ 86.4803, 27.2448 ], [ 86.4763, 27.2444 ], [ 86.4646, 27.2381 ], [ 86.4554, 27.2366 ], [ 86.4525, 27.2348 ], [ 86.4517, 27.2309 ], [ 86.453, 27.2327 ], [ 86.4543, 27.2327 ], [ 86.4532, 27.2324 ], [ 86.4529, 27.2292 ], [ 86.4561, 27.2251 ], [ 86.4521, 27.2244 ], [ 86.4542, 27.224 ], [ 86.453, 27.2237 ], [ 86.4502, 27.2248 ], [ 86.4463, 27.224 ], [ 86.4449, 27.2217 ], [ 86.4462, 27.2122 ], [ 86.4423, 27.2089 ], [ 86.4435, 27.2068 ], [ 86.4502, 27.2035 ], [ 86.4464, 27.1988 ], [ 86.4494, 27.1907 ], [ 86.4463, 27.1885 ], [ 86.4461, 27.1844 ], [ 86.4381, 27.182 ], [ 86.437, 27.1798 ], [ 86.4351, 27.1792 ], [ 86.4373, 27.1792 ], [ 86.4363, 27.1784 ], [ 86.4378, 27.1786 ], [ 86.4376, 27.177 ], [ 86.4332, 27.1773 ], [ 86.4318, 27.1769 ], [ 86.4414, 27.175 ], [ 86.4408, 27.176 ], [ 86.4409, 27.1763 ], [ 86.442, 27.1745 ], [ 86.4349, 27.1733 ], [ 86.4301, 27.1698 ] ] } },
{ "type": "Feature", "properties": { "cls": "primary" }, "geometry": { "type": "LineString", "coordinates": [ [ 86.4843, 26.5969 ], [ 86.4879, 26.6109 ], [ 86.4853, 26.6249 ], [ 86.479, 26.6372 ], [ 86.4778, 26.6531 ], [ 86.4818, 26.67 ], [ 86.4824, 26.6911 ], [ 86.4863, 26.697 ], [ 86.491, 26.7085 ] ] } },
{ "type": "Feature", "properties": { "cls": "primary" }, "geometry": { "type": "LineString", "coordinates": [ [ 86.6749, 26.5598 ], [ 86.6565, 26.5673 ], [ 86.6269, 26.5753 ], [ 86.6091, 26.5759 ], [ 86.5984, 26.5733 ], [ 86.5564, 26.5793 ], [ 86.5486, 26.5816 ], [ 86.5292, 26.5835 ], [ 86.5224, 26.5875 ], [ 86.5125, 26.588 ], [ 86.4843, 26.5969 ] ] } },
{ "type": "Feature", "properties": { "cls": "primary" }, "geometry": { "type": "LineString", "coordinates": [ [ 86.7485, 26.5376 ], [ 86.7167, 26.5453 ], [ 86.675, 26.5597 ] ] } },
{ "type": "Feature", "properties": { "cls": "primary" }, "geometry": { "type": "LineString", "coordinates": [ [ 86.6991, 26.7916 ], [ 86.7049, 26.7888 ], [ 86.7305, 26.7875 ], [ 86.7365, 26.7857 ], [ 86.7392, 26.783 ], [ 86.7415, 26.7835 ], [ 86.7485, 26.7819 ], [ 86.7517, 26.7844 ], [ 86.7547, 26.7841 ], [ 86.7571, 26.7818 ], [ 86.7619, 26.7799 ], [ 86.7701, 26.7829 ], [ 86.7794, 26.7792 ], [ 86.7845, 26.7831 ], [ 86.7892, 26.7829 ], [ 86.7926, 26.7852 ], [ 86.7975, 26.7931 ], [ 86.8015, 26.7948 ], [ 86.8063, 26.7925 ], [ 86.8158, 26.7924 ], [ 86.8176, 26.7936 ], [ 86.8165, 26.797 ], [ 86.8177, 26.7982 ], [ 86.8294, 26.8022 ], [ 86.8396, 26.7996 ], [ 86.8513, 26.7909 ], [ 86.8589, 26.7894 ], [ 86.8623, 26.7918 ], [ 86.8664, 26.7976 ], [ 86.8715, 26.8005 ], [ 86.8736, 26.8053 ], [ 86.8766, 26.8062 ], [ 86.88, 26.8043 ], [ 86.8856, 26.8082 ], [ 86.9106, 26.7972 ], [ 86.9261, 26.7982 ], [ 86.9361, 26.7969 ], [ 86.9515, 26.803 ], [ 86.9575, 26.803 ], [ 86.9632, 26.8113 ], [ 86.966, 26.8117 ], [ 86.9659, 26.814 ], [ 86.9733, 26.812 ], [ 86.9782, 26.8086 ], [ 86.9937, 26.8085 ], [ 87.0004, 26.8061 ], [ 87.0039, 26.8102 ], [ 87.0105, 26.8101 ], [ 87.0249, 26.8138 ], [ 87.0286, 26.8134 ], [ 87.0352, 26.8158 ], [ 87.0407, 26.8138 ], [ 87.0461, 26.8157 ], [ 87.0598, 26.8168 ], [ 87.0689, 26.8132 ], [ 87.083, 26.8131 ], [ 87.1103, 26.8264 ], [ 87.116, 26.8268 ], [ 87.121, 26.8299 ], [ 87.1243, 26.8298 ], [ 87.1247, 26.8317 ], [ 87.13, 26.8335 ], [ 87.1326, 26.8364 ], [ 87.1365, 26.8368 ], [ 87.1398, 26.8405 ], [ 87.144, 26.8422 ], [ 87.1447, 26.8498 ], [ 87.1459, 26.8508 ], [ 87.1437, 26.853 ], [ 87.1467, 26.856 ], [ 87.1523, 26.855 ], [ 87.1528, 26.85 ], [ 87.1512, 26.8417 ], [ 87.1525, 26.8405 ], [ 87.1511, 26.84 ], [ 87.1514, 26.8366 ], [ 87.1539, 26.8331 ], [ 87.1531, 26.8319 ], [ 87.1545, 26.828 ], [ 87.1572, 26.8265 ], [ 87.1633, 26.8183 ], [ 87.1757, 26.8223 ], [ 87.1821, 26.817 ], [ 87.1926, 26.814 ], [ 87.2008, 26.8082 ], [ 87.205, 26.8074 ], [ 87.2066, 26.8084 ], [ 87.2174, 26.8057 ], [ 87.2275, 26.8055 ], [ 87.2309, 26.8039 ], [ 87.2352, 26.807 ], [ 87.2512, 26.8088 ], [ 87.2612, 26.8157 ], [ 87.2735, 26.8143 ], [ 87.2787, 26.8093 ], [ 87.2847, 26.8065 ] ] } },
{ "type": "Feature", "properties": { "cls": "primary" }, "geometry": { "type": "LineString", "coordinates": [ [ 86.7134, 26.6285 ], [ 86.7245, 26.5965 ], [ 86.7349, 26.5789 ], [ 86.7393, 26.5683 ], [ 86.7462, 26.5595 ], [ 86.7481, 26.5519 ], [ 86.7474, 26.5434 ], [ 86.7488, 26.5434 ], [ 86.7486, 26.5398 ] ] } },
{ "type": "Feature", "properties": { "cls": "primary" }, "geometry": { "type": "LineString", "coordinates": [ [ 86.8815, 26.5515 ], [ 86.874, 26.5336 ], [ 86.8706, 26.5293 ], [ 86.8654, 26.513 ], [ 86.8625, 26.5115 ], [ 86.8605, 26.5078 ], [ 86.8439, 26.5091 ], [ 86.817, 26.5142 ], [ 86.8094, 26.5184 ], [ 86.7926, 26.5233 ], [ 86.7902, 26.5217 ], [ 86.7854, 26.5234 ], [ 86.7843, 26.5268 ], [ 86.7788, 26.5296 ], [ 86.7685, 26.5325 ], [ 86.7523, 26.5348 ], [ 86.7483, 26.536 ], [ 86.7485, 26.5376 ] ] } },
{ "type": "Feature", "properties": { "cls": "primary" }, "geometry": { "type": "LineString", "coordinates": [ [ 86.9388, 26.4815 ], [ 86.9368, 26.482 ], [ 86.9195, 26.4575 ], [ 86.9109, 26.449 ], [ 86.8994, 26.4459 ], [ 86.8793, 26.43 ], [ 86.8683, 26.4172 ], [ 86.8456, 26.4057 ], [ 86.8219, 26.3876 ], [ 86.8176, 26.3879 ], [ 86.807, 26.3786 ], [ 86.8012, 26.3772 ], [ 86.7907, 26.3636 ], [ 86.7706, 26.3477 ], [ 86.7535, 26.3079 ] ] } },
{ "type": "Feature", "properties": { "cls": "primary" }, "geometry": { "type": "LineString", "coordinates": [ [ 86.8984, 27.2123 ], [ 86.8989, 27.2113 ], [ 86.9, 27.2107 ], [ 86.8961, 27.2164 ], [ 86.8961, 27.2178 ], [ 86.9, 27.2141 ], [ 86.8996, 27.2167 ], [ 86.8983, 27.2172 ], [ 86.8978, 27.2187 ], [ 86.9022, 27.2141 ], [ 86.9039, 27.2151 ], [ 86.9012, 27.2162 ], [ 86.9011, 27.2181 ], [ 86.8999, 27.2186 ], [ 86.9, 27.2214 ], [ 86.9039, 27.2165 ], [ 86.9071, 27.2166 ], [ 86.9067, 27.2145 ], [ 86.9087, 27.2133 ], [ 86.9142, 27.2145 ], [ 86.9157, 27.2166 ], [ 86.9197, 27.2185 ], [ 86.9192, 27.2134 ], [ 86.9206, 27.2131 ], [ 86.9176, 27.2096 ], [ 86.9203, 27.205 ], [ 86.9193, 27.2033 ], [ 86.9156, 27.2032 ], [ 86.9097, 27.1997 ], [ 86.9136, 27.1973 ], [ 86.912, 27.2001 ], [ 86.918, 27.2003 ], [ 86.9154, 27.1994 ], [ 86.9165, 27.1985 ], [ 86.9168, 27.1994 ], [ 86.9214, 27.2 ], [ 86.9253, 27.2046 ], [ 86.9248, 27.207 ], [ 86.9256, 27.2092 ], [ 86.9252, 27.2108 ], [ 86.9256, 27.2119 ], [ 86.926, 27.208 ], [ 86.9273, 27.2091 ], [ 86.9268, 27.21 ], [ 86.9276, 27.209 ], [ 86.9275, 27.2004 ], [ 86.9287, 27.1995 ], [ 86.9382, 27.2037 ], [ 86.9359, 27.2079 ], [ 86.9374, 27.2168 ], [ 86.9448, 27.2213 ], [ 86.95, 27.2226 ] ] } },
{ "type": "Feature", "properties": { "cls": "primary" }, "geometry": { "type": "LineString", "coordinates": [ [ 86.95, 27.2226 ], [ 86.941, 27.2148 ], [ 86.9433, 27.2129 ], [ 86.943, 27.2091 ], [ 86.9498, 27.2095 ], [ 86.9551, 27.2052 ], [ 86.9533, 27.2033 ], [ 86.9513, 27.2035 ], [ 86.9499, 27.1999 ], [ 86.9531, 27.2024 ], [ 86.9582, 27.2031 ], [ 86.9608, 27.2023 ], [ 86.9638, 27.2042 ], [ 86.9689, 27.2037 ], [ 86.9691, 27.2058 ], [ 86.9731, 27.2057 ], [ 86.97, 27.2044 ], [ 86.969, 27.2022 ], [ 86.9658, 27.2031 ], [ 86.9644, 27.2012 ], [ 86.958, 27.1994 ], [ 86.9563, 27.1979 ], [ 86.9559, 27.1967 ], [ 86.9679, 27.2003 ], [ 86.9781, 27.1996 ], [ 86.9843, 27.2049 ], [ 86.9831, 27.2068 ], [ 86.9843, 27.2093 ], [ 86.983, 27.2113 ], [ 86.9861, 27.2145 ], [ 86.9813, 27.2138 ], [ 86.9789, 27.2152 ], [ 86.9835, 27.2175 ], [ 86.9824, 27.2203 ], [ 86.9842, 27.2224 ], [ 86.9816, 27.2241 ], [ 86.9811, 27.2263 ], [ 86.9826, 27.226 ], [ 86.9853, 27.2326 ], [ 86.9868, 27.229 ], [ 86.9861, 27.2262 ], [ 86.9882, 27.2324 ], [ 86.9881, 27.2266 ], [ 86.9899, 27.2235 ], [ 86.9893, 27.2268 ], [ 86.9909, 27.2244 ], [ 86.9961, 27.2215 ], [ 87.0079, 27.2012 ], [ 87.017, 27.2036 ], [ 87.0175, 27.2053 ], [ 87.0234, 27.2099 ], [ 87.0284, 27.2111 ], [ 87.0285, 27.2145 ], [ 87.0306, 27.2117 ], [ 87.031, 27.2142 ], [ 87.0332, 27.2093 ], [ 87.037, 27.2074 ], [ 87.0359, 27.2041 ], [ 87.0373, 27.2026 ], [ 87.0369, 27.201 ], [ 87.0306, 27.1968 ], [ 87.0276, 27.1903 ], [ 87.0294, 27.1881 ], [ 87.0325, 27.1883 ], [ 87.034, 27.1852 ], [ 87.0391, 27.1823 ], [ 87.0396, 27.1759 ], [ 87.0408, 27.1764 ], [ 87.0404, 27.1798 ], [ 87.0416, 27.1819 ], [ 87.0419, 27.1776 ], [ 87.0441, 27.1778 ], [ 87.0465, 27.1761 ], [ 87.0484, 27.1774 ], [ 87.0467, 27.1792 ], [ 87.0479, 27.1796 ], [ 87.0474, 27.1809 ], [ 87.05, 27.181 ], [ 87.048, 27.182 ], [ 87.0492, 27.1829 ], [ 87.0486, 27.1841 ], [ 87.0523, 27.1873 ], [ 87.056, 27.1871 ], [ 87.0563, 27.1909 ], [ 87.0576, 27.1909 ], [ 87.0592, 27.1885 ], [ 87.0599, 27.1909 ], [ 87.0646, 27.1887 ], [ 87.0641, 27.1904 ], [ 87.0676, 27.1913 ], [ 87.0661, 27.1978 ], [ 87.0675, 27.2001 ], [ 87.0687, 27.1978 ], [ 87.0708, 27.1974 ], [ 87.0691, 27.1982 ], [ 87.0712, 27.1985 ], [ 87.0734, 27.1972 ], [ 87.0732, 27.1958 ], [ 87.0767, 27.1954 ], [ 87.0776, 27.194 ], [ 87.0784, 27.1957 ], [ 87.0832, 27.1969 ], [ 87.0867, 27.1994 ] ] } },
{ "type": "Feature", "properties": { "cls": "primary" }, "geometry": { "type": "LineString", "coordinates": [ [ 87.0869, 27.1992 ], [ 87.0857, 27.1977 ], [ 87.0862, 27.1948 ], [ 87.0884, 27.1938 ], [ 87.0877, 27.1975 ], [ 87.0894, 27.199 ], [ 87.0887, 27.1973 ], [ 87.0901, 27.1945 ], [ 87.0918, 27.1939 ], [ 87.0894, 27.1898 ], [ 87.0921, 27.1859 ], [ 87.092, 27.184 ], [ 87.0895, 27.1829 ], [ 87.0876, 27.1793 ], [ 87.088, 27.1754 ], [ 87.0922, 27.1814 ], [ 87.0967, 27.185 ], [ 87.1025, 27.1858 ], [ 87.1044, 27.193 ], [ 87.1073, 27.1951 ], [ 87.1078, 27.1973 ], [ 87.1092, 27.1979 ], [ 87.1104, 27.1976 ], [ 87.1082, 27.1971 ], [ 87.1081, 27.194 ], [ 87.1089, 27.1965 ], [ 87.111, 27.1973 ], [ 87.1146, 27.1978 ], [ 87.1171, 27.1967 ], [ 87.12, 27.1948 ], [ 87.1208, 27.1928 ], [ 87.1229, 27.193 ], [ 87.1244, 27.1901 ], [ 87.1349, 27.1803 ], [ 87.1372, 27.1816 ], [ 87.1383, 27.1853 ], [ 87.1394, 27.1851 ], [ 87.1388, 27.1865 ], [ 87.1411, 27.1886 ], [ 87.1413, 27.1918 ], [ 87.1393, 27.1935 ], [ 87.139, 27.1945 ], [ 87.143, 27.1922 ], [ 87.1411, 27.1951 ], [ 87.138, 27.1955 ], [ 87.1393, 27.1967 ], [ 87.1396, 27.1999 ], [ 87.1408, 27.2 ], [ 87.1409, 27.1984 ], [ 87.1455, 27.1999 ], [ 87.1487, 27.1993 ], [ 87.148, 27.2022 ], [ 87.1521, 27.2036 ], [ 87.1535, 27.2059 ], [ 87.1504, 27.2083 ], [ 87.1542, 27.209 ], [ 87.1549, 27.213 ], [ 87.1576, 27.2092 ], [ 87.1647, 27.2043 ], [ 87.1665, 27.2048 ], [ 87.1704, 27.2007 ], [ 87.1803, 27.2004 ], [ 87.1789, 27.1998 ], [ 87.1798, 27.1945 ], [ 87.1778, 27.1935 ], [ 87.1822, 27.1899 ], [ 87.1821, 27.1865 ], [ 87.1853, 27.18 ], [ 87.1903, 27.1771 ], [ 87.1909, 27.1754 ], [ 87.1946, 27.1743 ], [ 87.1988, 27.175 ], [ 87.2028, 27.1662 ], [ 87.206, 27.1646 ], [ 87.2119, 27.164 ], [ 87.2232, 27.1652 ], [ 87.2214, 27.1619 ], [ 87.226, 27.1665 ], [ 87.2229, 27.1548 ], [ 87.2242, 27.157 ], [ 87.2266, 27.1579 ], [ 87.2262, 27.1588 ], [ 87.2279, 27.1588 ], [ 87.2309, 27.1659 ], [ 87.2294, 27.1707 ], [ 87.2261, 27.1719 ], [ 87.2258, 27.1725 ], [ 87.2323, 27.1711 ], [ 87.2338, 27.1666 ], [ 87.2352, 27.1654 ], [ 87.2377, 27.1656 ], [ 87.2364, 27.1631 ], [ 87.2388, 27.1636 ], [ 87.2427, 27.1618 ], [ 87.2429, 27.1584 ], [ 87.2399, 27.158 ], [ 87.2414, 27.1557 ], [ 87.24, 27.1542 ], [ 87.241, 27.1516 ], [ 87.2478, 27.151 ], [ 87.2474, 27.1502 ], [ 87.2487, 27.151 ], [ 87.2483, 27.1485 ], [ 87.25, 27.1512 ], [ 87.2497, 27.1472 ], [ 87.2513, 27.1485 ], [ 87.2539, 27.1479 ], [ 87.2527, 27.1451 ], [ 87.2537, 27.1447 ], [ 87.2558, 27.1468 ], [ 87.2545, 27.1434 ], [ 87.2575, 27.1448 ], [ 87.2591, 27.1473 ], [ 87.2676, 27.1477 ], [ 87.2657, 27.1461 ], [ 87.2665, 27.1424 ], [ 87.2626, 27.1409 ], [ 87.2666, 27.1408 ], [ 87.2678, 27.1394 ], [ 87.267, 27.1384 ] ] } },
{ "type": "Feature", "properties": { "cls": "primary" }, "geometry": { "type": "LineString", "coordinates": [ [ 87.1376, 26.4493 ], [ 87.1483, 26.4472 ], [ 87.1573, 26.4479 ], [ 87.1668, 26.4494 ], [ 87.1893, 26.4573 ], [ 87.1985, 26.4573 ], [ 87.2145, 26.4595 ], [ 87.2155, 26.4557 ], [ 87.2248, 26.4533 ], [ 87.2339, 26.4538 ], [ 87.2357, 26.4518 ], [ 87.2437, 26.4495 ], [ 87.2567, 26.456 ], [ 87.2777, 26.4561 ] ] } },
{ "type": "Feature", "properties": { "cls": "primary" }, "geometry": { "type": "LineString", "coordinates": [ [ 87.2775, 26.4456 ], [ 87.2699, 26.4282 ], [ 87.2661, 26.4027 ] ] } },
{ "type": "Feature", "properties": { "cls": "primary" }, "geometry": { "type": "LineString", "coordinates": [ [ 87.267, 27.1384 ], [ 87.2716, 27.1415 ], [ 87.2737, 27.1478 ], [ 87.2758, 27.149 ], [ 87.2738, 27.1526 ], [ 87.2765, 27.1559 ], [ 87.278, 27.1554 ], [ 87.2782, 27.1622 ], [ 87.272, 27.1771 ], [ 87.2689, 27.1797 ], [ 87.264, 27.1797 ], [ 87.2643, 27.1819 ], [ 87.2601, 27.1835 ], [ 87.2482, 27.1951 ], [ 87.2475, 27.1994 ], [ 87.2418, 27.2087 ], [ 87.2412, 27.2136 ], [ 87.2426, 27.2146 ], [ 87.241, 27.2164 ], [ 87.2417, 27.2179 ], [ 87.2402, 27.218 ], [ 87.2375, 27.2219 ], [ 87.23, 27.2254 ], [ 87.2265, 27.2332 ], [ 87.22, 27.2366 ], [ 87.2189, 27.2404 ], [ 87.2175, 27.2394 ], [ 87.2173, 27.2412 ], [ 87.2158, 27.2418 ], [ 87.2178, 27.2424 ], [ 87.2165, 27.2472 ], [ 87.2131, 27.2479 ], [ 87.2134, 27.2495 ], [ 87.2094, 27.254 ], [ 87.2104, 27.2553 ], [ 87.21, 27.2621 ], [ 87.2117, 27.2635 ], [ 87.2093, 27.2645 ], [ 87.2107, 27.2652 ], [ 87.2105, 27.27 ], [ 87.2137, 27.2777 ], [ 87.2154, 27.2784 ], [ 87.2136, 27.2788 ], [ 87.212, 27.2824 ], [ 87.2114, 27.2853 ], [ 87.2132, 27.2883 ], [ 87.2127, 27.29 ], [ 87.2104, 27.2882 ], [ 87.2111, 27.2913 ], [ 87.209, 27.2891 ], [ 87.2047, 27.2973 ], [ 87.2036, 27.3056 ], [ 87.1992, 27.3119 ], [ 87.1964, 27.3251 ], [ 87.1975, 27.3347 ], [ 87.1957, 27.3413 ], [ 87.1959, 27.343 ], [ 87.1968, 27.3417 ], [ 87.1966, 27.3451 ], [ 87.1975, 27.3437 ], [ 87.1986, 27.3477 ], [ 87.1989, 27.3467 ], [ 87.2032, 27.3488 ], [ 87.2013, 27.3497 ], [ 87.2068, 27.3513 ], [ 87.2072, 27.3528 ], [ 87.2108, 27.3542 ], [ 87.2098, 27.3559 ], [ 87.2089, 27.3551 ], [ 87.2093, 27.3564 ], [ 87.2067, 27.3558 ], [ 87.2016, 27.3588 ], [ 87.2028, 27.3584 ], [ 87.2037, 27.3597 ], [ 87.2087, 27.3612 ], [ 87.2093, 27.3629 ], [ 87.2078, 27.3645 ], [ 87.2082, 27.3669 ], [ 87.21, 27.3676 ], [ 87.2085, 27.3685 ], [ 87.2096, 27.3722 ], [ 87.2089, 27.3762 ], [ 87.21, 27.3781 ], [ 87.2079, 27.3784 ], [ 87.2071, 27.3814 ], [ 87.2081, 27.3831 ], [ 87.207, 27.3832 ], [ 87.2068, 27.3872 ], [ 87.2033, 27.3921 ], [ 87.2018, 27.3986 ], [ 87.1958, 27.4019 ], [ 87.1891, 27.4101 ], [ 87.1895, 27.413 ], [ 87.1886, 27.4149 ], [ 87.188, 27.4138 ], [ 87.1874, 27.418 ], [ 87.1885, 27.4195 ], [ 87.184, 27.4175 ], [ 87.1842, 27.4212 ], [ 87.1825, 27.4183 ], [ 87.1818, 27.4183 ], [ 87.1827, 27.4271 ], [ 87.1861, 27.4301 ], [ 87.1836, 27.4301 ], [ 87.1874, 27.4338 ], [ 87.1849, 27.4329 ], [ 87.1847, 27.4341 ], [ 87.1868, 27.4367 ], [ 87.1894, 27.4356 ], [ 87.1926, 27.4396 ], [ 87.1896, 27.4389 ], [ 87.1918, 27.4408 ], [ 87.1883, 27.4387 ], [ 87.1912, 27.4418 ], [ 87.1885, 27.4402 ], [ 87.1902, 27.4422 ], [ 87.1884, 27.4417 ], [ 87.1965, 27.4473 ], [ 87.199, 27.447 ], [ 87.1997, 27.4479 ], [ 87.2019, 27.4465 ], [ 87.2036, 27.4477 ], [ 87.2083, 27.4463 ], [ 87.2107, 27.4481 ], [ 87.2109, 27.4506 ], [ 87.2134, 27.4501 ], [ 87.2211, 27.4533 ], [ 87.2255, 27.4599 ], [ 87.2304, 27.4634 ], [ 87.2319, 27.4677 ], [ 87.235, 27.47 ], [ 87.2369, 27.4769 ], [ 87.2421, 27.4847 ], [ 87.2501, 27.4907 ], [ 87.253, 27.4958 ], [ 87.2542, 27.4953 ], [ 87.2581, 27.5025 ], [ 87.2628, 27.5041 ], [ 87.2686, 27.5087 ], [ 87.2684, 27.5124 ], [ 87.2707, 27.5131 ], [ 87.2717, 27.5183 ], [ 87.2698, 27.5236 ], [ 87.2702, 27.5303 ], [ 87.269, 27.5317 ], [ 87.2701, 27.5332 ], [ 87.2695, 27.5319 ], [ 87.2699, 27.5315 ], [ 87.2724, 27.5331 ], [ 87.2744, 27.5366 ], [ 87.2744, 27.5358 ], [ 87.2761, 27.5366 ], [ 87.2742, 27.5383 ], [ 87.2788, 27.541 ], [ 87.2775, 27.5445 ], [ 87.2793, 27.5449 ], [ 87.2795, 27.549 ], [ 87.2822, 27.551 ], [ 87.2824, 27.5531 ], [ 87.2835, 27.5506 ], [ 87.2847, 27.5517 ], [ 87.2835, 27.5558 ], [ 87.2862, 27.5589 ], [ 87.2853, 27.5599 ], [ 87.2869, 27.5593 ], [ 87.2865, 27.558 ], [ 87.2873, 27.5592 ], [ 87.2876, 27.5625 ], [ 87.2867, 27.5623 ], [ 87.2876, 27.5636 ], [ 87.2865, 27.5626 ], [ 87.2883, 27.566 ], [ 87.2874, 27.5648 ], [ 87.2868, 27.569 ], [ 87.2872, 27.5698 ], [ 87.2872, 27.5689 ], [ 87.2878, 27.5684 ], [ 87.2875, 27.5693 ], [ 87.2889, 27.5707 ], [ 87.2883, 27.5686 ], [ 87.2895, 27.5699 ], [ 87.2898, 27.5679 ], [ 87.2905, 27.5699 ], [ 87.2905, 27.5678 ], [ 87.2912, 27.5672 ], [ 87.2907, 27.5683 ], [ 87.291, 27.5689 ], [ 87.2919, 27.5668 ], [ 87.2913, 27.5686 ], [ 87.2925, 27.5681 ], [ 87.2929, 27.5712 ], [ 87.2943, 27.5679 ], [ 87.2945, 27.5712 ], [ 87.2948, 27.5688 ], [ 87.2958, 27.5708 ], [ 87.2957, 27.5683 ], [ 87.2964, 27.5695 ], [ 87.297, 27.568 ], [ 87.2959, 27.5651 ], [ 87.2969, 27.5612 ], [ 87.2953, 27.5593 ], [ 87.2976, 27.5584 ], [ 87.299, 27.5541 ] ] } },
{ "type": "Feature", "properties": { "cls": "primary" }, "geometry": { "type": "LineString", "coordinates": [ [ 87.267, 27.1384 ], [ 87.2634, 27.1329 ], [ 87.2595, 27.1313 ], [ 87.2531, 27.1241 ], [ 87.2547, 27.1183 ], [ 87.2508, 27.1197 ], [ 87.2505, 27.1211 ], [ 87.249, 27.1209 ], [ 87.2542, 27.1123 ], [ 87.2552, 27.1122 ], [ 87.254, 27.1094 ], [ 87.2533, 27.1103 ], [ 87.252, 27.1097 ], [ 87.2539, 27.1062 ], [ 87.2498, 27.1058 ], [ 87.2484, 27.1082 ], [ 87.2471, 27.1068 ], [ 87.2524, 27.1013 ], [ 87.2556, 27.1007 ], [ 87.2576, 27.0972 ], [ 87.2594, 27.0964 ], [ 87.2571, 27.0961 ], [ 87.2489, 27.0994 ], [ 87.2481, 27.0979 ], [ 87.26, 27.0875 ], [ 87.2611, 27.0798 ], [ 87.2619, 27.0835 ], [ 87.2633, 27.0848 ], [ 87.2639, 27.079 ], [ 87.266, 27.0827 ], [ 87.267, 27.0801 ], [ 87.2663, 27.0786 ], [ 87.2675, 27.0791 ], [ 87.2682, 27.0768 ], [ 87.2714, 27.0745 ], [ 87.2711, 27.0699 ], [ 87.2694, 27.0734 ], [ 87.2692, 27.0708 ], [ 87.2696, 27.0641 ], [ 87.2715, 27.0605 ], [ 87.2761, 27.0575 ], [ 87.2791, 27.0533 ], [ 87.2853, 27.0507 ], [ 87.2894, 27.0511 ], [ 87.2967, 27.0492 ], [ 87.3101, 27.0381 ], [ 87.3135, 27.033 ] ] } },
{ "type": "Feature", "properties": { "cls": "primary" }, "geometry": { "type": "LineString", "coordinates": [ [ 87.2724, 26.4126 ], [ 87.2796, 26.4398 ], [ 87.2775, 26.4456 ] ] } },
{ "type": "Feature", "properties": { "cls": "primary" }, "geometry": { "type": "LineString", "coordinates": [ [ 87.2776, 26.4457 ], [ 87.2797, 26.4398 ], [ 87.2726, 26.4126 ] ] } },
{ "type": "Feature", "properties": { "cls": "primary" }, "geometry": { "type": "LineString", "coordinates": [ [ 87.2768, 26.3814 ], [ 87.2793, 26.3825 ], [ 87.2809, 26.385 ], [ 87.281, 26.4047 ], [ 87.2784, 26.4098 ], [ 87.2726, 26.4126 ] ] } },
{ "type": "Feature", "properties": { "cls": "primary" }, "geometry": { "type": "LineString", "coordinates": [ [ 87.2744, 26.6631 ], [ 87.2748, 26.6678 ], [ 87.2719, 26.6706 ], [ 87.271, 26.6759 ], [ 87.2759, 26.6941 ], [ 87.2752, 26.7044 ], [ 87.2777, 26.7088 ], [ 87.2776, 26.7185 ], [ 87.2841, 26.7387 ], [ 87.2861, 26.7417 ], [ 87.2855, 26.744 ], [ 87.289, 26.757 ] ] } },
{ "type": "Feature", "properties": { "cls": "primary" }, "geometry": { "type": "LineString", "coordinates": [ [ 87.2764, 26.5969 ], [ 87.2731, 26.6237 ], [ 87.2761, 26.6503 ], [ 87.2745, 26.6626 ] ] } },
{ "type": "Feature", "properties": { "cls": "primary" }, "geometry": { "type": "LineString", "coordinates": [ [ 87.289, 26.757 ], [ 87.2856, 26.744 ], [ 87.2862, 26.7417 ], [ 87.2842, 26.7387 ], [ 87.2777, 26.7185 ], [ 87.2778, 26.7088 ], [ 87.2753, 26.7044 ], [ 87.276, 26.694 ], [ 87.2711, 26.6759 ], [ 87.272, 26.6706 ], [ 87.2749, 26.6678 ], [ 87.2746, 26.663 ] ] } },
{ "type": "Feature", "properties": { "cls": "primary" }, "geometry": { "type": "LineString", "coordinates": [ [ 87.2764, 26.473 ], [ 87.2775, 26.4874 ], [ 87.2804, 26.5018 ] ] } },
{ "type": "Feature", "properties": { "cls": "primary" }, "geometry": { "type": "LineString", "coordinates": [ [ 87.2805, 26.5018 ], [ 87.2777, 26.4874 ], [ 87.2765, 26.473 ] ] } },
{ "type": "Feature", "properties": { "cls": "primary" }, "geometry": { "type": "LineString", "coordinates": [ [ 87.2804, 26.5018 ], [ 87.2819, 26.5095 ], [ 87.2787, 26.5301 ], [ 87.283, 26.55 ], [ 87.2793, 26.558 ] ] } },
{ "type": "Feature", "properties": { "cls": "primary" }, "geometry": { "type": "LineString", "coordinates": [ [ 87.2793, 26.558 ], [ 87.2831, 26.55 ], [ 87.2788, 26.5301 ], [ 87.2821, 26.5094 ], [ 87.2805, 26.5018 ] ] } },
{ "type": "Feature", "properties": { "cls": "primary" }, "geometry": { "type": "LineString", "coordinates": [ [ 87.2899, 26.4996 ], [ 87.2891, 26.4929 ], [ 87.284, 26.4829 ], [ 87.2842, 26.4731 ] ] } },
{ "type": "Feature", "properties": { "cls": "primary" }, "geometry": { "type": "LineString", "coordinates": [ [ 87.2842, 26.4731 ], [ 87.2838, 26.4824 ], [ 87.289, 26.4929 ], [ 87.2898, 26.4996 ] ] } },
{ "type": "Feature", "properties": { "cls": "primary" }, "geometry": { "type": "LineString", "coordinates": [ [ 87.3135, 27.033 ], [ 87.3128, 27.026 ], [ 87.3155, 27.0191 ], [ 87.3179, 27.0169 ], [ 87.3186, 27.0183 ], [ 87.3188, 27.0154 ], [ 87.3196, 27.0178 ], [ 87.3199, 27.0149 ], [ 87.3232, 27.0109 ], [ 87.3229, 27.0139 ], [ 87.3252, 27.0113 ], [ 87.3245, 27.0124 ], [ 87.3246, 27.0133 ], [ 87.3258, 27.0111 ], [ 87.3259, 27.0059 ], [ 87.3273, 27.0036 ], [ 87.3276, 27.0058 ], [ 87.3288, 27.0024 ], [ 87.3295, 27.0057 ], [ 87.3337, 26.9917 ], [ 87.3357, 26.9912 ], [ 87.337, 26.9927 ], [ 87.3372, 26.9908 ], [ 87.3393, 26.99 ], [ 87.3424, 26.9853 ], [ 87.342, 26.9834 ], [ 87.34, 26.9835 ], [ 87.3393, 26.9817 ], [ 87.3382, 26.9826 ], [ 87.3389, 26.9811 ], [ 87.3412, 26.9806 ], [ 87.3431, 26.9746 ], [ 87.3425, 26.9731 ], [ 87.3368, 26.9783 ], [ 87.3275, 26.979 ], [ 87.3258, 26.9839 ], [ 87.3261, 26.9774 ], [ 87.3236, 26.9801 ], [ 87.3228, 26.9857 ], [ 87.3184, 26.9809 ], [ 87.316, 26.981 ], [ 87.3177, 26.9731 ], [ 87.317, 26.9682 ], [ 87.3196, 26.9656 ], [ 87.3219, 26.966 ], [ 87.3208, 26.9654 ], [ 87.3228, 26.9631 ], [ 87.3211, 26.9606 ], [ 87.3265, 26.9582 ], [ 87.3264, 26.9561 ], [ 87.3289, 26.9516 ], [ 87.325, 26.9483 ], [ 87.3252, 26.9448 ], [ 87.327, 26.9426 ], [ 87.3267, 26.9395 ], [ 87.3235, 26.9392 ], [ 87.3227, 26.9388 ], [ 87.3269, 26.9381 ], [ 87.3243, 26.938 ], [ 87.3272, 26.9366 ], [ 87.3239, 26.9367 ], [ 87.3245, 26.936 ], [ 87.3297, 26.9347 ], [ 87.3247, 26.9345 ], [ 87.3274, 26.9333 ], [ 87.3191, 26.9311 ], [ 87.316, 26.9282 ], [ 87.317, 26.9226 ], [ 87.3129, 26.9171 ], [ 87.3132, 26.9151 ], [ 87.3097, 26.9133 ], [ 87.3083, 26.9065 ], [ 87.3095, 26.9036 ], [ 87.3176, 26.8957 ], [ 87.3219, 26.8947 ], [ 87.3255, 26.888 ], [ 87.3347, 26.8805 ], [ 87.3304, 26.8808 ], [ 87.329, 26.883 ], [ 87.3292, 26.8798 ], [ 87.332, 26.8799 ], [ 87.3326, 26.8778 ], [ 87.3312, 26.8789 ], [ 87.3286, 26.8785 ], [ 87.3247, 26.8844 ], [ 87.3247, 26.881 ], [ 87.3239, 26.883 ], [ 87.3233, 26.8815 ], [ 87.3239, 26.8783 ], [ 87.3275, 26.8747 ], [ 87.3214, 26.8768 ], [ 87.3244, 26.8753 ], [ 87.3251, 26.8726 ], [ 87.324, 26.8718 ], [ 87.3249, 26.8703 ], [ 87.3222, 26.8733 ], [ 87.32, 26.8728 ], [ 87.3211, 26.8718 ], [ 87.3165, 26.8702 ], [ 87.3196, 26.8687 ], [ 87.3155, 26.8672 ], [ 87.3213, 26.8624 ], [ 87.3223, 26.8572 ], [ 87.3205, 26.8595 ], [ 87.3194, 26.8591 ], [ 87.3209, 26.8576 ], [ 87.3208, 26.8542 ], [ 87.3166, 26.8529 ], [ 87.3194, 26.8547 ], [ 87.3155, 26.8536 ], [ 87.3175, 26.8547 ], [ 87.3063, 26.8537 ], [ 87.3086, 26.8552 ], [ 87.3035, 26.8537 ], [ 87.3074, 26.8568 ], [ 87.3051, 26.8568 ], [ 87.3022, 26.8546 ], [ 87.3022, 26.8522 ], [ 87.3017, 26.8517 ], [ 87.3012, 26.8542 ], [ 87.3011, 26.8523 ], [ 87.3002, 26.8547 ], [ 87.3004, 26.8529 ], [ 87.2994, 26.8529 ], [ 87.2996, 26.8553 ], [ 87.2985, 26.8532 ], [ 87.2989, 26.8519 ], [ 87.2984, 26.8514 ], [ 87.2978, 26.855 ], [ 87.2976, 26.8511 ], [ 87.3004, 26.8486 ], [ 87.2976, 26.8467 ], [ 87.2995, 26.8439 ], [ 87.2997, 26.8411 ], [ 87.2984, 26.8419 ], [ 87.2973, 26.8415 ], [ 87.3006, 26.8397 ], [ 87.2976, 26.839 ], [ 87.2993, 26.8385 ], [ 87.3002, 26.8352 ], [ 87.2943, 26.8366 ], [ 87.2926, 26.8326 ], [ 87.2864, 26.8295 ], [ 87.2847, 26.8065 ] ] } },
{ "type": "Feature", "properties": { "cls": "primary" }, "geometry": { "type": "LineString", "coordinates": [ [ 87.2847, 26.8065 ], [ 87.285, 26.8049 ], [ 87.2894, 26.8015 ], [ 87.2907, 26.7923 ], [ 87.291, 26.7843 ], [ 87.2876, 26.7599 ], [ 87.289, 26.757 ] ] } },
{ "type": "Feature", "properties": { "cls": "primary" }, "geometry": { "type": "LineString", "coordinates": [ [ 87.2895, 26.4192 ], [ 87.287, 26.4583 ] ] } },
{ "type": "Feature", "properties": { "cls": "primary" }, "geometry": { "type": "LineString", "coordinates": [ [ 87.6061, 26.4466 ], [ 87.5942, 26.449 ], [ 87.5921, 26.4515 ], [ 87.591, 26.4559 ], [ 87.5877, 26.4571 ], [ 87.5825, 26.4568 ], [ 87.5768, 26.4495 ], [ 87.5506, 26.4547 ], [ 87.5254, 26.4622 ], [ 87.5101, 26.4626 ], [ 87.5042, 26.461 ], [ 87.4948, 26.4609 ], [ 87.473, 26.4661 ], [ 87.4532, 26.4652 ], [ 87.4444, 26.4671 ], [ 87.4387, 26.4668 ], [ 87.4329, 26.4695 ], [ 87.4269, 26.4695 ], [ 87.4194, 26.4729 ], [ 87.4137, 26.473 ], [ 87.4072, 26.4712 ], [ 87.4025, 26.4722 ], [ 87.366, 26.4725 ], [ 87.3636, 26.4694 ], [ 87.3588, 26.467 ], [ 87.3565, 26.4675 ], [ 87.3596, 26.4721 ], [ 87.3586, 26.4729 ], [ 87.353, 26.4718 ], [ 87.3378, 26.4654 ], [ 87.3216, 26.4656 ], [ 87.3144, 26.4612 ], [ 87.2976, 26.4592 ], [ 87.2905, 26.4601 ], [ 87.287, 26.4584 ] ] } },
{ "type": "Feature", "properties": { "cls": "primary" }, "geometry": { "type": "LineString", "coordinates": [ [ 87.3269, 26.5177 ], [ 87.2956, 26.5015 ] ] } },
{ "type": "Feature", "properties": { "cls": "primary" }, "geometry": { "type": "LineString", "coordinates": [ [ 87.3135, 27.033 ], [ 87.3169, 27.0379 ], [ 87.3158, 27.0382 ], [ 87.3161, 27.0394 ], [ 87.3206, 27.0429 ], [ 87.3214, 27.0455 ], [ 87.3264, 27.0487 ], [ 87.3312, 27.0493 ], [ 87.3343, 27.0473 ], [ 87.3425, 27.0477 ], [ 87.3502, 27.0446 ], [ 87.3534, 27.0486 ], [ 87.3626, 27.055 ], [ 87.3697, 27.0568 ], [ 87.3724, 27.0562 ], [ 87.3707, 27.0569 ], [ 87.3799, 27.0611 ], [ 87.3824, 27.0653 ], [ 87.382, 27.0672 ], [ 87.3866, 27.0714 ], [ 87.388, 27.0767 ], [ 87.3915, 27.0826 ], [ 87.3911, 27.0906 ], [ 87.3893, 27.0943 ], [ 87.3904, 27.0939 ], [ 87.3889, 27.0977 ], [ 87.3854, 27.1009 ], [ 87.3919, 27.1069 ], [ 87.3945, 27.1154 ], [ 87.3951, 27.1241 ], [ 87.3983, 27.1284 ], [ 87.4051, 27.1307 ], [ 87.4054, 27.1297 ], [ 87.406, 27.132 ], [ 87.4063, 27.1298 ], [ 87.4081, 27.1334 ], [ 87.4075, 27.1362 ], [ 87.4091, 27.1418 ], [ 87.4112, 27.1447 ], [ 87.4105, 27.1469 ], [ 87.4119, 27.1524 ], [ 87.4142, 27.155 ], [ 87.4197, 27.1571 ], [ 87.425, 27.1654 ], [ 87.4303, 27.1678 ], [ 87.4427, 27.1657 ], [ 87.4426, 27.1646 ], [ 87.4477, 27.1622 ], [ 87.4468, 27.1608 ], [ 87.4495, 27.1585 ], [ 87.4497, 27.1515 ], [ 87.4575, 27.1475 ], [ 87.4614, 27.1567 ], [ 87.4708, 27.1633 ], [ 87.4727, 27.1667 ], [ 87.4722, 27.1646 ], [ 87.4761, 27.1682 ], [ 87.4764, 27.1673 ], [ 87.4773, 27.1734 ], [ 87.476, 27.1746 ], [ 87.4773, 27.1749 ], [ 87.4777, 27.177 ], [ 87.484, 27.1695 ], [ 87.4847, 27.1639 ], [ 87.489, 27.1603 ], [ 87.4951, 27.1608 ], [ 87.5008, 27.1642 ], [ 87.5076, 27.1642 ], [ 87.5119, 27.1629 ], [ 87.5142, 27.1563 ], [ 87.5125, 27.1558 ], [ 87.5112, 27.1578 ], [ 87.5118, 27.1549 ], [ 87.5209, 27.1537 ], [ 87.5246, 27.1503 ], [ 87.5264, 27.1437 ], [ 87.5283, 27.1436 ], [ 87.5296, 27.1413 ], [ 87.5331, 27.1309 ], [ 87.533, 27.1361 ], [ 87.5312, 27.1403 ], [ 87.5342, 27.1389 ], [ 87.5322, 27.1414 ], [ 87.5286, 27.1543 ], [ 87.5309, 27.1534 ], [ 87.527, 27.1587 ], [ 87.5251, 27.166 ], [ 87.5273, 27.1688 ], [ 87.5268, 27.1644 ], [ 87.5302, 27.1641 ], [ 87.532, 27.1622 ], [ 87.531, 27.1665 ], [ 87.533, 27.1644 ], [ 87.5338, 27.1698 ], [ 87.5352, 27.1714 ], [ 87.5381, 27.1715 ], [ 87.538, 27.1736 ], [ 87.5358, 27.1731 ], [ 87.536, 27.1751 ], [ 87.5372, 27.1744 ], [ 87.5357, 27.1763 ], [ 87.536, 27.1777 ], [ 87.5361, 27.1766 ], [ 87.5381, 27.1757 ], [ 87.5368, 27.1771 ], [ 87.5401, 27.1764 ], [ 87.543, 27.1724 ], [ 87.5468, 27.1731 ], [ 87.5447, 27.1695 ], [ 87.5454, 27.1678 ], [ 87.5464, 27.1707 ], [ 87.5502, 27.1739 ], [ 87.5469, 27.1752 ], [ 87.5516, 27.1767 ], [ 87.5522, 27.1742 ], [ 87.5552, 27.1772 ], [ 87.5548, 27.1734 ], [ 87.5586, 27.164 ], [ 87.5617, 27.1611 ], [ 87.564, 27.1542 ], [ 87.5663, 27.1533 ], [ 87.5667, 27.1514 ], [ 87.569, 27.1499 ], [ 87.5684, 27.153 ], [ 87.5697, 27.1523 ], [ 87.5707, 27.1483 ], [ 87.5725, 27.1499 ], [ 87.5756, 27.1495 ], [ 87.5774, 27.1473 ], [ 87.5795, 27.1494 ], [ 87.5813, 27.1482 ], [ 87.582, 27.149 ], [ 87.5874, 27.1479 ], [ 87.588, 27.1452 ], [ 87.59, 27.1468 ], [ 87.5943, 27.1473 ], [ 87.5965, 27.146 ], [ 87.5969, 27.1478 ], [ 87.5956, 27.1484 ], [ 87.5997, 27.1492 ], [ 87.5995, 27.1522 ], [ 87.5915, 27.1586 ], [ 87.5909, 27.1614 ], [ 87.5887, 27.163 ], [ 87.5891, 27.1659 ], [ 87.5865, 27.1704 ], [ 87.5864, 27.1727 ], [ 87.5882, 27.1743 ], [ 87.586, 27.1762 ], [ 87.5874, 27.1817 ], [ 87.5859, 27.1821 ], [ 87.5842, 27.1888 ], [ 87.5874, 27.1983 ], [ 87.5875, 27.2002 ], [ 87.5861, 27.2014 ], [ 87.5901, 27.198 ], [ 87.5897, 27.1967 ], [ 87.5913, 27.1979 ], [ 87.5898, 27.2006 ], [ 87.5932, 27.1979 ], [ 87.5917, 27.1955 ], [ 87.5948, 27.1976 ], [ 87.5925, 27.1996 ], [ 87.5924, 27.201 ], [ 87.5936, 27.1987 ], [ 87.597, 27.1978 ], [ 87.5954, 27.1958 ], [ 87.598, 27.1969 ], [ 87.5998, 27.1966 ], [ 87.5979, 27.1959 ], [ 87.5998, 27.1958 ], [ 87.6025, 27.1972 ], [ 87.598, 27.1986 ], [ 87.5998, 27.1987 ], [ 87.6039, 27.1979 ], [ 87.6042, 27.195 ], [ 87.6051, 27.1991 ], [ 87.6028, 27.1993 ], [ 87.6009, 27.2006 ], [ 87.6062, 27.1996 ], [ 87.6079, 27.1981 ], [ 87.6072, 27.1971 ], [ 87.6082, 27.1976 ], [ 87.6081, 27.1989 ], [ 87.6048, 27.2015 ], [ 87.607, 27.2017 ], [ 87.609, 27.1992 ], [ 87.609, 27.1934 ], [ 87.6106, 27.1991 ], [ 87.6086, 27.2026 ], [ 87.6118, 27.1992 ], [ 87.6121, 27.1967 ], [ 87.6126, 27.1984 ], [ 87.6106, 27.2015 ], [ 87.6109, 27.2043 ], [ 87.6121, 27.2017 ], [ 87.6121, 27.2042 ], [ 87.6101, 27.2051 ], [ 87.6148, 27.2055 ], [ 87.6134, 27.2068 ], [ 87.6168, 27.2046 ], [ 87.614, 27.2081 ], [ 87.6161, 27.2074 ], [ 87.6145, 27.2106 ], [ 87.6202, 27.2063 ], [ 87.6178, 27.21 ], [ 87.6189, 27.2089 ], [ 87.6189, 27.2103 ], [ 87.6219, 27.2077 ], [ 87.62, 27.2112 ], [ 87.621, 27.2127 ], [ 87.6256, 27.2071 ], [ 87.6261, 27.2068 ], [ 87.6251, 27.2096 ], [ 87.6254, 27.2102 ], [ 87.6282, 27.2069 ], [ 87.6272, 27.2107 ], [ 87.6314, 27.2092 ], [ 87.6283, 27.2126 ], [ 87.6299, 27.2136 ], [ 87.6295, 27.2151 ], [ 87.6356, 27.2123 ], [ 87.6366, 27.2133 ], [ 87.635, 27.2131 ], [ 87.6349, 27.2145 ], [ 87.6392, 27.2139 ], [ 87.6373, 27.216 ], [ 87.6392, 27.2151 ], [ 87.64, 27.2158 ], [ 87.6382, 27.2163 ], [ 87.6367, 27.2198 ], [ 87.6397, 27.2188 ], [ 87.64, 27.2206 ], [ 87.6457, 27.2187 ], [ 87.6467, 27.2205 ], [ 87.6505, 27.2193 ], [ 87.6516, 27.2197 ], [ 87.6493, 27.2216 ], [ 87.6489, 27.2236 ], [ 87.6575, 27.2186 ], [ 87.6617, 27.2199 ], [ 87.6584, 27.2208 ], [ 87.6564, 27.2237 ], [ 87.669, 27.2231 ], [ 87.6721, 27.2258 ], [ 87.6867, 27.2281 ], [ 87.6922, 27.2262 ], [ 87.6933, 27.2243 ], [ 87.6898, 27.2165 ], [ 87.6854, 27.2113 ], [ 87.6861, 27.2076 ], [ 87.6846, 27.2057 ], [ 87.6851, 27.2014 ], [ 87.684, 27.1964 ], [ 87.6825, 27.1951 ], [ 87.6862, 27.1919 ], [ 87.6875, 27.1889 ], [ 87.6866, 27.1858 ], [ 87.6882, 27.1831 ], [ 87.6883, 27.1789 ], [ 87.6903, 27.1775 ], [ 87.6899, 27.1801 ], [ 87.6929, 27.1771 ], [ 87.6946, 27.1737 ], [ 87.6942, 27.1706 ], [ 87.6953, 27.1718 ], [ 87.6949, 27.1699 ], [ 87.6982, 27.169 ], [ 87.6999, 27.1653 ], [ 87.6998, 27.1662 ], [ 87.7011, 27.1654 ], [ 87.7, 27.1696 ], [ 87.7028, 27.1678 ], [ 87.7022, 27.1692 ], [ 87.7024, 27.1698 ], [ 87.7037, 27.1678 ], [ 87.7032, 27.1654 ], [ 87.7049, 27.1628 ], [ 87.7036, 27.1628 ], [ 87.7032, 27.1602 ], [ 87.6975, 27.1569 ], [ 87.7017, 27.1564 ], [ 87.7034, 27.1578 ], [ 87.7026, 27.1568 ], [ 87.7042, 27.157 ], [ 87.7028, 27.1558 ], [ 87.7043, 27.1561 ], [ 87.709, 27.1603 ], [ 87.7081, 27.1583 ], [ 87.7098, 27.1592 ], [ 87.7087, 27.1577 ], [ 87.7097, 27.1576 ], [ 87.7065, 27.1531 ], [ 87.7085, 27.1522 ], [ 87.7112, 27.1543 ], [ 87.7082, 27.1508 ], [ 87.71, 27.1488 ], [ 87.7062, 27.1455 ], [ 87.7016, 27.1448 ], [ 87.7005, 27.143 ], [ 87.6962, 27.1431 ], [ 87.6952, 27.1408 ], [ 87.6979, 27.1398 ], [ 87.6974, 27.137 ], [ 87.7007, 27.1369 ] ] } },
{ "type": "Feature", "properties": { "cls": "primary" }, "geometry": { "type": "LineString", "coordinates": [ [ 87.6381, 26.6637 ], [ 87.6374, 26.6579 ], [ 87.6344, 26.6514 ], [ 87.6344, 26.6475 ], [ 87.6301, 26.6372 ], [ 87.624, 26.6285 ], [ 87.6244, 26.6254 ], [ 87.6113, 26.5982 ], [ 87.6116, 26.5844 ], [ 87.6091, 26.5765 ], [ 87.6098, 26.5724 ], [ 87.6088, 26.5671 ], [ 87.6106, 26.5613 ], [ 87.6081, 26.5528 ], [ 87.6136, 26.5393 ], [ 87.6138, 26.5366 ], [ 87.6122, 26.5336 ], [ 87.6126, 26.5296 ], [ 87.6159, 26.5168 ], [ 87.6189, 26.5122 ], [ 87.6165, 26.4977 ], [ 87.6121, 26.4975 ], [ 87.6105, 26.493 ], [ 87.6139, 26.4806 ], [ 87.612, 26.4726 ], [ 87.614, 26.4605 ], [ 87.6114, 26.4533 ], [ 87.6115, 26.4459 ] ] } },
{ "type": "Feature", "properties": { "cls": "primary" }, "geometry": { "type": "LineString", "coordinates": [ [ 87.6137, 26.4458 ], [ 87.6216, 26.4455 ], [ 87.6244, 26.447 ], [ 87.6417, 26.4488 ], [ 87.6732, 26.4618 ], [ 87.6981, 26.4633 ], [ 87.7059, 26.4649 ], [ 87.7107, 26.4674 ] ] } },
{ "type": "Feature", "properties": { "cls": "primary" }, "geometry": { "type": "LineString", "coordinates": [ [ 87.7007, 27.1369 ], [ 87.6977, 27.1353 ], [ 87.6998, 27.1348 ], [ 87.6964, 27.135 ], [ 87.6987, 27.1333 ], [ 87.6953, 27.1347 ], [ 87.6954, 27.1333 ], [ 87.6973, 27.1322 ], [ 87.6956, 27.1327 ], [ 87.6956, 27.1305 ], [ 87.6932, 27.1309 ], [ 87.6951, 27.1295 ], [ 87.6932, 27.1289 ], [ 87.6911, 27.1251 ], [ 87.6897, 27.1246 ], [ 87.6913, 27.1272 ], [ 87.6886, 27.1255 ], [ 87.6897, 27.1278 ], [ 87.6878, 27.1258 ], [ 87.6901, 27.1292 ], [ 87.6875, 27.1292 ], [ 87.6886, 27.1298 ], [ 87.689, 27.1303 ], [ 87.6819, 27.1265 ], [ 87.6827, 27.1249 ], [ 87.68, 27.1232 ], [ 87.6787, 27.1173 ], [ 87.6745, 27.1155 ], [ 87.6747, 27.1166 ], [ 87.674, 27.1144 ], [ 87.6705, 27.114 ], [ 87.6674, 27.1083 ], [ 87.6665, 27.1126 ], [ 87.6656, 27.1119 ], [ 87.6663, 27.1135 ], [ 87.665, 27.1135 ], [ 87.6628, 27.1098 ], [ 87.6631, 27.1052 ], [ 87.6612, 27.1002 ], [ 87.6513, 27.0934 ], [ 87.6499, 27.0891 ], [ 87.644, 27.0798 ], [ 87.6458, 27.075 ], [ 87.6453, 27.0722 ], [ 87.6475, 27.0684 ], [ 87.6442, 27.0685 ] ] } },
{ "type": "Feature", "properties": { "cls": "primary" }, "geometry": { "type": "LineString", "coordinates": [ [ 87.6717, 27.3581 ], [ 87.6663, 27.3546 ], [ 87.6658, 27.3531 ], [ 87.6586, 27.3529 ], [ 87.6625, 27.3508 ], [ 87.6607, 27.3504 ], [ 87.6705, 27.3479 ], [ 87.6649, 27.3472 ], [ 87.6693, 27.3458 ], [ 87.6714, 27.3423 ], [ 87.6708, 27.3376 ], [ 87.6737, 27.3346 ], [ 87.6672, 27.338 ], [ 87.6669, 27.3401 ], [ 87.6652, 27.3418 ], [ 87.666, 27.3397 ], [ 87.6648, 27.3372 ], [ 87.6659, 27.3346 ], [ 87.6743, 27.329 ], [ 87.6751, 27.3238 ], [ 87.6774, 27.3221 ], [ 87.678, 27.3194 ], [ 87.6794, 27.3195 ], [ 87.678, 27.3185 ], [ 87.68, 27.3187 ], [ 87.6792, 27.3185 ], [ 87.6776, 27.3171 ], [ 87.6815, 27.3188 ], [ 87.678, 27.3161 ], [ 87.686, 27.3194 ], [ 87.6861, 27.3211 ], [ 87.6899, 27.323 ], [ 87.6885, 27.3157 ], [ 87.6893, 27.3144 ], [ 87.687, 27.3113 ], [ 87.6902, 27.3102 ], [ 87.6925, 27.3072 ], [ 87.6923, 27.3049 ], [ 87.6946, 27.3031 ], [ 87.701, 27.3029 ], [ 87.6993, 27.2973 ], [ 87.7014, 27.2959 ], [ 87.701, 27.2947 ], [ 87.7073, 27.2929 ], [ 87.7103, 27.2901 ], [ 87.7128, 27.2917 ], [ 87.7179, 27.2892 ], [ 87.7183, 27.2915 ], [ 87.7189, 27.2906 ], [ 87.7202, 27.2929 ], [ 87.7202, 27.2911 ], [ 87.721, 27.2925 ], [ 87.7216, 27.2923 ], [ 87.7202, 27.286 ], [ 87.7233, 27.2855 ], [ 87.7239, 27.2853 ], [ 87.7218, 27.2846 ], [ 87.7246, 27.2812 ], [ 87.7203, 27.2829 ], [ 87.7233, 27.2789 ], [ 87.7219, 27.2793 ], [ 87.7221, 27.2778 ], [ 87.7204, 27.2786 ], [ 87.722, 27.2753 ], [ 87.7186, 27.2776 ], [ 87.7194, 27.2752 ], [ 87.7171, 27.2765 ], [ 87.7185, 27.2736 ], [ 87.7227, 27.2706 ], [ 87.7238, 27.271 ], [ 87.7259, 27.2702 ], [ 87.7213, 27.2704 ], [ 87.7203, 27.2714 ], [ 87.7186, 27.2705 ], [ 87.7143, 27.2742 ], [ 87.7094, 27.2752 ], [ 87.7134, 27.2735 ], [ 87.7168, 27.2683 ], [ 87.7209, 27.266 ], [ 87.7237, 27.2665 ], [ 87.7251, 27.2644 ], [ 87.7273, 27.2637 ], [ 87.7334, 27.2656 ], [ 87.7442, 27.2638 ], [ 87.7576, 27.2669 ], [ 87.7623, 27.2662 ], [ 87.7638, 27.2646 ], [ 87.7667, 27.2661 ], [ 87.7694, 27.2568 ], [ 87.773, 27.2552 ], [ 87.7841, 27.2569 ], [ 87.7854, 27.2584 ], [ 87.7905, 27.2567 ], [ 87.7981, 27.259 ], [ 87.7896, 27.2532 ], [ 87.8031, 27.2544 ], [ 87.8037, 27.2537 ], [ 87.7998, 27.2517 ], [ 87.7935, 27.2503 ], [ 87.8, 27.2506 ], [ 87.8053, 27.2477 ], [ 87.8032, 27.2478 ], [ 87.8124, 27.2443 ], [ 87.8211, 27.2432 ], [ 87.8259, 27.236 ], [ 87.8255, 27.2329 ], [ 87.8277, 27.2312 ], [ 87.8267, 27.2289 ], [ 87.8285, 27.2274 ], [ 87.8278, 27.224 ], [ 87.8295, 27.2233 ], [ 87.8287, 27.2192 ], [ 87.8223, 27.2178 ], [ 87.8171, 27.2112 ], [ 87.8154, 27.2114 ], [ 87.8101, 27.2044 ], [ 87.807, 27.204 ], [ 87.8014, 27.1999 ], [ 87.7995, 27.2009 ], [ 87.7952, 27.1971 ], [ 87.7916, 27.1968 ], [ 87.7909, 27.1936 ], [ 87.7922, 27.1952 ], [ 87.7919, 27.1931 ], [ 87.7886, 27.1925 ], [ 87.7807, 27.1868 ], [ 87.7716, 27.1839 ], [ 87.7678, 27.1846 ], [ 87.7628, 27.1833 ], [ 87.7597, 27.1848 ], [ 87.7621, 27.182 ], [ 87.7752, 27.1797 ], [ 87.782, 27.175 ], [ 87.7752, 27.1767 ], [ 87.766, 27.1759 ], [ 87.7724, 27.1745 ], [ 87.7676, 27.1741 ], [ 87.7717, 27.1728 ], [ 87.7707, 27.1721 ], [ 87.766, 27.1727 ], [ 87.7689, 27.1707 ], [ 87.7722, 27.1708 ], [ 87.769, 27.1696 ], [ 87.7632, 27.1698 ], [ 87.7604, 27.1713 ], [ 87.7588, 27.1672 ], [ 87.7609, 27.1682 ], [ 87.7611, 27.1674 ], [ 87.7575, 27.1646 ], [ 87.7562, 27.1657 ], [ 87.7568, 27.1645 ], [ 87.7595, 27.1644 ], [ 87.7618, 27.1656 ], [ 87.7617, 27.1633 ], [ 87.7643, 27.1651 ], [ 87.7654, 27.1629 ], [ 87.7628, 27.1631 ], [ 87.7571, 27.1605 ], [ 87.7546, 27.1619 ], [ 87.7541, 27.1611 ], [ 87.7584, 27.1591 ], [ 87.7583, 27.1605 ], [ 87.7601, 27.1603 ], [ 87.7591, 27.1596 ], [ 87.7593, 27.1578 ], [ 87.7556, 27.1591 ], [ 87.7568, 27.1569 ], [ 87.7559, 27.1551 ], [ 87.7502, 27.1541 ], [ 87.7478, 27.1528 ], [ 87.746, 27.1496 ], [ 87.7418, 27.1488 ], [ 87.7446, 27.1487 ], [ 87.7419, 27.1481 ], [ 87.7415, 27.1475 ], [ 87.7463, 27.1479 ] ] } },
{ "type": "Feature", "properties": { "cls": "primary" }, "geometry": { "type": "LineString", "coordinates": [ [ 87.7007, 27.1369 ], [ 87.7043, 27.1364 ], [ 87.7063, 27.1384 ], [ 87.709, 27.1381 ], [ 87.7076, 27.1392 ], [ 87.7144, 27.1378 ], [ 87.7157, 27.1414 ], [ 87.7189, 27.143 ], [ 87.7208, 27.1423 ], [ 87.725, 27.1455 ], [ 87.7323, 27.1433 ], [ 87.74, 27.143 ], [ 87.7463, 27.1479 ] ] } },
{ "type": "Feature", "properties": { "cls": "primary" }, "geometry": { "type": "LineString", "coordinates": [ [ 88.0869, 26.5395 ], [ 88.0756, 26.5374 ], [ 88.0666, 26.5338 ], [ 88.0254, 26.5252 ], [ 88.0217, 26.5234 ], [ 88.0129, 26.5152 ], [ 88.0066, 26.5141 ], [ 87.9961, 26.5086 ], [ 87.9804, 26.5052 ], [ 87.9732, 26.5067 ], [ 87.9629, 26.5045 ], [ 87.9418, 26.5053 ], [ 87.9179, 26.509 ], [ 87.9066, 26.505 ], [ 87.9043, 26.5103 ], [ 87.8995, 26.5133 ], [ 87.8962, 26.5175 ], [ 87.8814, 26.5179 ], [ 87.88, 26.5174 ], [ 87.8763, 26.5092 ], [ 87.8746, 26.4999 ], [ 87.8728, 26.4964 ], [ 87.8632, 26.4825 ], [ 87.8587, 26.4804 ], [ 87.8541, 26.4809 ], [ 87.8479, 26.4787 ], [ 87.8405, 26.4789 ], [ 87.8182, 26.4882 ], [ 87.7968, 26.49 ], [ 87.7871, 26.4873 ], [ 87.7803, 26.4832 ], [ 87.767, 26.4791 ], [ 87.7639, 26.4765 ], [ 87.7547, 26.4728 ], [ 87.7485, 26.4744 ], [ 87.7314, 26.4753 ], [ 87.7107, 26.4674 ] ] } },
{ "type": "Feature", "properties": { "cls": "primary" }, "geometry": { "type": "LineString", "coordinates": [ [ 87.7143, 26.646 ], [ 87.7088, 26.6213 ], [ 87.7094, 26.6128 ], [ 87.707, 26.5985 ], [ 87.7095, 26.5849 ], [ 87.7136, 26.5756 ], [ 87.7113, 26.5703 ], [ 87.7143, 26.5644 ], [ 87.714, 26.5572 ], [ 87.7206, 26.5443 ], [ 87.7175, 26.526 ], [ 87.7215, 26.5122 ], [ 87.7163, 26.4939 ], [ 87.7137, 26.4919 ], [ 87.7115, 26.4857 ], [ 87.7107, 26.4674 ] ] } },
{ "type": "Feature", "properties": { "cls": "primary" }, "geometry": { "type": "LineString", "coordinates": [ [ 88.0681, 26.8955 ], [ 88.0585, 26.8957 ], [ 88.0535, 26.8932 ], [ 88.0512, 26.8932 ], [ 88.0508, 26.8943 ], [ 88.048, 26.8936 ], [ 88.0423, 26.891 ], [ 88.0386, 26.8876 ], [ 88.0363, 26.8832 ], [ 88.0284, 26.8827 ], [ 88.0262, 26.877 ], [ 88.0245, 26.8784 ], [ 88.0109, 26.8711 ], [ 88.0087, 26.8719 ], [ 88.0042, 26.8683 ], [ 87.9998, 26.8707 ], [ 88.0008, 26.8714 ], [ 87.9986, 26.8717 ], [ 87.9998, 26.8724 ], [ 87.9977, 26.8724 ], [ 87.9989, 26.8732 ], [ 87.9972, 26.8733 ], [ 87.9981, 26.8734 ], [ 87.9978, 26.8751 ], [ 87.9909, 26.8765 ], [ 87.9839, 26.8816 ], [ 87.9846, 26.8802 ], [ 87.9825, 26.881 ], [ 87.983, 26.8831 ], [ 87.9795, 26.8799 ], [ 87.9761, 26.879 ], [ 87.9768, 26.8785 ], [ 87.9735, 26.8787 ], [ 87.9751, 26.8782 ], [ 87.97, 26.876 ], [ 87.9645, 26.8764 ], [ 87.9633, 26.8781 ], [ 87.9616, 26.8775 ], [ 87.9628, 26.8786 ], [ 87.9524, 26.8758 ], [ 87.9489, 26.8781 ], [ 87.9464, 26.8774 ], [ 87.9429, 26.8786 ], [ 87.9397, 26.8772 ], [ 87.9403, 26.879 ], [ 87.9413, 26.8786 ], [ 87.9401, 26.8797 ], [ 87.9415, 26.8799 ], [ 87.9393, 26.8807 ], [ 87.9408, 26.8815 ], [ 87.938, 26.8834 ], [ 87.9329, 26.8849 ], [ 87.9325, 26.884 ], [ 87.9352, 26.8834 ], [ 87.9317, 26.8822 ], [ 87.9296, 26.8829 ], [ 87.9321, 26.8871 ], [ 87.9285, 26.8836 ], [ 87.9275, 26.8853 ], [ 87.9267, 26.8828 ], [ 87.9263, 26.8856 ], [ 87.9257, 26.8823 ], [ 87.9226, 26.8824 ], [ 87.9173, 26.8796 ], [ 87.9187, 26.8824 ], [ 87.9218, 26.8844 ], [ 87.9127, 26.8818 ], [ 87.9177, 26.8863 ], [ 87.918, 26.888 ], [ 87.9174, 26.8863 ], [ 87.9156, 26.8859 ], [ 87.9169, 26.8865 ], [ 87.9218, 26.9015 ], [ 87.9258, 26.9034 ], [ 87.9261, 26.9047 ], [ 87.9339, 26.9054 ], [ 87.9341, 26.9087 ], [ 87.933, 26.9074 ], [ 87.9329, 26.912 ], [ 87.9299, 26.9142 ], [ 87.9289, 26.9265 ], [ 87.9251, 26.9298 ], [ 87.9254, 26.9344 ], [ 87.9235, 26.9371 ], [ 87.9245, 26.9406 ], [ 87.9194, 26.9438 ], [ 87.9205, 26.9477 ], [ 87.9191, 26.9489 ], [ 87.9192, 26.9532 ], [ 87.9177, 26.9545 ], [ 87.9189, 26.9563 ], [ 87.9168, 26.9597 ], [ 87.9137, 26.961 ], [ 87.9132, 26.9686 ], [ 87.9083, 26.9711 ], [ 87.9096, 26.9732 ], [ 87.9066, 26.9736 ], [ 87.9062, 26.979 ], [ 87.9013, 26.9806 ], [ 87.902, 26.9831 ], [ 87.9005, 26.9833 ], [ 87.9008, 26.9857 ], [ 87.899, 26.9849 ], [ 87.8991, 26.9867 ], [ 87.8978, 26.9867 ], [ 87.8985, 26.9888 ], [ 87.8958, 26.9874 ], [ 87.8976, 26.989 ], [ 87.8966, 26.992 ], [ 87.8941, 26.9919 ], [ 87.8912, 26.9938 ], [ 87.8936, 26.9904 ], [ 87.8925, 26.9897 ], [ 87.8927, 26.9903 ], [ 87.8897, 26.9922 ], [ 87.8908, 26.9894 ], [ 87.8889, 26.9862 ], [ 87.8872, 26.9897 ], [ 87.8857, 26.9903 ], [ 87.8861, 26.9896 ], [ 87.8858, 26.9892 ], [ 87.8839, 26.9908 ], [ 87.8817, 26.9892 ], [ 87.8825, 26.9882 ], [ 87.8806, 26.9851 ], [ 87.8793, 26.9869 ], [ 87.877, 26.9849 ], [ 87.8741, 26.9851 ], [ 87.8742, 26.9827 ], [ 87.8724, 26.984 ], [ 87.8692, 26.9829 ], [ 87.8663, 26.9853 ], [ 87.8617, 26.9855 ], [ 87.863, 26.9863 ], [ 87.8604, 26.9875 ], [ 87.8603, 27.0033 ], [ 87.8566, 27.0128 ], [ 87.8474, 27.0139 ], [ 87.8489, 27.0206 ], [ 87.8477, 27.022 ], [ 87.8442, 27.0225 ], [ 87.8445, 27.0261 ], [ 87.8432, 27.0275 ], [ 87.8458, 27.0323 ], [ 87.8413, 27.0326 ], [ 87.8409, 27.0338 ], [ 87.8378, 27.0349 ], [ 87.8377, 27.0383 ], [ 87.8351, 27.039 ], [ 87.8318, 27.0345 ], [ 87.8295, 27.0362 ], [ 87.8261, 27.0342 ], [ 87.8258, 27.0328 ], [ 87.824, 27.0329 ], [ 87.824, 27.0265 ], [ 87.8212, 27.0281 ], [ 87.8164, 27.0276 ], [ 87.8136, 27.0296 ], [ 87.8106, 27.0286 ], [ 87.8054, 27.0296 ], [ 87.8083, 27.0364 ], [ 87.8114, 27.0371 ], [ 87.8121, 27.0416 ], [ 87.8145, 27.0412 ], [ 87.8136, 27.0449 ], [ 87.8192, 27.0497 ], [ 87.814, 27.0496 ], [ 87.8124, 27.051 ], [ 87.809, 27.0494 ], [ 87.8046, 27.0496 ], [ 87.807, 27.0509 ], [ 87.8061, 27.053 ], [ 87.8068, 27.0521 ], [ 87.8069, 27.0544 ], [ 87.8075, 27.053 ], [ 87.8069, 27.0577 ], [ 87.809, 27.0664 ], [ 87.8027, 27.0657 ], [ 87.7992, 27.0712 ], [ 87.7936, 27.072 ], [ 87.7947, 27.0749 ], [ 87.7925, 27.076 ], [ 87.7938, 27.0784 ], [ 87.7924, 27.0796 ], [ 87.7927, 27.0827 ], [ 87.7912, 27.0855 ], [ 87.7896, 27.0845 ], [ 87.7871, 27.0857 ], [ 87.7893, 27.0902 ], [ 87.7863, 27.0906 ], [ 87.7876, 27.0959 ], [ 87.7837, 27.0989 ], [ 87.7814, 27.1056 ], [ 87.7821, 27.1065 ], [ 87.7772, 27.1085 ], [ 87.7752, 27.1132 ], [ 87.7766, 27.1195 ], [ 87.7771, 27.1159 ], [ 87.7789, 27.122 ], [ 87.774, 27.1227 ], [ 87.773, 27.1251 ], [ 87.7711, 27.1258 ], [ 87.7738, 27.1251 ], [ 87.7735, 27.1258 ], [ 87.7716, 27.1269 ], [ 87.7692, 27.1254 ], [ 87.7662, 27.1259 ], [ 87.769, 27.1263 ], [ 87.7702, 27.1278 ], [ 87.7702, 27.1284 ], [ 87.7685, 27.1266 ], [ 87.7644, 27.128 ], [ 87.7632, 27.1268 ], [ 87.7638, 27.1251 ], [ 87.762, 27.1266 ], [ 87.7639, 27.1301 ], [ 87.7606, 27.1261 ], [ 87.7595, 27.126 ], [ 87.7621, 27.1318 ], [ 87.7639, 27.1316 ], [ 87.7612, 27.133 ], [ 87.7604, 27.1304 ], [ 87.7602, 27.1323 ], [ 87.7559, 27.1352 ], [ 87.7592, 27.1378 ], [ 87.762, 27.1354 ], [ 87.7648, 27.1356 ], [ 87.7638, 27.1371 ], [ 87.767, 27.1419 ], [ 87.7652, 27.1437 ], [ 87.7672, 27.1482 ], [ 87.7611, 27.1464 ], [ 87.7546, 27.1472 ], [ 87.753, 27.1492 ], [ 87.7463, 27.1479 ] ] } },
{ "type": "Feature", "properties": { "cls": "primary" }, "geometry": { "type": "LineString", "coordinates": [ [ 87.8614, 26.449 ], [ 87.8521, 26.4284 ], [ 87.8501, 26.423 ], [ 87.8507, 26.4206 ] ] } },
{ "type": "Feature", "properties": { "cls": "primary" }, "geometry": { "type": "LineString", "coordinates": [ [ 88.0021, 26.6134 ], [ 87.9888, 26.6217 ], [ 87.9882, 26.6284 ], [ 87.9918, 26.643 ] ] } },
{ "type": "Feature", "properties": { "cls": "primary" }, "geometry": { "type": "LineString", "coordinates": [ [ 87.9919, 26.643 ], [ 87.9883, 26.6283 ], [ 87.9888, 26.6217 ], [ 88.0021, 26.6134 ] ] } },
{ "type": "Feature", "properties": { "cls": "primary" }, "geometry": { "type": "LineString", "coordinates": [ [ 88.0021, 26.6134 ], [ 88.0301, 26.5996 ], [ 88.0377, 26.5942 ], [ 88.0457, 26.5863 ], [ 88.0535, 26.5813 ], [ 88.0667, 26.5682 ], [ 88.0736, 26.5683 ] ] } },
{ "type": "Feature", "properties": { "cls": "primary" }, "geometry": { "type": "LineString", "coordinates": [ [ 88.0869, 26.5395 ], [ 88.0852, 26.525 ], [ 88.0821, 26.5206 ], [ 88.0833, 26.5145 ], [ 88.0807, 26.5105 ], [ 88.07, 26.5049 ], [ 88.0702, 26.4477 ], [ 88.0573, 26.4478 ], [ 88.0345, 26.4303 ], [ 88.0296, 26.4204 ], [ 88.0211, 26.4157 ], [ 88.0106, 26.4077 ], [ 88.0074, 26.4003 ], [ 87.9977, 26.3874 ], [ 87.999, 26.3758 ], [ 88.0013, 26.3697 ], [ 88.0074, 26.3668 ], [ 88.0079, 26.364 ] ] } },
{ "type": "Feature", "properties": { "cls": "primary" }, "geometry": { "type": "LineString", "coordinates": [ [ 88.0681, 26.8955 ], [ 88.0718, 26.8957 ], [ 88.0747, 26.8847 ], [ 88.0781, 26.883 ], [ 88.0778, 26.8811 ], [ 88.0798, 26.8794 ], [ 88.083, 26.8793 ], [ 88.0838, 26.8748 ], [ 88.0853, 26.8754 ], [ 88.0851, 26.8724 ], [ 88.0828, 26.8708 ], [ 88.0817, 26.8666 ], [ 88.0824, 26.8637 ], [ 88.0812, 26.8592 ], [ 88.0825, 26.854 ], [ 88.0858, 26.8485 ], [ 88.0823, 26.838 ], [ 88.0836, 26.8342 ], [ 88.0815, 26.8308 ], [ 88.0793, 26.8295 ], [ 88.0684, 26.8284 ], [ 88.0669, 26.826 ], [ 88.0677, 26.8226 ], [ 88.0637, 26.8203 ], [ 88.0653, 26.8223 ], [ 88.0622, 26.8212 ], [ 88.06, 26.822 ], [ 88.062, 26.8228 ], [ 88.0585, 26.8225 ], [ 88.0581, 26.8214 ], [ 88.0624, 26.817 ], [ 88.0555, 26.8098 ], [ 88.0552, 26.8074 ], [ 88.057, 26.8054 ], [ 88.0579, 26.81 ], [ 88.0586, 26.8108 ], [ 88.0589, 26.807 ], [ 88.0616, 26.8022 ], [ 88.0616, 26.8086 ], [ 88.064, 26.8036 ], [ 88.0646, 26.7966 ], [ 88.067, 26.7933 ], [ 88.0629, 26.7961 ], [ 88.064, 26.793 ], [ 88.0669, 26.7913 ], [ 88.0689, 26.7881 ], [ 88.0682, 26.7905 ], [ 88.0715, 26.7898 ], [ 88.0729, 26.7857 ], [ 88.0683, 26.7647 ], [ 88.0687, 26.7602 ], [ 88.0654, 26.749 ], [ 88.0569, 26.7379 ], [ 88.0531, 26.7352 ], [ 88.0523, 26.7303 ], [ 88.0502, 26.7272 ], [ 88.0485, 26.6881 ], [ 88.0468, 26.6733 ], [ 88.0545, 26.6497 ], [ 88.0559, 26.64 ], [ 88.0669, 26.6184 ], [ 88.0715, 26.6145 ], [ 88.0739, 26.6106 ], [ 88.0829, 26.6054 ], [ 88.0861, 26.6022 ], [ 88.0935, 26.5819 ], [ 88.0927, 26.5667 ] ] } },
{ "type": "Feature", "properties": { "cls": "primary" }, "geometry": { "type": "LineString", "coordinates": [ [ 88.1221, 26.9486 ], [ 88.1177, 26.95 ], [ 88.1052, 26.9445 ], [ 88.1013, 26.939 ], [ 88.1026, 26.9376 ], [ 88.1003, 26.9337 ], [ 88.0964, 26.9327 ], [ 88.0933, 26.93 ], [ 88.0909, 26.9255 ], [ 88.0822, 26.916 ], [ 88.0771, 26.9124 ], [ 88.0747, 26.9132 ], [ 88.0787, 26.9095 ], [ 88.0736, 26.9022 ], [ 88.0726, 26.8974 ], [ 88.07, 26.8954 ], [ 88.0681, 26.8955 ] ] } },
{ "type": "Feature", "properties": { "cls": "primary" }, "geometry": { "type": "LineString", "coordinates": [ [ 88.0736, 26.5683 ], [ 88.0869, 26.552 ], [ 88.0921, 26.5504 ] ] } },
{ "type": "Feature", "properties": { "cls": "primary" }, "geometry": { "type": "LineString", "coordinates": [ [ 88.0953, 26.5421 ], [ 88.1044, 26.5409 ], [ 88.1036, 26.5397 ], [ 88.1047, 26.537 ], [ 88.1099, 26.5344 ], [ 88.1116, 26.5312 ], [ 88.1169, 26.5295 ], [ 88.1178, 26.5272 ] ] } },
{ "type": "Feature", "properties": { "cls": "primary" }, "geometry": { "type": "LineString", "coordinates": [ [ 88.1221, 26.9486 ], [ 88.1216, 26.9564 ], [ 88.1238, 26.9602 ], [ 88.1225, 26.9645 ], [ 88.1252, 26.9691 ], [ 88.1245, 26.9714 ], [ 88.127, 26.9742 ], [ 88.1285, 26.974 ], [ 88.1292, 26.9763 ], [ 88.1285, 26.9752 ], [ 88.1273, 26.9752 ], [ 88.1337, 26.9826 ], [ 88.1327, 26.9826 ], [ 88.1364, 26.9853 ], [ 88.1393, 26.9843 ], [ 88.1443, 26.9864 ], [ 88.1458, 26.9842 ], [ 88.1498, 26.9876 ], [ 88.1601, 26.9898 ], [ 88.1638, 26.9935 ], [ 88.1667, 26.9944 ], [ 88.1682, 27.0024 ], [ 88.1782, 27.0096 ], [ 88.1885, 27.0116 ], [ 88.1911, 27.0132 ], [ 88.1972, 27.0128 ], [ 88.2011, 27.0099 ], [ 88.2016, 27.0053 ], [ 88.2028, 27.0043 ], [ 88.2114, 27.0066 ], [ 88.2166, 27.0049 ], [ 88.2205, 27.0021 ], [ 88.2231, 27.0047 ], [ 88.2259, 27.0036 ], [ 88.2302, 27.004 ], [ 88.2343, 27.0081 ], [ 88.2427, 27.0084 ], [ 88.2481, 27.0064 ], [ 88.2543, 27.0083 ] ] } },
{ "type": "Feature", "properties": { "cls": "primary" }, "geometry": { "type": "LineString", "coordinates": [ [ 88.1786, 26.8949 ], [ 88.1731, 26.8983 ], [ 88.1698, 26.8991 ], [ 88.1682, 26.8982 ], [ 88.1629, 26.9056 ], [ 88.1621, 26.9038 ], [ 88.1614, 26.9056 ], [ 88.1566, 26.9053 ], [ 88.1572, 26.9085 ], [ 88.1544, 26.9083 ], [ 88.1528, 26.9098 ], [ 88.1488, 26.9103 ], [ 88.1504, 26.9141 ], [ 88.148, 26.9163 ], [ 88.1484, 26.9197 ], [ 88.1453, 26.9192 ], [ 88.147, 26.9217 ], [ 88.1454, 26.922 ], [ 88.1467, 26.9225 ], [ 88.1447, 26.923 ], [ 88.1433, 26.9262 ], [ 88.1391, 26.9293 ], [ 88.1396, 26.9306 ], [ 88.1381, 26.9318 ], [ 88.1382, 26.9338 ], [ 88.1287, 26.9397 ], [ 88.1264, 26.9482 ], [ 88.125, 26.9447 ], [ 88.1254, 26.9474 ], [ 88.1245, 26.9466 ], [ 88.1248, 26.9478 ], [ 88.124, 26.947 ], [ 88.1221, 26.9486 ] ] } },
{ "type": "Feature", "properties": { "cls": "trunk" }, "geometry": { "type": "LineString", "coordinates": [ [ 80.072, 28.9958 ], [ 80.0776, 28.9936 ], [ 80.0912, 28.995 ], [ 80.091, 28.9914 ], [ 80.1053, 28.9975 ] ] } },
{ "type": "Feature", "properties": { "cls": "trunk" }, "geometry": { "type": "LineString", "coordinates": [ [ 80.1244, 28.9923 ], [ 80.1746, 28.9741 ], [ 80.2439, 28.9513 ], [ 80.2627, 28.9503 ], [ 80.2781, 28.9381 ], [ 80.2908, 28.9368 ], [ 80.2979, 28.9305 ], [ 80.3171, 28.9227 ], [ 80.3389, 28.9083 ], [ 80.3463, 28.9021 ], [ 80.3544, 28.9027 ], [ 80.3792, 28.901 ], [ 80.3844, 28.8988 ], [ 80.3904, 28.8917 ], [ 80.3999, 28.8861 ], [ 80.413, 28.8686 ], [ 80.418, 28.8657 ], [ 80.4275, 28.8553 ], [ 80.4625, 28.8417 ], [ 80.4787, 28.8384 ], [ 80.5101, 28.828 ], [ 80.5351, 28.8126 ], [ 80.5531, 28.8127 ] ] } },
{ "type": "Feature", "properties": { "cls": "trunk" }, "geometry": { "type": "LineString", "coordinates": [ [ 80.3484, 29.7551 ], [ 80.3516, 29.7532 ], [ 80.3512, 29.7543 ], [ 80.3527, 29.7544 ], [ 80.3556, 29.7531 ], [ 80.3563, 29.7502 ], [ 80.3578, 29.7495 ], [ 80.3591, 29.7497 ], [ 80.3588, 29.7516 ], [ 80.3606, 29.751 ], [ 80.3601, 29.7486 ], [ 80.3621, 29.7474 ], [ 80.362, 29.749 ], [ 80.3642, 29.749 ], [ 80.3645, 29.7504 ], [ 80.3681, 29.7525 ], [ 80.37, 29.7531 ], [ 80.3723, 29.752 ], [ 80.3723, 29.7543 ], [ 80.369, 29.7597 ], [ 80.3699, 29.7604 ] ] } },
{ "type": "Feature", "properties": { "cls": "trunk" }, "geometry": { "type": "LineString", "coordinates": [ [ 80.3699, 29.7604 ], [ 80.3671, 29.7637 ], [ 80.3658, 29.7706 ], [ 80.3629, 29.7719 ], [ 80.3589, 29.7707 ], [ 80.3554, 29.7775 ], [ 80.3562, 29.7837 ], [ 80.3618, 29.7895 ], [ 80.3576, 29.7967 ], [ 80.3658, 29.7983 ], [ 80.3643, 29.8021 ], [ 80.3683, 29.8058 ], [ 80.3683, 29.8092 ], [ 80.3638, 29.8139 ], [ 80.3673, 29.8177 ], [ 80.3672, 29.8203 ], [ 80.3653, 29.8222 ] ] } },
{ "type": "Feature", "properties": { "cls": "trunk" }, "geometry": { "type": "LineString", "coordinates": [ [ 80.3699, 29.7604 ], [ 80.3732, 29.7579 ], [ 80.3778, 29.7512 ], [ 80.3837, 29.7514 ], [ 80.3837, 29.759 ], [ 80.3847, 29.7602 ], [ 80.3949, 29.7636 ], [ 80.393, 29.7755 ], [ 80.3974, 29.7746 ], [ 80.4, 29.7757 ], [ 80.4012, 29.7779 ], [ 80.3988, 29.787 ], [ 80.4011, 29.7926 ], [ 80.4034, 29.7937 ], [ 80.4006, 29.7951 ], [ 80.4086, 29.7984 ], [ 80.41, 29.797 ], [ 80.4159, 29.7989 ], [ 80.4283, 29.7987 ], [ 80.4304, 29.8028 ], [ 80.4348, 29.8069 ], [ 80.4375, 29.8066 ], [ 80.4421, 29.8012 ], [ 80.4451, 29.7997 ], [ 80.4541, 29.8028 ], [ 80.4648, 29.8028 ], [ 80.479, 29.7972 ], [ 80.4915, 29.7963 ], [ 80.4929, 29.7987 ], [ 80.4915, 29.8016 ], [ 80.4943, 29.8028 ], [ 80.4927, 29.8027 ], [ 80.495, 29.8056 ], [ 80.4922, 29.808 ], [ 80.4947, 29.8091 ], [ 80.5003, 29.8185 ], [ 80.5099, 29.8262 ], [ 80.5169, 29.8277 ], [ 80.5186, 29.831 ], [ 80.5203, 29.8304 ], [ 80.522, 29.8339 ], [ 80.5276, 29.8365 ], [ 80.5272, 29.8381 ], [ 80.5301, 29.8389 ], [ 80.5347, 29.8426 ], [ 80.5346, 29.8455 ], [ 80.5369, 29.8487 ], [ 80.5431, 29.8515 ], [ 80.5456, 29.8512 ], [ 80.5427, 29.8548 ], [ 80.5483, 29.8526 ], [ 80.5499, 29.8595 ], [ 80.5522, 29.8606 ], [ 80.5523, 29.8627 ], [ 80.5587, 29.8653 ], [ 80.5551, 29.8708 ], [ 80.5648, 29.8798 ], [ 80.5694, 29.8919 ], [ 80.5715, 29.8945 ], [ 80.5694, 29.9007 ], [ 80.5688, 29.9085 ], [ 80.572, 29.9201 ], [ 80.5697, 29.9228 ], [ 80.5722, 29.9218 ], [ 80.5732, 29.9244 ], [ 80.5771, 29.9277 ], [ 80.5779, 29.9324 ], [ 80.5809, 29.9375 ], [ 80.5857, 29.9422 ], [ 80.5891, 29.9483 ], [ 80.6009, 29.9579 ] ] } },
{ "type": "Feature", "properties": { "cls": "trunk" }, "geometry": { "type": "LineString", "coordinates": [ [ 80.5539, 28.8126 ], [ 80.5492, 28.7931 ], [ 80.5499, 28.789 ] ] } },
{ "type": "Feature", "properties": { "cls": "trunk" }, "geometry": { "type": "LineString", "coordinates": [ [ 80.5499, 28.789 ], [ 80.5491, 28.7931 ], [ 80.5536, 28.8122 ] ] } },
{ "type": "Feature", "properties": { "cls": "trunk" }, "geometry": { "type": "LineString", "coordinates": [ [ 80.5534, 28.781 ], [ 80.5693, 28.7303 ], [ 80.5684, 28.7077 ], [ 80.5536, 28.6941 ] ] } },
{ "type": "Feature", "properties": { "cls": "trunk" }, "geometry": { "type": "LineString", "coordinates": [ [ 80.5536, 28.6942 ], [ 80.5684, 28.7083 ], [ 80.5692, 28.732 ], [ 80.5537, 28.7794 ] ] } },
{ "type": "Feature", "properties": { "cls": "trunk" }, "geometry": { "type": "LineString", "coordinates": [ [ 80.5544, 28.8128 ], [ 80.5806, 28.8145 ], [ 80.5907, 28.8083 ], [ 80.6411, 28.7924 ], [ 80.6446, 28.7931 ], [ 80.6539, 28.7994 ], [ 80.6871, 28.7968 ], [ 80.6978, 28.7908 ], [ 80.7069, 28.7894 ], [ 80.7225, 28.7848 ], [ 80.7384, 28.7757 ], [ 80.7509, 28.7567 ], [ 80.7648, 28.7524 ], [ 80.775, 28.7441 ], [ 80.8086, 28.7341 ], [ 80.8184, 28.7293 ], [ 80.8618, 28.7214 ], [ 80.892, 28.7008 ], [ 80.9302, 28.6927 ], [ 80.9602, 28.675 ], [ 80.9834, 28.672 ], [ 81.0015, 28.6678 ], [ 81.0183, 28.6612 ], [ 81.0304, 28.6641 ], [ 81.1391, 28.6332 ], [ 81.1597, 28.625 ], [ 81.1957, 28.6203 ], [ 81.2132, 28.6148 ], [ 81.2282, 28.6127 ], [ 81.2722, 28.6366 ], [ 81.2813, 28.6429 ], [ 81.2866, 28.6381 ], [ 81.2797, 28.6259 ], [ 81.2793, 28.6136 ], [ 81.2814, 28.6114 ], [ 81.2887, 28.6084 ], [ 81.3015, 28.5883 ], [ 81.313, 28.5589 ], [ 81.3181, 28.5522 ], [ 81.3206, 28.5435 ], [ 81.3248, 28.5391 ], [ 81.3265, 28.52 ], [ 81.3224, 28.4926 ], [ 81.3174, 28.4794 ], [ 81.3197, 28.4703 ], [ 81.3192, 28.458 ], [ 81.3301, 28.4394 ], [ 81.3415, 28.4299 ], [ 81.3655, 28.4312 ], [ 81.3715, 28.4288 ], [ 81.3791, 28.4285 ], [ 81.3802, 28.4221 ], [ 81.3759, 28.4165 ], [ 81.3752, 28.4114 ], [ 81.3819, 28.4003 ], [ 81.3871, 28.3851 ], [ 81.3925, 28.3807 ], [ 81.424, 28.3683 ], [ 81.4292, 28.3639 ], [ 81.4341, 28.3521 ], [ 81.443, 28.34 ], [ 81.4428, 28.3361 ], [ 81.4401, 28.3296 ], [ 81.44, 28.3238 ], [ 81.4347, 28.3125 ], [ 81.4362, 28.3001 ], [ 81.4384, 28.2961 ], [ 81.4528, 28.2849 ], [ 81.4576, 28.2765 ], [ 81.4669, 28.2719 ], [ 81.4746, 28.2621 ], [ 81.4993, 28.2589 ], [ 81.5026, 28.2566 ], [ 81.5067, 28.2499 ], [ 81.5258, 28.2385 ], [ 81.5893, 28.2152 ], [ 81.6082, 28.2039 ], [ 81.6234, 28.203 ], [ 81.6436, 28.1973 ], [ 81.6731, 28.2021 ], [ 81.6903, 28.199 ] ] } },
{ "type": "Feature", "properties": { "cls": "trunk" }, "geometry": { "type": "LineString", "coordinates": [ [ 81.3329, 30.1532 ], [ 81.3161, 30.1543 ], [ 81.3166, 30.155 ], [ 81.3095, 30.1622 ], [ 81.3101, 30.1638 ], [ 81.3035, 30.1656 ], [ 81.298, 30.1715 ], [ 81.2857, 30.1744 ], [ 81.2837, 30.177 ], [ 81.2785, 30.1765 ], [ 81.2707, 30.1853 ], [ 81.2702, 30.1877 ] ] } },
{ "type": "Feature", "properties": { "cls": "trunk" }, "geometry": { "type": "LineString", "coordinates": [ [ 81.5829, 27.9928 ], [ 81.6005, 28.0191 ] ] } },
{ "type": "Feature", "properties": { "cls": "trunk" }, "geometry": { "type": "LineString", "coordinates": [ [ 81.6005, 28.0191 ], [ 81.6128, 28.0396 ], [ 81.6167, 28.0568 ], [ 81.6193, 28.0606 ] ] } },
{ "type": "Feature", "properties": { "cls": "trunk" }, "geometry": { "type": "LineString", "coordinates": [ [ 81.6005, 28.0191 ], [ 81.6127, 28.0397 ], [ 81.6167, 28.0571 ], [ 81.6192, 28.0607 ] ] } },
{ "type": "Feature", "properties": { "cls": "trunk" }, "geometry": { "type": "LineString", "coordinates": [ [ 81.6263, 28.067 ], [ 81.6451, 28.0839 ], [ 81.6506, 28.0918 ], [ 81.6659, 28.1369 ], [ 81.6681, 28.1538 ], [ 81.6907, 28.1987 ] ] } },
{ "type": "Feature", "properties": { "cls": "trunk" }, "geometry": { "type": "LineString", "coordinates": [ [ 81.691, 28.1986 ], [ 81.6684, 28.1541 ], [ 81.666, 28.1368 ], [ 81.65, 28.0904 ], [ 81.6452, 28.0839 ], [ 81.6264, 28.0669 ] ] } },
{ "type": "Feature", "properties": { "cls": "trunk" }, "geometry": { "type": "LineString", "coordinates": [ [ 81.6918, 28.1987 ], [ 81.6977, 28.1975 ], [ 81.7073, 28.1996 ], [ 81.7267, 28.1888 ], [ 81.7294, 28.1868 ], [ 81.7302, 28.1801 ], [ 81.7495, 28.1593 ], [ 81.7513, 28.1587 ], [ 81.7547, 28.1604 ], [ 81.7632, 28.1563 ], [ 81.7686, 28.14 ], [ 81.7683, 28.132 ], [ 81.7755, 28.1213 ], [ 81.7969, 28.1281 ], [ 81.7994, 28.1269 ], [ 81.8031, 28.1211 ], [ 81.806, 28.1202 ], [ 81.8789, 28.1391 ], [ 81.8871, 28.1351 ], [ 81.8893, 28.1329 ], [ 81.9226, 28.0597 ], [ 81.932, 28.0581 ], [ 81.9465, 28.0585 ], [ 81.9586, 28.0469 ], [ 81.9571, 28.0419 ], [ 81.9584, 28.0399 ], [ 81.9629, 28.038 ], [ 81.9653, 28.0383 ], [ 81.9756, 28.0443 ], [ 81.9787, 28.0433 ], [ 81.9785, 28.039 ], [ 81.9823, 28.0352 ], [ 81.9996, 28.0394 ], [ 82.0106, 28.0321 ], [ 82.0263, 28.0328 ], [ 82.0291, 28.0279 ], [ 82.0316, 28.0261 ], [ 82.039, 28.0288 ], [ 82.0423, 28.0329 ], [ 82.0502, 28.0315 ], [ 82.053, 28.0342 ], [ 82.0573, 28.0344 ], [ 82.0605, 28.0292 ], [ 82.0654, 28.0292 ], [ 82.0668, 28.0232 ], [ 82.0735, 28.0171 ], [ 82.0838, 28.0149 ], [ 82.0936, 28.0095 ], [ 82.1036, 28.0111 ], [ 82.1133, 28.0057 ], [ 82.1166, 28.0132 ], [ 82.121, 28.0127 ], [ 82.1204, 28.0094 ], [ 82.1251, 28.0079 ], [ 82.1303, 28.013 ], [ 82.1327, 28.0107 ], [ 82.1307, 28.0055 ], [ 82.1396, 27.9982 ], [ 82.1444, 28.0021 ], [ 82.1471, 28.0019 ], [ 82.1466, 27.999 ], [ 82.1625, 27.9938 ], [ 82.1691, 27.9865 ], [ 82.1765, 27.9831 ], [ 82.1827, 27.9854 ], [ 82.1877, 27.983 ], [ 82.1954, 27.9821 ], [ 82.2029, 27.9762 ], [ 82.2084, 27.9752 ], [ 82.2087, 27.9728 ], [ 82.2113, 27.9713 ], [ 82.2122, 27.9656 ], [ 82.2158, 27.9636 ], [ 82.2321, 27.9606 ], [ 82.2545, 27.9536 ], [ 82.256, 27.9505 ], [ 82.2599, 27.9481 ], [ 82.2634, 27.9486 ], [ 82.2738, 27.9454 ], [ 82.2884, 27.9466 ], [ 82.2938, 27.9434 ], [ 82.2959, 27.9441 ], [ 82.3047, 27.9416 ], [ 82.3077, 27.938 ], [ 82.3068, 27.9363 ], [ 82.308, 27.9343 ], [ 82.3145, 27.9318 ], [ 82.323, 27.932 ], [ 82.3315, 27.9207 ], [ 82.3324, 27.9134 ], [ 82.336, 27.9068 ], [ 82.3579, 27.9032 ], [ 82.361, 27.9006 ], [ 82.3705, 27.8983 ], [ 82.3734, 27.8959 ], [ 82.3784, 27.8944 ], [ 82.383, 27.8951 ], [ 82.3873, 27.8928 ], [ 82.3996, 27.8913 ], [ 82.4065, 27.8951 ], [ 82.4188, 27.8925 ], [ 82.434, 27.8913 ], [ 82.4373, 27.8895 ], [ 82.442, 27.8897 ], [ 82.4425, 27.8857 ], [ 82.446, 27.8815 ], [ 82.4595, 27.873 ], [ 82.4632, 27.872 ], [ 82.4759, 27.8721 ], [ 82.5036, 27.8835 ], [ 82.5092, 27.8784 ], [ 82.5147, 27.8772 ], [ 82.5183, 27.8745 ], [ 82.5266, 27.8725 ], [ 82.5315, 27.8728 ], [ 82.5333, 27.87 ], [ 82.5404, 27.8705 ], [ 82.5479, 27.8658 ], [ 82.5802, 27.862 ], [ 82.622, 27.8536 ], [ 82.6399, 27.8498 ], [ 82.6452, 27.8462 ], [ 82.6504, 27.846 ], [ 82.6654, 27.8417 ], [ 82.6734, 27.8423 ], [ 82.6861, 27.8498 ], [ 82.7476, 27.8387 ], [ 82.754, 27.839 ], [ 82.7607, 27.8413 ] ] } },
{ "type": "Feature", "properties": { "cls": "trunk" }, "geometry": { "type": "LineString", "coordinates": [ [ 82.7205, 27.5018 ], [ 82.7357, 27.4975 ], [ 82.7504, 27.4903 ], [ 82.7603, 27.4888 ] ] } },
{ "type": "Feature", "properties": { "cls": "trunk" }, "geometry": { "type": "LineString", "coordinates": [ [ 82.7614, 27.4887 ], [ 82.7693, 27.4877 ], [ 82.7807, 27.493 ], [ 82.7858, 27.4935 ], [ 82.7907, 27.4858 ] ] } },
{ "type": "Feature", "properties": { "cls": "trunk" }, "geometry": { "type": "LineString", "coordinates": [ [ 82.7618, 27.8399 ], [ 82.7635, 27.8363 ], [ 82.7612, 27.8353 ], [ 82.7614, 27.8334 ], [ 82.7598, 27.8339 ], [ 82.7574, 27.8325 ], [ 82.7577, 27.8309 ], [ 82.7539, 27.8242 ], [ 82.7598, 27.8163 ], [ 82.7623, 27.816 ], [ 82.7615, 27.81 ], [ 82.7624, 27.8081 ], [ 82.7662, 27.8067 ], [ 82.7787, 27.7963 ], [ 82.7834, 27.7956 ], [ 82.7858, 27.7893 ], [ 82.7898, 27.7917 ], [ 82.7907, 27.7911 ], [ 82.7889, 27.79 ], [ 82.7896, 27.7885 ], [ 82.7936, 27.7886 ], [ 82.7951, 27.7866 ], [ 82.8009, 27.7888 ], [ 82.8003, 27.7867 ], [ 82.8041, 27.7835 ], [ 82.8067, 27.7779 ], [ 82.8148, 27.7786 ], [ 82.8203, 27.7755 ], [ 82.8319, 27.778 ], [ 82.8349, 27.7772 ], [ 82.8364, 27.7761 ], [ 82.8343, 27.7712 ], [ 82.8387, 27.7681 ], [ 82.8385, 27.7669 ], [ 82.8413, 27.7659 ], [ 82.8384, 27.7646 ], [ 82.8387, 27.7626 ], [ 82.8401, 27.7621 ], [ 82.8393, 27.7608 ], [ 82.841, 27.7589 ], [ 82.8465, 27.7592 ], [ 82.8462, 27.7562 ], [ 82.8473, 27.7553 ], [ 82.8454, 27.7505 ], [ 82.8425, 27.7474 ], [ 82.8403, 27.7485 ], [ 82.839, 27.7472 ], [ 82.8412, 27.7447 ], [ 82.8406, 27.7405 ], [ 82.843, 27.7224 ], [ 82.8381, 27.6983 ], [ 82.8443, 27.6653 ], [ 82.8498, 27.6523 ], [ 82.8518, 27.6508 ], [ 82.8827, 27.6466 ], [ 82.8908, 27.6436 ], [ 82.8985, 27.6431 ], [ 82.9092, 27.6459 ], [ 82.9113, 27.6508 ], [ 82.9335, 27.6473 ], [ 82.9399, 27.6485 ], [ 82.9667, 27.659 ], [ 82.9914, 27.6602 ], [ 83.0004, 27.6552 ], [ 83.0083, 27.6575 ], [ 83.0273, 27.6578 ], [ 83.0339, 27.6608 ], [ 83.0535, 27.6639 ], [ 83.0625, 27.6709 ], [ 83.0749, 27.674 ], [ 83.0797, 27.6725 ], [ 83.0954, 27.677 ], [ 83.1004, 27.6761 ], [ 83.1109, 27.6819 ], [ 83.1163, 27.6819 ], [ 83.1195, 27.6779 ], [ 83.122, 27.6775 ], [ 83.158, 27.6944 ], [ 83.1603, 27.6942 ], [ 83.174, 27.6864 ], [ 83.1904, 27.6887 ], [ 83.201, 27.6888 ], [ 83.2271, 27.6938 ], [ 83.2509, 27.6906 ], [ 83.2532, 27.6914 ], [ 83.2643, 27.7022 ], [ 83.2707, 27.7042 ], [ 83.2836, 27.6991 ], [ 83.2947, 27.6885 ], [ 83.3008, 27.6896 ], [ 83.3098, 27.6873 ], [ 83.3274, 27.6889 ], [ 83.3409, 27.6874 ], [ 83.3644, 27.6885 ], [ 83.3737, 27.6868 ], [ 83.3836, 27.6821 ], [ 83.4005, 27.6864 ], [ 83.4143, 27.6854 ], [ 83.4404, 27.6884 ], [ 83.449, 27.692 ], [ 83.453, 27.7021 ], [ 83.455, 27.7042 ], [ 83.4632, 27.7038 ], [ 83.4638, 27.7028 ] ] } },
{ "type": "Feature", "properties": { "cls": "trunk" }, "geometry": { "type": "LineString", "coordinates": [ [ 83.175, 27.3854 ], [ 83.1913, 27.388 ], [ 83.205, 27.3928 ], [ 83.2091, 27.3976 ], [ 83.2164, 27.4121 ], [ 83.2207, 27.4151 ] ] } },
{ "type": "Feature", "properties": { "cls": "trunk" }, "geometry": { "type": "LineString", "coordinates": [ [ 83.365, 27.2426 ], [ 83.3635, 27.2526 ], [ 83.3644, 27.2613 ], [ 83.3635, 27.2755 ], [ 83.3612, 27.2775 ], [ 83.3513, 27.2811 ], [ 83.3467, 27.2853 ], [ 83.3405, 27.2871 ], [ 83.3347, 27.2949 ], [ 83.33, 27.2989 ], [ 83.338, 27.3091 ], [ 83.3442, 27.3145 ], [ 83.361, 27.3374 ], [ 83.3743, 27.3497 ], [ 83.3836, 27.3671 ], [ 83.4032, 27.3933 ], [ 83.4127, 27.4169 ], [ 83.4114, 27.4263 ], [ 83.4199, 27.4408 ], [ 83.4226, 27.4427 ], [ 83.4342, 27.4454 ] ] } },
{ "type": "Feature", "properties": { "cls": "trunk" }, "geometry": { "type": "LineString", "coordinates": [ [ 83.4343, 27.4454 ], [ 83.4376, 27.447 ], [ 83.4445, 27.456 ], [ 83.4503, 27.458 ], [ 83.4616, 27.4693 ], [ 83.4691, 27.4737 ], [ 83.4696, 27.4777 ] ] } },
{ "type": "Feature", "properties": { "cls": "trunk" }, "geometry": { "type": "LineString", "coordinates": [ [ 83.4696, 27.4777 ], [ 83.4611, 27.4853 ], [ 83.4611, 27.4899 ], [ 83.4532, 27.516 ], [ 83.4705, 27.5768 ], [ 83.4745, 27.6201 ], [ 83.4714, 27.6381 ], [ 83.4675, 27.6489 ], [ 83.4651, 27.6636 ], [ 83.4649, 27.6858 ] ] } },
{ "type": "Feature", "properties": { "cls": "trunk" }, "geometry": { "type": "LineString", "coordinates": [ [ 83.465, 27.6857 ], [ 83.4652, 27.6635 ], [ 83.4676, 27.6489 ], [ 83.4716, 27.6381 ], [ 83.4745, 27.62 ], [ 83.4706, 27.5768 ], [ 83.4533, 27.5161 ], [ 83.4613, 27.4898 ], [ 83.4616, 27.4847 ], [ 83.4696, 27.4777 ] ] } },
{ "type": "Feature", "properties": { "cls": "trunk" }, "geometry": { "type": "LineString", "coordinates": [ [ 83.4656, 27.6858 ], [ 83.4789, 27.685 ], [ 83.4861, 27.6802 ], [ 83.49, 27.6739 ], [ 83.5161, 27.6565 ], [ 83.5315, 27.6566 ], [ 83.5369, 27.6534 ], [ 83.5423, 27.6526 ], [ 83.5534, 27.6541 ], [ 83.5639, 27.6583 ], [ 83.5682, 27.658 ], [ 83.587, 27.6486 ], [ 83.6027, 27.6387 ], [ 83.6222, 27.6153 ], [ 83.6404, 27.606 ], [ 83.6563, 27.6056 ], [ 83.6921, 27.5844 ], [ 83.7109, 27.5662 ], [ 83.7497, 27.5612 ] ] } },
{ "type": "Feature", "properties": { "cls": "trunk" }, "geometry": { "type": "LineString", "coordinates": [ [ 83.4665, 27.7147 ], [ 83.466, 27.7183 ], [ 83.4688, 27.7211 ], [ 83.4696, 27.7246 ], [ 83.4687, 27.728 ], [ 83.4699, 27.7309 ], [ 83.466, 27.7347 ], [ 83.4645, 27.743 ], [ 83.4629, 27.7456 ], [ 83.4645, 27.746 ], [ 83.4676, 27.7445 ], [ 83.4768, 27.7467 ], [ 83.4854, 27.7456 ], [ 83.4884, 27.7468 ], [ 83.493, 27.7465 ], [ 83.4954, 27.7487 ], [ 83.4987, 27.7486 ], [ 83.5005, 27.7514 ], [ 83.5061, 27.7515 ], [ 83.5085, 27.7553 ], [ 83.5123, 27.7563 ], [ 83.5163, 27.7594 ], [ 83.5188, 27.7626 ], [ 83.5173, 27.7648 ], [ 83.5201, 27.764 ], [ 83.5213, 27.7675 ], [ 83.5285, 27.767 ], [ 83.5353, 27.769 ], [ 83.5411, 27.7738 ], [ 83.5409, 27.7777 ], [ 83.5387, 27.7792 ], [ 83.5419, 27.78 ], [ 83.5397, 27.7832 ], [ 83.5397, 27.7852 ], [ 83.543, 27.7912 ], [ 83.5456, 27.7915 ], [ 83.5442, 27.7949 ], [ 83.539, 27.7959 ], [ 83.5372, 27.7945 ], [ 83.5349, 27.796 ], [ 83.5315, 27.7941 ], [ 83.5298, 27.7956 ], [ 83.5274, 27.7952 ], [ 83.5279, 27.7969 ], [ 83.5265, 27.7988 ], [ 83.5253, 27.7963 ], [ 83.5224, 27.7983 ], [ 83.5195, 27.7978 ], [ 83.5178, 27.7999 ], [ 83.5159, 27.7989 ], [ 83.5143, 27.8019 ], [ 83.5147, 27.8063 ], [ 83.5154, 27.8085 ], [ 83.5197, 27.8094 ], [ 83.5255, 27.8131 ], [ 83.5361, 27.8153 ], [ 83.5377, 27.8266 ], [ 83.5421, 27.8377 ], [ 83.5398, 27.8415 ], [ 83.541, 27.844 ], [ 83.5427, 27.8444 ], [ 83.539, 27.8445 ], [ 83.5555, 27.8482 ], [ 83.5549, 27.8469 ], [ 83.5568, 27.8486 ], [ 83.5566, 27.8513 ], [ 83.5534, 27.852 ], [ 83.5546, 27.8536 ], [ 83.5532, 27.8603 ], [ 83.5554, 27.8638 ], [ 83.5575, 27.8638 ], [ 83.5578, 27.8651 ], [ 83.5664, 27.8704 ], [ 83.5661, 27.8682 ], [ 83.5688, 27.8688 ], [ 83.5691, 27.8667 ], [ 83.5762, 27.868 ], [ 83.5787, 27.8727 ], [ 83.5805, 27.8735 ], [ 83.5824, 27.8712 ], [ 83.5843, 27.8719 ], [ 83.5849, 27.8706 ], [ 83.5869, 27.8718 ], [ 83.5867, 27.8693 ], [ 83.5896, 27.8673 ], [ 83.5914, 27.8689 ], [ 83.5944, 27.8646 ], [ 83.5966, 27.8647 ], [ 83.5987, 27.8628 ], [ 83.5977, 27.8621 ], [ 83.6018, 27.8586 ], [ 83.5992, 27.8554 ], [ 83.5996, 27.8518 ], [ 83.6058, 27.8511 ], [ 83.6063, 27.8528 ], [ 83.6084, 27.8534 ], [ 83.615, 27.8516 ], [ 83.6171, 27.8496 ], [ 83.6212, 27.8499 ], [ 83.6243, 27.8487 ], [ 83.6266, 27.8506 ], [ 83.6299, 27.8495 ], [ 83.6307, 27.8506 ], [ 83.6353, 27.8479 ], [ 83.6327, 27.8517 ], [ 83.6334, 27.8564 ], [ 83.6373, 27.8558 ], [ 83.6379, 27.8575 ], [ 83.6394, 27.8574 ], [ 83.6378, 27.8602 ], [ 83.6412, 27.8608 ], [ 83.6423, 27.8596 ], [ 83.6423, 27.8613 ], [ 83.6444, 27.8622 ], [ 83.6439, 27.8674 ], [ 83.645, 27.8703 ], [ 83.6476, 27.8698 ], [ 83.6504, 27.865 ], [ 83.6509, 27.8679 ], [ 83.6461, 27.8721 ], [ 83.6437, 27.8776 ], [ 83.6436, 27.8826 ], [ 83.6451, 27.8845 ], [ 83.6441, 27.8865 ], [ 83.6456, 27.8873 ], [ 83.6431, 27.8882 ], [ 83.6426, 27.8901 ], [ 83.642, 27.8884 ], [ 83.6412, 27.8911 ], [ 83.6377, 27.893 ], [ 83.6375, 27.8946 ], [ 83.6306, 27.9008 ], [ 83.633, 27.9029 ], [ 83.6363, 27.9019 ], [ 83.6409, 27.9041 ], [ 83.6447, 27.9012 ], [ 83.6486, 27.9044 ], [ 83.6536, 27.9045 ], [ 83.6557, 27.9094 ], [ 83.6602, 27.9151 ], [ 83.6574, 27.9176 ], [ 83.6529, 27.917 ], [ 83.6507, 27.9184 ], [ 83.6495, 27.9203 ], [ 83.6524, 27.9215 ], [ 83.65, 27.9236 ], [ 83.6502, 27.9247 ], [ 83.6519, 27.9255 ], [ 83.6515, 27.9275 ], [ 83.6541, 27.9283 ], [ 83.6554, 27.9263 ], [ 83.6565, 27.928 ], [ 83.6576, 27.9271 ], [ 83.6626, 27.928 ], [ 83.6585, 27.9307 ], [ 83.6551, 27.9358 ], [ 83.6574, 27.936 ], [ 83.6611, 27.9328 ], [ 83.6614, 27.9358 ], [ 83.6646, 27.9351 ], [ 83.6676, 27.932 ], [ 83.6646, 27.9398 ], [ 83.6689, 27.9374 ], [ 83.6723, 27.9426 ], [ 83.6762, 27.9428 ], [ 83.6789, 27.9469 ], [ 83.6818, 27.9473 ], [ 83.6827, 27.9492 ], [ 83.6844, 27.9488 ], [ 83.6863, 27.9505 ], [ 83.6881, 27.9488 ], [ 83.6897, 27.95 ], [ 83.6955, 27.9482 ], [ 83.6998, 27.9501 ], [ 83.7048, 27.9504 ], [ 83.707, 27.9524 ], [ 83.7114, 27.9523 ], [ 83.712, 27.9539 ], [ 83.7104, 27.9543 ], [ 83.7116, 27.9553 ], [ 83.7078, 27.9541 ], [ 83.7079, 27.9578 ], [ 83.7036, 27.966 ], [ 83.7068, 27.9667 ], [ 83.7086, 27.9693 ], [ 83.7114, 27.9686 ], [ 83.7164, 27.9709 ], [ 83.7174, 27.973 ], [ 83.7198, 27.9728 ], [ 83.7193, 27.9772 ], [ 83.7232, 27.9728 ], [ 83.7289, 27.9702 ], [ 83.7324, 27.9702 ], [ 83.7345, 27.9725 ], [ 83.7402, 27.971 ], [ 83.7417, 27.9725 ], [ 83.7434, 27.9707 ], [ 83.7461, 27.9723 ], [ 83.7487, 27.9694 ], [ 83.7509, 27.9727 ], [ 83.7549, 27.9755 ], [ 83.7537, 27.9774 ], [ 83.7555, 27.9792 ], [ 83.7589, 27.9787 ], [ 83.7585, 27.9811 ], [ 83.7616, 27.9817 ], [ 83.7635, 27.9849 ], [ 83.7703, 27.9856 ], [ 83.7795, 27.9905 ], [ 83.7815, 27.9925 ], [ 83.7803, 27.9947 ], [ 83.7844, 27.9987 ], [ 83.7819, 28.0021 ], [ 83.7832, 28.0045 ], [ 83.7803, 28.005 ], [ 83.7789, 28.0065 ], [ 83.7814, 28.0102 ], [ 83.7773, 28.0113 ], [ 83.7799, 28.0211 ], [ 83.787, 28.0268 ], [ 83.7884, 28.0312 ], [ 83.7865, 28.0338 ], [ 83.7864, 28.0374 ], [ 83.7911, 28.0402 ], [ 83.7926, 28.0463 ], [ 83.7969, 28.0482 ], [ 83.8011, 28.0529 ], [ 83.802, 28.0582 ], [ 83.804, 28.0581 ], [ 83.8057, 28.0605 ], [ 83.8099, 28.0594 ], [ 83.8103, 28.0609 ], [ 83.8122, 28.0612 ], [ 83.812, 28.0632 ], [ 83.8177, 28.0626 ], [ 83.8202, 28.0656 ], [ 83.8228, 28.0659 ], [ 83.8211, 28.0683 ], [ 83.8223, 28.0691 ], [ 83.8218, 28.07 ], [ 83.8235, 28.0702 ], [ 83.8229, 28.072 ], [ 83.8268, 28.0722 ], [ 83.8266, 28.0741 ], [ 83.8314, 28.0751 ], [ 83.8303, 28.0795 ], [ 83.8336, 28.079 ], [ 83.8345, 28.0773 ], [ 83.8346, 28.0808 ], [ 83.8375, 28.0789 ], [ 83.8382, 28.0804 ], [ 83.8418, 28.0795 ], [ 83.8413, 28.0832 ], [ 83.8517, 28.0858 ], [ 83.8534, 28.0841 ], [ 83.8549, 28.087 ], [ 83.8578, 28.0874 ], [ 83.8607, 28.09 ], [ 83.8605, 28.0924 ], [ 83.8623, 28.0931 ], [ 83.8642, 28.0922 ], [ 83.8642, 28.0941 ], [ 83.8655, 28.0932 ], [ 83.8662, 28.0956 ], [ 83.8696, 28.0958 ], [ 83.8686, 28.0978 ], [ 83.8718, 28.0993 ] ] } },
{ "type": "Feature", "properties": { "cls": "trunk" }, "geometry": { "type": "LineString", "coordinates": [ [ 83.5676, 28.3498 ], [ 83.5701, 28.3412 ], [ 83.5741, 28.3402 ], [ 83.5789, 28.3327 ], [ 83.5899, 28.3254 ], [ 83.592, 28.3214 ], [ 83.5973, 28.3162 ], [ 83.5982, 28.3127 ], [ 83.6006, 28.3109 ], [ 83.6034, 28.2992 ], [ 83.6016, 28.2902 ], [ 83.6091, 28.2854 ], [ 83.6061, 28.2724 ], [ 83.6069, 28.2702 ], [ 83.6109, 28.2687 ], [ 83.6122, 28.2661 ], [ 83.6112, 28.2601 ], [ 83.6166, 28.259 ], [ 83.6201, 28.2529 ], [ 83.6241, 28.251 ], [ 83.6294, 28.2516 ], [ 83.6315, 28.2477 ], [ 83.6437, 28.2426 ], [ 83.6481, 28.2391 ], [ 83.65, 28.2387 ], [ 83.6518, 28.2408 ], [ 83.6565, 28.2413 ], [ 83.6576, 28.2433 ], [ 83.6596, 28.2414 ], [ 83.6587, 28.243 ], [ 83.6609, 28.2425 ], [ 83.664, 28.2379 ], [ 83.663, 28.2361 ], [ 83.6638, 28.2351 ], [ 83.669, 28.2346 ], [ 83.674, 28.2297 ], [ 83.6773, 28.2288 ], [ 83.6772, 28.2278 ] ] } },
{ "type": "Feature", "properties": { "cls": "trunk" }, "geometry": { "type": "LineString", "coordinates": [ [ 83.6924, 28.2222 ], [ 83.6822, 28.2178 ], [ 83.6783, 28.2233 ], [ 83.6772, 28.2278 ] ] } },
{ "type": "Feature", "properties": { "cls": "trunk" }, "geometry": { "type": "LineString", "coordinates": [ [ 83.6772, 28.2278 ], [ 83.6784, 28.2234 ], [ 83.6822, 28.2178 ], [ 83.6924, 28.2222 ] ] } },
{ "type": "Feature", "properties": { "cls": "trunk" }, "geometry": { "type": "LineString", "coordinates": [ [ 83.8768, 28.292 ], [ 83.8711, 28.2917 ], [ 83.863, 28.2863 ], [ 83.8603, 28.2867 ], [ 83.8616, 28.2852 ], [ 83.8667, 28.2851 ], [ 83.8759, 28.2882 ], [ 83.8668, 28.2829 ], [ 83.8691, 28.2841 ], [ 83.8734, 28.284 ], [ 83.8666, 28.2815 ], [ 83.8606, 28.282 ], [ 83.8589, 28.2807 ], [ 83.8474, 28.286 ], [ 83.8408, 28.2869 ], [ 83.8318, 28.2859 ], [ 83.8285, 28.2836 ], [ 83.8274, 28.2833 ], [ 83.8333, 28.2884 ], [ 83.8332, 28.2897 ], [ 83.8221, 28.2924 ], [ 83.823, 28.2933 ], [ 83.8186, 28.2949 ], [ 83.8141, 28.2944 ], [ 83.811, 28.2959 ], [ 83.8099, 28.2987 ], [ 83.8055, 28.2962 ], [ 83.7965, 28.2998 ], [ 83.8037, 28.294 ], [ 83.7815, 28.3032 ], [ 83.7833, 28.3013 ], [ 83.7795, 28.3023 ], [ 83.7781, 28.3017 ], [ 83.7811, 28.3015 ], [ 83.7826, 28.298 ], [ 83.7858, 28.2979 ], [ 83.7832, 28.2952 ], [ 83.7836, 28.2964 ], [ 83.7805, 28.2952 ], [ 83.7728, 28.297 ], [ 83.7773, 28.2971 ], [ 83.7773, 28.2974 ], [ 83.7693, 28.299 ], [ 83.7598, 28.2877 ], [ 83.7567, 28.2874 ], [ 83.7509, 28.2828 ], [ 83.7487, 28.2788 ], [ 83.7452, 28.2795 ], [ 83.7452, 28.2772 ], [ 83.7428, 28.2741 ], [ 83.739, 28.2717 ], [ 83.7363, 28.2716 ], [ 83.7266, 28.2625 ], [ 83.7229, 28.2629 ], [ 83.7211, 28.2619 ], [ 83.7194, 28.2569 ], [ 83.7141, 28.2494 ], [ 83.7145, 28.2436 ], [ 83.7105, 28.2383 ], [ 83.7119, 28.234 ], [ 83.7104, 28.2336 ], [ 83.7116, 28.2323 ], [ 83.7072, 28.225 ], [ 83.699, 28.223 ], [ 83.6968, 28.2259 ], [ 83.6924, 28.2222 ] ] } },
{ "type": "Feature", "properties": { "cls": "trunk" }, "geometry": { "type": "LineString", "coordinates": [ [ 84.3387, 27.7029 ], [ 84.3302, 27.7024 ], [ 84.3054, 27.6921 ], [ 84.2884, 27.69 ], [ 84.2785, 27.6865 ], [ 84.267, 27.688 ], [ 84.2328, 27.6837 ], [ 84.1993, 27.6712 ], [ 84.175, 27.6658 ], [ 84.1686, 27.6613 ], [ 84.1455, 27.6542 ], [ 84.1043, 27.6317 ], [ 84.0973, 27.63 ], [ 84.0825, 27.6222 ], [ 84.0631, 27.6262 ], [ 84.0478, 27.6253 ], [ 84.0412, 27.623 ], [ 84.0318, 27.6231 ], [ 84.0264, 27.6206 ], [ 84.0252, 27.6178 ], [ 84.021, 27.6172 ], [ 84.0099, 27.6126 ], [ 84.0081, 27.6103 ], [ 84.0081, 27.6066 ], [ 84.0063, 27.6051 ], [ 83.9992, 27.6062 ], [ 83.9885, 27.6045 ], [ 83.976, 27.6059 ], [ 83.9617, 27.6133 ], [ 83.9512, 27.6148 ], [ 83.934, 27.6047 ], [ 83.8858, 27.5998 ], [ 83.8821, 27.5965 ], [ 83.8783, 27.5855 ], [ 83.8659, 27.5824 ], [ 83.8624, 27.5792 ], [ 83.8607, 27.5797 ], [ 83.8603, 27.5816 ], [ 83.857, 27.582 ], [ 83.8508, 27.5796 ], [ 83.8536, 27.5781 ], [ 83.8532, 27.5707 ], [ 83.8505, 27.5704 ], [ 83.8525, 27.567 ], [ 83.8502, 27.5665 ], [ 83.8462, 27.5623 ], [ 83.848, 27.5605 ], [ 83.8504, 27.5604 ], [ 83.8507, 27.5591 ], [ 83.8465, 27.5602 ], [ 83.8418, 27.5565 ], [ 83.8409, 27.5539 ], [ 83.8424, 27.5502 ], [ 83.8373, 27.5449 ], [ 83.8358, 27.5451 ], [ 83.8349, 27.5474 ], [ 83.8321, 27.5479 ], [ 83.8317, 27.5506 ], [ 83.8273, 27.5501 ], [ 83.828, 27.5533 ], [ 83.8191, 27.5514 ], [ 83.8197, 27.556 ], [ 83.815, 27.5544 ], [ 83.811, 27.5513 ], [ 83.8082, 27.5511 ], [ 83.8039, 27.5519 ], [ 83.8022, 27.5537 ], [ 83.8016, 27.5516 ], [ 83.795, 27.5559 ], [ 83.7905, 27.5565 ] ] } },
{ "type": "Feature", "properties": { "cls": "trunk" }, "geometry": { "type": "LineString", "coordinates": [ [ 83.8719, 28.0995 ], [ 83.8742, 28.0966 ], [ 83.8754, 28.0969 ], [ 83.8742, 28.0981 ], [ 83.8765, 28.0997 ], [ 83.8752, 28.1023 ], [ 83.8777, 28.1032 ], [ 83.8812, 28.1106 ], [ 83.877, 28.1103 ], [ 83.8758, 28.1119 ], [ 83.8745, 28.111 ], [ 83.8717, 28.1123 ], [ 83.8727, 28.1141 ], [ 83.8714, 28.1149 ], [ 83.8742, 28.1164 ], [ 83.8723, 28.118 ], [ 83.873, 28.119 ], [ 83.8719, 28.1209 ], [ 83.8699, 28.1202 ], [ 83.8711, 28.1243 ], [ 83.8683, 28.123 ], [ 83.8682, 28.128 ], [ 83.8659, 28.1279 ], [ 83.861, 28.1344 ], [ 83.8585, 28.1356 ], [ 83.866, 28.1353 ], [ 83.8652, 28.1372 ], [ 83.8596, 28.1399 ], [ 83.8625, 28.1408 ], [ 83.8621, 28.1437 ], [ 83.8654, 28.1458 ], [ 83.868, 28.1457 ], [ 83.8673, 28.1467 ], [ 83.8696, 28.1473 ], [ 83.8701, 28.1499 ], [ 83.8757, 28.1523 ], [ 83.8802, 28.1508 ], [ 83.8811, 28.1517 ], [ 83.8794, 28.1535 ], [ 83.8798, 28.1562 ], [ 83.8841, 28.1548 ], [ 83.8843, 28.1564 ], [ 83.8903, 28.159 ], [ 83.8885, 28.1647 ], [ 83.8909, 28.167 ], [ 83.8933, 28.1725 ], [ 83.8941, 28.1759 ], [ 83.8926, 28.1771 ], [ 83.894, 28.18 ], [ 83.8929, 28.181 ], [ 83.894, 28.185 ], [ 83.8988, 28.19 ], [ 83.9007, 28.1873 ], [ 83.9032, 28.1877 ], [ 83.9037, 28.1885 ], [ 83.9007, 28.1885 ], [ 83.9006, 28.1909 ], [ 83.8989, 28.1913 ], [ 83.8976, 28.195 ], [ 83.8953, 28.1962 ], [ 83.8967, 28.1969 ], [ 83.8963, 28.1986 ], [ 83.8984, 28.1981 ], [ 83.8992, 28.1992 ], [ 83.9046, 28.197 ], [ 83.9042, 28.2012 ], [ 83.9113, 28.2029 ], [ 83.912, 28.1995 ], [ 83.9166, 28.1981 ], [ 83.9191, 28.1953 ], [ 83.9181, 28.1939 ], [ 83.9212, 28.1916 ], [ 83.9245, 28.1914 ], [ 83.9256, 28.1899 ], [ 83.9278, 28.1907 ], [ 83.9313, 28.188 ], [ 83.9336, 28.1889 ], [ 83.9352, 28.1921 ], [ 83.9391, 28.192 ], [ 83.9385, 28.1962 ], [ 83.9411, 28.1948 ], [ 83.9462, 28.195 ], [ 83.9512, 28.1914 ], [ 83.9595, 28.1891 ], [ 83.9711, 28.192 ] ] } },
{ "type": "Feature", "properties": { "cls": "trunk" }, "geometry": { "type": "LineString", "coordinates": [ [ 83.8768, 28.292 ], [ 83.8904, 28.2903 ], [ 83.9026, 28.2856 ], [ 83.9223, 28.2833 ], [ 83.9322, 28.2785 ], [ 83.9368, 28.2777 ], [ 83.9432, 28.273 ], [ 83.9504, 28.2719 ], [ 83.9539, 28.2672 ] ] } },
{ "type": "Feature", "properties": { "cls": "trunk" }, "geometry": { "type": "LineString", "coordinates": [ [ 83.9539, 28.2672 ], [ 83.9503, 28.2717 ], [ 83.9433, 28.2729 ], [ 83.9368, 28.2777 ], [ 83.932, 28.2785 ], [ 83.9219, 28.2833 ], [ 83.9024, 28.2855 ], [ 83.8905, 28.2901 ], [ 83.8768, 28.292 ] ] } },
{ "type": "Feature", "properties": { "cls": "trunk" }, "geometry": { "type": "LineString", "coordinates": [ [ 83.9842, 28.2428 ], [ 83.9789, 28.2466 ], [ 83.9679, 28.2514 ], [ 83.965, 28.2562 ], [ 83.9599, 28.2597 ], [ 83.9539, 28.2672 ] ] } },
{ "type": "Feature", "properties": { "cls": "trunk" }, "geometry": { "type": "LineString", "coordinates": [ [ 84.0015, 28.2048 ], [ 84.0115, 28.2004 ], [ 84.025, 28.1923 ], [ 84.0269, 28.1936 ], [ 84.0284, 28.1931 ], [ 84.0395, 28.182 ], [ 84.0549, 28.171 ], [ 84.0583, 28.1594 ], [ 84.062, 28.1532 ], [ 84.0906, 28.1246 ], [ 84.0925, 28.1185 ], [ 84.0919, 28.1108 ], [ 84.0825, 28.098 ], [ 84.0809, 28.0947 ], [ 84.0822, 28.0918 ], [ 84.0792, 28.0846 ], [ 84.0719, 28.0765 ], [ 84.0724, 28.0721 ], [ 84.0695, 28.07 ], [ 84.0696, 28.0668 ] ] } },
{ "type": "Feature", "properties": { "cls": "trunk" }, "geometry": { "type": "LineString", "coordinates": [ [ 84.0717, 28.057 ], [ 84.0747, 28.0471 ], [ 84.0855, 28.0298 ], [ 84.0927, 28.0241 ], [ 84.097, 28.0236 ], [ 84.1011, 28.0249 ], [ 84.1055, 28.0225 ], [ 84.1093, 28.0245 ], [ 84.1149, 28.0205 ], [ 84.1197, 28.0146 ], [ 84.1192, 28.0117 ], [ 84.1218, 28.011 ], [ 84.1245, 28.0077 ], [ 84.1285, 28.0084 ], [ 84.1301, 28.0101 ], [ 84.1403, 28.008 ] ] } },
{ "type": "Feature", "properties": { "cls": "trunk" }, "geometry": { "type": "LineString", "coordinates": [ [ 84.1516, 28.0049 ], [ 84.1565, 28.0026 ], [ 84.1604, 27.9987 ], [ 84.1643, 27.998 ], [ 84.1683, 27.9949 ], [ 84.1867, 27.9877 ], [ 84.1956, 27.9826 ], [ 84.2072, 27.9824 ], [ 84.2108, 27.9787 ], [ 84.2138, 27.9779 ], [ 84.2288, 27.9782 ], [ 84.2346, 27.9802 ], [ 84.2402, 27.9791 ], [ 84.2468, 27.9821 ], [ 84.2497, 27.9799 ], [ 84.251, 27.9807 ], [ 84.2544, 27.9789 ], [ 84.2633, 27.98 ], [ 84.2656, 27.9768 ], [ 84.2693, 27.9766 ], [ 84.2721, 27.9793 ], [ 84.2724, 27.9818 ], [ 84.277, 27.9883 ], [ 84.2787, 27.9887 ], [ 84.2806, 27.9875 ], [ 84.2857, 27.9882 ], [ 84.2933, 27.986 ], [ 84.3003, 27.9867 ], [ 84.3064, 27.9851 ], [ 84.3103, 27.9879 ], [ 84.3122, 27.9869 ], [ 84.316, 27.9891 ], [ 84.3334, 27.9875 ], [ 84.346, 27.988 ], [ 84.3528, 27.985 ], [ 84.3566, 27.9796 ], [ 84.3617, 27.9767 ], [ 84.3684, 27.9775 ], [ 84.3696, 27.9757 ], [ 84.3731, 27.9778 ], [ 84.3781, 27.9758 ], [ 84.3814, 27.9778 ], [ 84.3833, 27.9768 ], [ 84.3864, 27.9777 ], [ 84.3943, 27.9756 ], [ 84.3956, 27.9736 ], [ 84.3972, 27.9749 ], [ 84.402, 27.9678 ], [ 84.4059, 27.9667 ], [ 84.4139, 27.959 ] ] } },
{ "type": "Feature", "properties": { "cls": "trunk" }, "geometry": { "type": "LineString", "coordinates": [ [ 84.421, 27.6968 ], [ 84.4162, 27.703 ], [ 84.4124, 27.7047 ], [ 84.378, 27.7057 ], [ 84.3709, 27.7086 ], [ 84.3555, 27.7067 ] ] } },
{ "type": "Feature", "properties": { "cls": "trunk" }, "geometry": { "type": "LineString", "coordinates": [ [ 84.4318, 27.7978 ], [ 84.4317, 27.7902 ], [ 84.4382, 27.78 ], [ 84.4528, 27.7793 ], [ 84.4635, 27.7731 ] ] } },
{ "type": "Feature", "properties": { "cls": "trunk" }, "geometry": { "type": "LineString", "coordinates": [ [ 84.4441, 27.8194 ], [ 84.4406, 27.8152 ], [ 84.4337, 27.812 ], [ 84.4318, 27.8027 ] ] } },
{ "type": "Feature", "properties": { "cls": "trunk" }, "geometry": { "type": "LineString", "coordinates": [ [ 84.4842, 27.9267 ], [ 84.4778, 27.9294 ], [ 84.4659, 27.9371 ], [ 84.458, 27.9408 ], [ 84.4562, 27.9403 ], [ 84.4566, 27.9419 ], [ 84.4549, 27.9436 ], [ 84.4498, 27.9464 ], [ 84.443, 27.9454 ], [ 84.4379, 27.9476 ], [ 84.4357, 27.9471 ] ] } },
{ "type": "Feature", "properties": { "cls": "trunk" }, "geometry": { "type": "LineString", "coordinates": [ [ 84.4384, 27.6707 ], [ 84.4414, 27.7048 ], [ 84.44, 27.7106 ] ] } },
{ "type": "Feature", "properties": { "cls": "trunk" }, "geometry": { "type": "LineString", "coordinates": [ [ 84.4562, 27.6583 ], [ 84.445, 27.6696 ], [ 84.4385, 27.6705 ] ] } },
{ "type": "Feature", "properties": { "cls": "trunk" }, "geometry": { "type": "LineString", "coordinates": [ [ 84.4401, 27.7107 ], [ 84.4415, 27.7051 ], [ 84.4385, 27.6707 ] ] } },
{ "type": "Feature", "properties": { "cls": "trunk" }, "geometry": { "type": "LineString", "coordinates": [ [ 84.4385, 27.6707 ], [ 84.4451, 27.6697 ], [ 84.4562, 27.6583 ] ] } },
{ "type": "Feature", "properties": { "cls": "trunk" }, "geometry": { "type": "LineString", "coordinates": [ [ 84.4704, 27.7656 ], [ 84.4747, 27.7607 ], [ 84.4764, 27.7555 ], [ 84.4745, 27.7493 ], [ 84.466, 27.7457 ], [ 84.4588, 27.7395 ], [ 84.4488, 27.7272 ], [ 84.4474, 27.7234 ], [ 84.4484, 27.7201 ], [ 84.4401, 27.7109 ] ] } },
{ "type": "Feature", "properties": { "cls": "trunk" }, "geometry": { "type": "LineString", "coordinates": [ [ 84.4661, 27.8186 ], [ 84.4631, 27.8176 ], [ 84.4453, 27.821 ] ] } },
{ "type": "Feature", "properties": { "cls": "trunk" }, "geometry": { "type": "LineString", "coordinates": [ [ 84.4978, 27.6285 ], [ 84.4781, 27.6366 ], [ 84.4562, 27.6583 ] ] } },
{ "type": "Feature", "properties": { "cls": "trunk" }, "geometry": { "type": "LineString", "coordinates": [ [ 84.4826, 27.8203 ], [ 84.4668, 27.8236 ], [ 84.4668, 27.8194 ] ] } },
{ "type": "Feature", "properties": { "cls": "trunk" }, "geometry": { "type": "LineString", "coordinates": [ [ 84.546, 27.8308 ], [ 84.5397, 27.8328 ], [ 84.5287, 27.8331 ], [ 84.5222, 27.8317 ], [ 84.5209, 27.8293 ], [ 84.5216, 27.8224 ], [ 84.5193, 27.8171 ], [ 84.5171, 27.8152 ], [ 84.5091, 27.8146 ], [ 84.5032, 27.8185 ], [ 84.4974, 27.8196 ], [ 84.4925, 27.8184 ], [ 84.4878, 27.8202 ], [ 84.4844, 27.8201 ] ] } },
{ "type": "Feature", "properties": { "cls": "trunk" }, "geometry": { "type": "LineString", "coordinates": [ [ 84.494, 27.9248 ], [ 84.4967, 27.9243 ], [ 84.4999, 27.9218 ], [ 84.4987, 27.9155 ], [ 84.5019, 27.9118 ], [ 84.51, 27.9129 ], [ 84.5215, 27.9115 ], [ 84.5253, 27.9122 ], [ 84.5311, 27.9087 ], [ 84.5392, 27.898 ], [ 84.5397, 27.8856 ], [ 84.5443, 27.8812 ], [ 84.5401, 27.8781 ], [ 84.5404, 27.8753 ], [ 84.5439, 27.8696 ], [ 84.55, 27.8689 ], [ 84.5503, 27.8676 ], [ 84.5471, 27.8649 ], [ 84.5469, 27.8627 ], [ 84.551, 27.8596 ], [ 84.5564, 27.8577 ], [ 84.5565, 27.8549 ] ] } },
{ "type": "Feature", "properties": { "cls": "trunk" }, "geometry": { "type": "LineString", "coordinates": [ [ 84.5189, 27.6207 ], [ 84.4978, 27.6285 ] ] } },
{ "type": "Feature", "properties": { "cls": "trunk" }, "geometry": { "type": "LineString", "coordinates": [ [ 84.4978, 27.6285 ], [ 84.5189, 27.6207 ] ] } },
{ "type": "Feature", "properties": { "cls": "trunk" }, "geometry": { "type": "LineString", "coordinates": [ [ 85.0246, 27.4017 ], [ 85.026, 27.4135 ], [ 85.0281, 27.417 ], [ 85.0319, 27.431 ], [ 85.0264, 27.4324 ], [ 85.0147, 27.4311 ], [ 84.9951, 27.4347 ], [ 84.9868, 27.4389 ], [ 84.9865, 27.4446 ], [ 84.985, 27.4466 ], [ 84.9641, 27.4566 ], [ 84.9578, 27.4547 ], [ 84.9538, 27.4562 ], [ 84.9436, 27.4549 ], [ 84.94, 27.4567 ], [ 84.9327, 27.4557 ], [ 84.9265, 27.4588 ], [ 84.9135, 27.4601 ], [ 84.9062, 27.4662 ], [ 84.9048, 27.4719 ], [ 84.9026, 27.4734 ], [ 84.8946, 27.4734 ], [ 84.8872, 27.4677 ], [ 84.8824, 27.4678 ], [ 84.881, 27.4696 ], [ 84.881, 27.473 ], [ 84.874, 27.4844 ], [ 84.8656, 27.4862 ], [ 84.8597, 27.4905 ], [ 84.8503, 27.494 ], [ 84.8455, 27.4983 ], [ 84.8379, 27.5018 ], [ 84.825, 27.5177 ], [ 84.8106, 27.525 ], [ 84.8091, 27.528 ], [ 84.8097, 27.5355 ], [ 84.8067, 27.5397 ], [ 84.786, 27.5417 ], [ 84.7791, 27.5396 ], [ 84.7655, 27.5419 ], [ 84.7614, 27.5445 ], [ 84.7527, 27.5462 ], [ 84.7374, 27.5551 ], [ 84.7357, 27.5574 ], [ 84.735, 27.562 ], [ 84.7268, 27.5723 ], [ 84.7275, 27.5757 ], [ 84.7336, 27.5818 ], [ 84.7336, 27.5839 ], [ 84.7319, 27.5858 ], [ 84.7186, 27.5869 ], [ 84.7134, 27.5839 ], [ 84.7024, 27.5826 ], [ 84.6815, 27.5927 ], [ 84.669, 27.6016 ], [ 84.66, 27.5994 ], [ 84.6491, 27.6005 ], [ 84.5932, 27.6101 ], [ 84.5701, 27.6122 ], [ 84.5189, 27.6207 ] ] } },
{ "type": "Feature", "properties": { "cls": "trunk" }, "geometry": { "type": "LineString", "coordinates": [ [ 84.5602, 27.8555 ], [ 84.5579, 27.853 ], [ 84.5593, 27.8468 ], [ 84.5578, 27.8375 ], [ 84.5499, 27.8316 ] ] } },
{ "type": "Feature", "properties": { "cls": "trunk" }, "geometry": { "type": "LineString", "coordinates": [ [ 84.5606, 27.856 ], [ 84.5739, 27.8609 ], [ 84.5781, 27.8648 ], [ 84.5781, 27.8711 ], [ 84.5882, 27.8777 ], [ 84.5991, 27.8744 ], [ 84.6073, 27.8698 ], [ 84.6155, 27.8729 ], [ 84.626, 27.8714 ], [ 84.6312, 27.8679 ], [ 84.6323, 27.8626 ], [ 84.6347, 27.8595 ], [ 84.6475, 27.8582 ], [ 84.6459, 27.8552 ], [ 84.6466, 27.8531 ], [ 84.6562, 27.8514 ], [ 84.6595, 27.8493 ], [ 84.6628, 27.8398 ], [ 84.6602, 27.8292 ], [ 84.6661, 27.8237 ], [ 84.6673, 27.8181 ], [ 84.6762, 27.8154 ], [ 84.6844, 27.8101 ], [ 84.6928, 27.8091 ], [ 84.6973, 27.807 ], [ 84.703, 27.8068 ], [ 84.7079, 27.801 ], [ 84.7106, 27.7996 ], [ 84.7138, 27.8 ], [ 84.7185, 27.803 ], [ 84.7265, 27.7965 ], [ 84.7311, 27.7947 ], [ 84.7379, 27.7978 ], [ 84.7415, 27.8021 ], [ 84.752, 27.8033 ], [ 84.7576, 27.8076 ], [ 84.7581, 27.81 ], [ 84.7619, 27.8138 ], [ 84.7657, 27.8122 ], [ 84.7682, 27.8082 ], [ 84.7718, 27.8075 ], [ 84.7724, 27.8061 ], [ 84.7735, 27.8078 ], [ 84.7773, 27.8081 ], [ 84.7826, 27.8126 ], [ 84.7927, 27.8121 ], [ 84.8079, 27.8163 ], [ 84.8148, 27.8125 ], [ 84.8185, 27.8068 ], [ 84.8217, 27.8073 ], [ 84.8266, 27.8107 ], [ 84.825, 27.8114 ], [ 84.8256, 27.8134 ], [ 84.8303, 27.8135 ], [ 84.8327, 27.8121 ], [ 84.8372, 27.8035 ], [ 84.8401, 27.8011 ], [ 84.8483, 27.8037 ], [ 84.85, 27.8078 ], [ 84.8582, 27.8067 ], [ 84.8645, 27.8009 ], [ 84.8713, 27.8019 ], [ 84.8724, 27.8006 ], [ 84.8724, 27.8027 ], [ 84.8738, 27.8037 ], [ 84.8833, 27.8048 ], [ 84.8882, 27.8082 ], [ 84.8934, 27.8062 ], [ 84.9054, 27.8051 ], [ 84.9059, 27.8029 ], [ 84.9123, 27.8039 ], [ 84.9161, 27.8002 ] ] } },
{ "type": "Feature", "properties": { "cls": "trunk" }, "geometry": { "type": "LineString", "coordinates": [ [ 84.8483, 27.0286 ], [ 84.84, 27.0096 ], [ 84.8386, 27.009 ] ] } },
{ "type": "Feature", "properties": { "cls": "trunk" }, "geometry": { "type": "LineString", "coordinates": [ [ 84.8386, 27.009 ], [ 84.8483, 27.0286 ] ] } },
{ "type": "Feature", "properties": { "cls": "trunk" }, "geometry": { "type": "LineString", "coordinates": [ [ 84.8594, 27.0265 ], [ 84.8792, 27.0721 ], [ 84.8836, 27.0782 ] ] } },
{ "type": "Feature", "properties": { "cls": "trunk" }, "geometry": { "type": "LineString", "coordinates": [ [ 84.8836, 27.0782 ], [ 84.8793, 27.0721 ], [ 84.8627, 27.0319 ], [ 84.8594, 27.0265 ] ] } },
{ "type": "Feature", "properties": { "cls": "trunk" }, "geometry": { "type": "LineString", "coordinates": [ [ 84.8836, 27.0782 ], [ 84.8895, 27.0819 ], [ 84.9016, 27.0833 ], [ 84.912, 27.0824 ], [ 84.9214, 27.0798 ] ] } },
{ "type": "Feature", "properties": { "cls": "trunk" }, "geometry": { "type": "LineString", "coordinates": [ [ 84.9175, 27.7997 ], [ 84.9203, 27.7973 ], [ 84.9273, 27.7974 ], [ 84.9328, 27.8015 ], [ 84.9404, 27.8039 ], [ 84.9434, 27.8067 ], [ 84.945, 27.811 ], [ 84.9559, 27.8158 ], [ 84.9596, 27.8142 ], [ 84.9647, 27.8096 ], [ 84.9681, 27.8091 ], [ 84.9683, 27.8064 ], [ 84.9712, 27.8042 ], [ 84.9706, 27.803 ], [ 84.9726, 27.8006 ], [ 84.9939, 27.8003 ], [ 84.9945, 27.7963 ], [ 84.9959, 27.796 ] ] } },
{ "type": "Feature", "properties": { "cls": "trunk" }, "geometry": { "type": "LineString", "coordinates": [ [ 84.9214, 27.0798 ], [ 84.9266, 27.0873 ], [ 84.9425, 27.0923 ], [ 84.9483, 27.1071 ] ] } },
{ "type": "Feature", "properties": { "cls": "trunk" }, "geometry": { "type": "LineString", "coordinates": [ [ 84.9214, 27.0798 ], [ 84.9267, 27.0872 ], [ 84.9426, 27.0922 ], [ 84.9483, 27.1071 ] ] } },
{ "type": "Feature", "properties": { "cls": "trunk" }, "geometry": { "type": "LineString", "coordinates": [ [ 84.9483, 27.1071 ], [ 84.9577, 27.1331 ], [ 84.9631, 27.1385 ], [ 84.974, 27.1599 ] ] } },
{ "type": "Feature", "properties": { "cls": "trunk" }, "geometry": { "type": "LineString", "coordinates": [ [ 84.9809, 27.2019 ], [ 84.9861, 27.2171 ], [ 84.9901, 27.2392 ], [ 84.9891, 27.2566 ], [ 84.9898, 27.2764 ], [ 84.9928, 27.283 ], [ 84.9903, 27.2906 ], [ 84.9917, 27.2959 ], [ 84.9958, 27.2996 ], [ 84.9974, 27.3045 ], [ 85.0002, 27.3061 ], [ 85.0016, 27.3111 ], [ 84.9995, 27.3143 ], [ 85.0028, 27.3159 ], [ 85.0053, 27.3206 ], [ 84.9976, 27.3264 ], [ 84.9929, 27.3413 ], [ 84.9927, 27.3537 ], [ 84.9996, 27.3591 ], [ 85.0057, 27.3621 ], [ 85.0088, 27.37 ], [ 85.0128, 27.3757 ], [ 85.0161, 27.3772 ], [ 85.0196, 27.3771 ], [ 85.022, 27.379 ], [ 85.0246, 27.3868 ], [ 85.0237, 27.3894 ], [ 85.0262, 27.3938 ], [ 85.0246, 27.4017 ] ] } },
{ "type": "Feature", "properties": { "cls": "trunk" }, "geometry": { "type": "LineString", "coordinates": [ [ 85.8937, 26.9901 ], [ 85.8431, 27.0044 ], [ 85.8163, 27.0042 ], [ 85.8048, 27.0062 ], [ 85.7971, 27.004 ], [ 85.7743, 27.0096 ], [ 85.7535, 27.0128 ], [ 85.7441, 27.0128 ], [ 85.7325, 27.0195 ], [ 85.685, 27.0265 ], [ 85.6784, 27.0303 ], [ 85.6701, 27.0407 ], [ 85.6648, 27.0441 ], [ 85.591, 27.0658 ], [ 85.5877, 27.0686 ], [ 85.5777, 27.0845 ], [ 85.534, 27.0938 ], [ 85.5269, 27.0965 ], [ 85.4956, 27.1178 ], [ 85.4854, 27.1291 ], [ 85.4765, 27.1359 ], [ 85.4661, 27.1327 ], [ 85.4496, 27.1203 ], [ 85.4215, 27.1101 ], [ 85.4055, 27.1065 ], [ 85.3929, 27.1066 ], [ 85.3814, 27.1092 ], [ 85.3596, 27.1185 ], [ 85.3446, 27.1316 ], [ 85.3362, 27.136 ], [ 85.2851, 27.1527 ], [ 85.2508, 27.15 ], [ 85.246, 27.1506 ], [ 85.2342, 27.1579 ], [ 85.211, 27.1664 ], [ 85.1861, 27.1802 ], [ 85.1795, 27.1808 ], [ 85.1426, 27.1785 ], [ 85.1073, 27.1668 ], [ 85.0865, 27.1638 ], [ 85.0766, 27.1662 ], [ 85.0134, 27.1882 ], [ 85.0119, 27.1877 ], [ 84.9827, 27.1987 ] ] } },
{ "type": "Feature", "properties": { "cls": "trunk" }, "geometry": { "type": "LineString", "coordinates": [ [ 84.998, 27.7958 ], [ 85.0004, 27.796 ], [ 85.0009, 27.7986 ], [ 85.0054, 27.7972 ], [ 85.0097, 27.7915 ], [ 85.0137, 27.7808 ], [ 85.0229, 27.78 ], [ 85.0264, 27.7741 ], [ 85.0333, 27.7739 ], [ 85.0342, 27.7706 ], [ 85.0376, 27.7676 ], [ 85.0454, 27.7651 ], [ 85.0435, 27.7583 ], [ 85.0453, 27.7548 ], [ 85.0442, 27.7517 ], [ 85.0451, 27.7499 ], [ 85.0484, 27.7492 ], [ 85.0521, 27.7518 ], [ 85.0531, 27.7491 ], [ 85.0551, 27.7487 ], [ 85.0629, 27.7535 ], [ 85.0669, 27.7515 ], [ 85.07, 27.752 ], [ 85.0708, 27.7498 ], [ 85.0746, 27.7494 ], [ 85.0773, 27.7472 ], [ 85.0823, 27.7472 ], [ 85.0843, 27.745 ], [ 85.0874, 27.7448 ], [ 85.0882, 27.7471 ], [ 85.0897, 27.7473 ], [ 85.0962, 27.7448 ], [ 85.1059, 27.7432 ], [ 85.1152, 27.7439 ], [ 85.1235, 27.7376 ], [ 85.1305, 27.7366 ], [ 85.1366, 27.7333 ], [ 85.1378, 27.729 ], [ 85.1503, 27.7159 ], [ 85.1517, 27.7154 ], [ 85.1513, 27.7175 ], [ 85.1527, 27.7178 ], [ 85.1529, 27.7195 ], [ 85.1577, 27.717 ], [ 85.163, 27.7176 ], [ 85.1656, 27.7189 ], [ 85.1653, 27.7209 ], [ 85.1699, 27.7196 ], [ 85.1701, 27.7152 ], [ 85.1715, 27.7163 ], [ 85.1727, 27.7157 ] ] } },
{ "type": "Feature", "properties": { "cls": "trunk" }, "geometry": { "type": "LineString", "coordinates": [ [ 85.0268, 27.4017 ], [ 85.0323, 27.4016 ], [ 85.0348, 27.4032 ], [ 85.051, 27.3982 ], [ 85.0562, 27.3957 ], [ 85.06, 27.3908 ], [ 85.0769, 27.383 ] ] } },
{ "type": "Feature", "properties": { "cls": "trunk" }, "geometry": { "type": "LineString", "coordinates": [ [ 85.1733, 27.7158 ], [ 85.1738, 27.7172 ], [ 85.1754, 27.7167 ], [ 85.1762, 27.7178 ], [ 85.1823, 27.7104 ], [ 85.1823, 27.7118 ], [ 85.1845, 27.711 ], [ 85.184, 27.7139 ], [ 85.1852, 27.7143 ], [ 85.1912, 27.7091 ], [ 85.196, 27.708 ], [ 85.1962, 27.7094 ], [ 85.1982, 27.709 ] ] } },
{ "type": "Feature", "properties": { "cls": "trunk" }, "geometry": { "type": "LineString", "coordinates": [ [ 85.2004, 27.7081 ], [ 85.2002, 27.7097 ], [ 85.2024, 27.7115 ], [ 85.1992, 27.7132 ], [ 85.1973, 27.7156 ], [ 85.1976, 27.7165 ], [ 85.1997, 27.714 ], [ 85.2038, 27.7133 ], [ 85.204, 27.7088 ], [ 85.2053, 27.7073 ] ] } },
{ "type": "Feature", "properties": { "cls": "trunk" }, "geometry": { "type": "LineString", "coordinates": [ [ 85.2069, 27.7046 ], [ 85.2147, 27.7056 ], [ 85.2209, 27.7044 ], [ 85.226, 27.6987 ], [ 85.237, 27.6934 ], [ 85.237, 27.6907 ] ] } },
{ "type": "Feature", "properties": { "cls": "trunk" }, "geometry": { "type": "LineString", "coordinates": [ [ 85.2815, 27.699 ], [ 85.2839, 27.718 ], [ 85.2973, 27.7247 ], [ 85.3041, 27.7268 ] ] } },
{ "type": "Feature", "properties": { "cls": "trunk" }, "geometry": { "type": "LineString", "coordinates": [ [ 85.3495, 27.6787 ], [ 85.3329, 27.6673 ], [ 85.3266, 27.6599 ], [ 85.3227, 27.6579 ], [ 85.3136, 27.665 ], [ 85.3075, 27.6672 ], [ 85.3022, 27.6744 ], [ 85.302, 27.684 ], [ 85.2938, 27.6853 ], [ 85.2902, 27.6876 ], [ 85.285, 27.6886 ], [ 85.2816, 27.6933 ] ] } },
{ "type": "Feature", "properties": { "cls": "trunk" }, "geometry": { "type": "LineString", "coordinates": [ [ 85.2817, 27.6933 ], [ 85.2925, 27.6955 ], [ 85.3001, 27.6986 ], [ 85.3137, 27.6938 ] ] } },
{ "type": "Feature", "properties": { "cls": "trunk" }, "geometry": { "type": "LineString", "coordinates": [ [ 85.2817, 27.6933 ], [ 85.285, 27.6887 ], [ 85.2902, 27.6877 ], [ 85.2938, 27.6854 ], [ 85.302, 27.6842 ], [ 85.3022, 27.6745 ], [ 85.3076, 27.6672 ], [ 85.3137, 27.665 ], [ 85.3227, 27.6579 ], [ 85.3266, 27.66 ], [ 85.3329, 27.6674 ], [ 85.3495, 27.6788 ] ] } },
{ "type": "Feature", "properties": { "cls": "trunk" }, "geometry": { "type": "LineString", "coordinates": [ [ 85.3051, 27.7276 ], [ 85.306, 27.7353 ], [ 85.32, 27.7353 ], [ 85.3329, 27.7421 ], [ 85.3401, 27.7382 ], [ 85.3456, 27.7297 ], [ 85.3448, 27.7242 ], [ 85.3469, 27.7185 ] ] } },
{ "type": "Feature", "properties": { "cls": "trunk" }, "geometry": { "type": "LineString", "coordinates": [ [ 85.3491, 27.6835 ], [ 85.3464, 27.6858 ], [ 85.3303, 27.6895 ], [ 85.3202, 27.6943 ] ] } },
{ "type": "Feature", "properties": { "cls": "trunk" }, "geometry": { "type": "LineString", "coordinates": [ [ 85.3207, 27.6945 ], [ 85.3301, 27.6896 ], [ 85.3466, 27.6859 ], [ 85.3491, 27.6837 ] ] } },
{ "type": "Feature", "properties": { "cls": "trunk" }, "geometry": { "type": "LineString", "coordinates": [ [ 85.3797, 28.2807 ], [ 85.3775, 28.28 ], [ 85.3755, 28.2832 ], [ 85.3703, 28.2861 ], [ 85.3599, 28.2858 ], [ 85.3523, 28.2868 ], [ 85.3478, 28.289 ], [ 85.3485, 28.3009 ], [ 85.3455, 28.3144 ] ] } },
{ "type": "Feature", "properties": { "cls": "trunk" }, "geometry": { "type": "LineString", "coordinates": [ [ 85.3464, 27.7167 ], [ 85.3433, 27.7078 ], [ 85.3463, 27.7058 ], [ 85.3516, 27.7057 ], [ 85.3551, 27.6985 ], [ 85.355, 27.6955 ] ] } },
{ "type": "Feature", "properties": { "cls": "trunk" }, "geometry": { "type": "LineString", "coordinates": [ [ 85.4273, 27.6655 ], [ 85.4183, 27.6665 ], [ 85.4081, 27.6718 ], [ 85.3985, 27.6744 ], [ 85.3847, 27.6732 ], [ 85.3522, 27.6752 ], [ 85.35, 27.6764 ], [ 85.3495, 27.6787 ] ] } },
{ "type": "Feature", "properties": { "cls": "trunk" }, "geometry": { "type": "LineString", "coordinates": [ [ 85.3497, 27.6787 ], [ 85.35, 27.6766 ], [ 85.352, 27.6753 ], [ 85.3846, 27.6733 ], [ 85.3983, 27.6746 ], [ 85.4082, 27.6719 ], [ 85.4184, 27.6665 ], [ 85.4273, 27.6655 ] ] } },
{ "type": "Feature", "properties": { "cls": "trunk" }, "geometry": { "type": "LineString", "coordinates": [ [ 85.5188, 27.6312 ], [ 85.5094, 27.6325 ], [ 85.507, 27.6316 ], [ 85.4946, 27.6318 ], [ 85.4903, 27.6354 ], [ 85.4865, 27.6363 ], [ 85.4834, 27.6393 ], [ 85.4759, 27.6432 ], [ 85.47, 27.6438 ], [ 85.4697, 27.6424 ], [ 85.4656, 27.6436 ], [ 85.4652, 27.6479 ], [ 85.4625, 27.6496 ], [ 85.4611, 27.6524 ], [ 85.4564, 27.6543 ], [ 85.4519, 27.6595 ], [ 85.4466, 27.661 ], [ 85.4392, 27.6658 ], [ 85.433, 27.6665 ], [ 85.4273, 27.6655 ] ] } },
{ "type": "Feature", "properties": { "cls": "trunk" }, "geometry": { "type": "LineString", "coordinates": [ [ 85.5533, 27.6208 ], [ 85.5519, 27.6231 ], [ 85.5482, 27.6252 ], [ 85.5442, 27.6253 ], [ 85.544, 27.6267 ], [ 85.541, 27.6251 ], [ 85.537, 27.6286 ], [ 85.5343, 27.6278 ], [ 85.5249, 27.6299 ] ] } },
{ "type": "Feature", "properties": { "cls": "trunk" }, "geometry": { "type": "LineString", "coordinates": [ [ 85.5487, 26.7321 ], [ 85.5447, 26.7415 ], [ 85.5479, 26.7458 ], [ 85.549, 26.7542 ], [ 85.5574, 26.7705 ], [ 85.5591, 26.7766 ], [ 85.5656, 26.7836 ], [ 85.5656, 26.7858 ], [ 85.5629, 26.7899 ], [ 85.563, 26.7946 ], [ 85.5668, 26.8055 ], [ 85.5682, 26.8169 ], [ 85.5718, 26.8228 ], [ 85.5744, 26.8331 ], [ 85.5733, 26.8368 ], [ 85.5661, 26.841 ] ] } },
{ "type": "Feature", "properties": { "cls": "trunk" }, "geometry": { "type": "LineString", "coordinates": [ [ 85.8941, 26.9903 ], [ 85.9014, 26.9964 ], [ 85.9055, 27.0051 ], [ 85.9056, 27.0101 ], [ 85.9068, 27.0098 ], [ 85.9026, 27.0125 ], [ 85.902, 27.0158 ], [ 85.9075, 27.0204 ], [ 85.9112, 27.0263 ], [ 85.9103, 27.0274 ], [ 85.9135, 27.0277 ], [ 85.9103, 27.0387 ], [ 85.9156, 27.0437 ], [ 85.9228, 27.0437 ], [ 85.9316, 27.0473 ], [ 85.9367, 27.054 ], [ 85.9384, 27.064 ], [ 85.9376, 27.0689 ], [ 85.9414, 27.0762 ], [ 85.9385, 27.0814 ], [ 85.9407, 27.0901 ], [ 85.94, 27.0981 ], [ 85.9426, 27.0992 ], [ 85.9449, 27.0963 ], [ 85.9505, 27.0937 ], [ 85.9582, 27.0967 ], [ 85.9648, 27.1021 ], [ 85.9606, 27.1162 ], [ 85.9602, 27.122 ], [ 85.9583, 27.1244 ], [ 85.9462, 27.1337 ], [ 85.9409, 27.1354 ], [ 85.9257, 27.1464 ], [ 85.9123, 27.1515 ], [ 85.9063, 27.1573 ], [ 85.9012, 27.1673 ], [ 85.902, 27.1711 ], [ 85.9065, 27.1724 ], [ 85.9058, 27.1761 ], [ 85.9092, 27.1755 ], [ 85.9109, 27.1794 ], [ 85.9249, 27.1859 ], [ 85.9253, 27.1876 ], [ 85.9234, 27.1907 ], [ 85.9266, 27.1915 ], [ 85.9278, 27.1933 ], [ 85.9273, 27.1956 ], [ 85.9214, 27.196 ], [ 85.9213, 27.2004 ], [ 85.9194, 27.2048 ], [ 85.9152, 27.2048 ], [ 85.9127, 27.207 ], [ 85.9146, 27.2151 ], [ 85.9177, 27.2164 ], [ 85.9184, 27.2214 ], [ 85.9162, 27.2277 ], [ 85.9133, 27.2309 ], [ 85.9136, 27.2335 ], [ 85.9152, 27.2351 ], [ 85.9172, 27.235 ], [ 85.9175, 27.2365 ], [ 85.923, 27.2409 ], [ 85.9307, 27.2435 ], [ 85.9336, 27.2466 ], [ 85.9355, 27.2469 ], [ 85.935, 27.2509 ], [ 85.9339, 27.2514 ], [ 85.9351, 27.2514 ], [ 85.9357, 27.2506 ], [ 85.9356, 27.2512 ], [ 85.9342, 27.2521 ], [ 85.9354, 27.2518 ], [ 85.9365, 27.2529 ], [ 85.9351, 27.2522 ], [ 85.9331, 27.2529 ], [ 85.9323, 27.2538 ], [ 85.9345, 27.2531 ], [ 85.9349, 27.255 ], [ 85.9361, 27.2549 ], [ 85.9367, 27.2555 ], [ 85.9345, 27.2552 ], [ 85.9336, 27.2543 ], [ 85.9325, 27.2553 ], [ 85.9336, 27.2548 ], [ 85.9348, 27.2557 ], [ 85.9334, 27.2555 ], [ 85.9321, 27.2589 ], [ 85.931, 27.2588 ], [ 85.9323, 27.2592 ], [ 85.9331, 27.2578 ], [ 85.9325, 27.2595 ], [ 85.9304, 27.2602 ], [ 85.9322, 27.2602 ], [ 85.9331, 27.2625 ], [ 85.9322, 27.2629 ], [ 85.932, 27.2636 ], [ 85.9335, 27.2627 ], [ 85.9331, 27.2617 ], [ 85.9339, 27.2631 ], [ 85.933, 27.2631 ], [ 85.9326, 27.2637 ], [ 85.9358, 27.2631 ], [ 85.9342, 27.2641 ], [ 85.9344, 27.265 ], [ 85.9366, 27.2637 ], [ 85.9357, 27.2646 ], [ 85.9373, 27.267 ], [ 85.9365, 27.2646 ], [ 85.9376, 27.2665 ], [ 85.9373, 27.2647 ], [ 85.9378, 27.266 ], [ 85.9419, 27.2668 ], [ 85.944, 27.2689 ], [ 85.9458, 27.2672 ], [ 85.9488, 27.2672 ], [ 85.9499, 27.2676 ], [ 85.9509, 27.2696 ], [ 85.9514, 27.2697 ], [ 85.9502, 27.2674 ], [ 85.9504, 27.2669 ], [ 85.9536, 27.2711 ], [ 85.9566, 27.2727 ], [ 85.9561, 27.2759 ], [ 85.9574, 27.2746 ], [ 85.9619, 27.281 ], [ 85.9636, 27.2796 ], [ 85.9672, 27.281 ], [ 85.9683, 27.2792 ], [ 85.9701, 27.2789 ], [ 85.9725, 27.28 ], [ 85.9726, 27.2814 ], [ 85.9751, 27.2819 ], [ 85.9761, 27.2848 ], [ 85.9812, 27.2878 ], [ 85.9838, 27.2887 ], [ 85.9825, 27.2872 ], [ 85.9846, 27.2885 ], [ 85.9827, 27.2866 ], [ 85.9848, 27.2879 ], [ 85.9857, 27.288 ], [ 85.9835, 27.2858 ], [ 85.9848, 27.2853 ], [ 85.9866, 27.2883 ], [ 85.9902, 27.289 ], [ 85.9936, 27.2921 ], [ 85.9944, 27.292 ], [ 85.9935, 27.2919 ], [ 85.9932, 27.2911 ], [ 85.9923, 27.2906 ], [ 85.9919, 27.2898 ], [ 85.9954, 27.2913 ], [ 85.9965, 27.2951 ], [ 86.0014, 27.2935 ], [ 86.0, 27.2956 ], [ 86.0009, 27.2981 ], [ 86.0046, 27.2982 ], [ 86.0029, 27.3004 ], [ 86.0051, 27.2995 ], [ 86.0066, 27.3 ], [ 86.0043, 27.3002 ], [ 86.0031, 27.3038 ], [ 86.0013, 27.3039 ], [ 85.9998, 27.3022 ], [ 85.9962, 27.3032 ], [ 86.0, 27.3031 ], [ 85.9992, 27.3038 ], [ 85.9936, 27.304 ], [ 85.9973, 27.3063 ], [ 85.9956, 27.31 ], [ 85.9972, 27.3116 ], [ 85.9967, 27.3131 ], [ 86.0002, 27.3148 ], [ 85.998, 27.3188 ], [ 85.9983, 27.3232 ], [ 85.9948, 27.3242 ], [ 85.9935, 27.3261 ], [ 85.9944, 27.3303 ], [ 85.9964, 27.3318 ], [ 85.9959, 27.3332 ], [ 85.9939, 27.3349 ], [ 85.9841, 27.3349 ], [ 85.981, 27.3361 ], [ 85.9799, 27.3392 ], [ 85.9822, 27.3489 ], [ 85.9754, 27.3579 ], [ 85.9744, 27.3576 ], [ 85.9752, 27.3583 ], [ 85.9766, 27.3567 ], [ 85.9754, 27.3607 ], [ 85.9765, 27.363 ], [ 85.9732, 27.3629 ], [ 85.9733, 27.3648 ], [ 85.971, 27.3676 ], [ 85.9722, 27.3719 ], [ 85.967, 27.375 ], [ 85.9666, 27.3769 ], [ 85.9643, 27.3782 ], [ 85.9648, 27.3806 ], [ 85.9634, 27.3836 ], [ 85.9611, 27.3822 ], [ 85.9561, 27.3855 ], [ 85.9588, 27.3828 ], [ 85.9438, 27.3787 ], [ 85.9394, 27.3818 ], [ 85.9371, 27.3853 ], [ 85.9361, 27.3857 ], [ 85.9374, 27.3847 ], [ 85.9374, 27.3838 ], [ 85.9358, 27.3854 ], [ 85.9339, 27.385 ], [ 85.9341, 27.3866 ], [ 85.9316, 27.3878 ], [ 85.9294, 27.3944 ], [ 85.9251, 27.3957 ], [ 85.9224, 27.3988 ], [ 85.9221, 27.3997 ], [ 85.9227, 27.3987 ], [ 85.9249, 27.3972 ], [ 85.9222, 27.4007 ], [ 85.9242, 27.3989 ], [ 85.9216, 27.404 ], [ 85.9186, 27.4048 ], [ 85.9178, 27.4031 ], [ 85.9131, 27.4029 ], [ 85.9058, 27.4091 ], [ 85.8974, 27.4059 ], [ 85.8919, 27.4082 ], [ 85.8854, 27.4149 ], [ 85.8832, 27.4128 ], [ 85.8775, 27.4135 ], [ 85.876, 27.412 ], [ 85.8737, 27.4122 ], [ 85.8698, 27.4135 ], [ 85.8675, 27.4182 ], [ 85.8617, 27.4191 ], [ 85.8574, 27.4231 ], [ 85.8526, 27.4207 ], [ 85.8495, 27.4214 ], [ 85.8441, 27.4271 ], [ 85.835, 27.4296 ], [ 85.8311, 27.4323 ], [ 85.8293, 27.4377 ], [ 85.8269, 27.4386 ], [ 85.8277, 27.4403 ], [ 85.826, 27.4404 ], [ 85.8241, 27.4454 ], [ 85.8181, 27.443 ], [ 85.8093, 27.4439 ], [ 85.8084, 27.4403 ], [ 85.8039, 27.4365 ], [ 85.7934, 27.4385 ], [ 85.7909, 27.4399 ], [ 85.7897, 27.4427 ], [ 85.7842, 27.4426 ], [ 85.7824, 27.4446 ], [ 85.7818, 27.4513 ], [ 85.7744, 27.4488 ], [ 85.7721, 27.4518 ], [ 85.7684, 27.452 ], [ 85.7637, 27.4557 ], [ 85.7632, 27.4595 ], [ 85.7602, 27.4578 ], [ 85.758, 27.4582 ], [ 85.7541, 27.4691 ], [ 85.7465, 27.4712 ], [ 85.7441, 27.4736 ], [ 85.7436, 27.4766 ], [ 85.7362, 27.4802 ], [ 85.7347, 27.4874 ], [ 85.7353, 27.4897 ], [ 85.731, 27.4924 ], [ 85.7298, 27.4947 ], [ 85.7279, 27.4945 ], [ 85.7242, 27.4971 ], [ 85.7192, 27.4946 ], [ 85.7152, 27.4967 ], [ 85.7142, 27.4997 ], [ 85.7156, 27.5032 ], [ 85.7114, 27.5086 ], [ 85.7113, 27.5146 ], [ 85.703, 27.5152 ], [ 85.7001, 27.5144 ], [ 85.695, 27.5215 ], [ 85.6885, 27.5238 ], [ 85.6815, 27.5234 ], [ 85.6804, 27.5176 ], [ 85.6774, 27.5149 ], [ 85.6735, 27.5154 ], [ 85.6648, 27.5235 ], [ 85.6619, 27.528 ], [ 85.6571, 27.5295 ], [ 85.6562, 27.5369 ], [ 85.653, 27.54 ], [ 85.6523, 27.5439 ], [ 85.6496, 27.5469 ], [ 85.6506, 27.5494 ], [ 85.6421, 27.5586 ], [ 85.6418, 27.5616 ], [ 85.6396, 27.5648 ], [ 85.6375, 27.5749 ], [ 85.6397, 27.5775 ], [ 85.6388, 27.5805 ], [ 85.6404, 27.5815 ], [ 85.637, 27.5849 ], [ 85.6321, 27.585 ], [ 85.6327, 27.5886 ], [ 85.6248, 27.5889 ], [ 85.6229, 27.5907 ], [ 85.6202, 27.5889 ], [ 85.6164, 27.589 ], [ 85.6101, 27.5869 ], [ 85.6065, 27.5888 ], [ 85.6074, 27.5911 ], [ 85.6052, 27.5922 ], [ 85.5938, 27.5887 ], [ 85.5918, 27.5903 ], [ 85.5891, 27.5903 ], [ 85.5879, 27.5938 ], [ 85.5823, 27.5916 ], [ 85.577, 27.5913 ], [ 85.5763, 27.5962 ], [ 85.5782, 27.5994 ], [ 85.5738, 27.6012 ], [ 85.5717, 27.6007 ], [ 85.5712, 27.6023 ], [ 85.5687, 27.601 ], [ 85.5677, 27.6019 ], [ 85.5637, 27.6012 ], [ 85.5632, 27.6051 ], [ 85.5564, 27.599 ], [ 85.5523, 27.6008 ], [ 85.5531, 27.6019 ], [ 85.5509, 27.6037 ], [ 85.5526, 27.6054 ], [ 85.5498, 27.6069 ], [ 85.5527, 27.608 ], [ 85.5503, 27.6114 ], [ 85.5539, 27.6125 ], [ 85.5514, 27.6143 ], [ 85.5517, 27.6166 ], [ 85.5499, 27.617 ], [ 85.5502, 27.6191 ], [ 85.5529, 27.6204 ] ] } },
{ "type": "Feature", "properties": { "cls": "trunk" }, "geometry": { "type": "LineString", "coordinates": [ [ 85.9904, 28.0336 ], [ 85.9872, 28.0326 ], [ 85.9843, 28.0257 ], [ 85.9846, 28.0233 ], [ 85.9859, 28.0229 ], [ 85.9832, 28.0212 ], [ 85.9791, 28.0151 ], [ 85.9781, 28.0098 ], [ 85.9754, 28.0079 ], [ 85.9783, 28.0008 ], [ 85.9825, 27.9976 ], [ 85.9819, 27.9962 ], [ 85.9842, 27.9917 ], [ 85.9826, 27.9926 ], [ 85.9797, 27.998 ], [ 85.9787, 27.9984 ], [ 85.9809, 27.9917 ], [ 85.9831, 27.99 ], [ 85.9827, 27.9883 ], [ 85.9826, 27.9899 ], [ 85.9811, 27.9905 ], [ 85.9819, 27.9883 ], [ 85.9835, 27.9869 ], [ 85.9806, 27.9858 ], [ 85.9737, 27.9782 ], [ 85.977, 27.9841 ], [ 85.967, 27.9726 ], [ 85.9673, 27.9714 ], [ 85.9635, 27.9673 ], [ 85.9666, 27.9718 ], [ 85.968, 27.9756 ], [ 85.9627, 27.97 ], [ 85.9646, 27.9735 ], [ 85.9597, 27.9699 ], [ 85.9565, 27.9609 ], [ 85.9568, 27.957 ], [ 85.9544, 27.9564 ], [ 85.9513, 27.947 ], [ 85.9367, 27.9321 ], [ 85.9352, 27.9246 ], [ 85.9332, 27.9213 ], [ 85.9314, 27.9205 ], [ 85.9281, 27.9145 ], [ 85.9256, 27.9133 ], [ 85.915, 27.8978 ], [ 85.9155, 27.8961 ], [ 85.9141, 27.8945 ], [ 85.9149, 27.8923 ], [ 85.912, 27.8843 ], [ 85.9138, 27.8829 ], [ 85.8985, 27.876 ], [ 85.8856, 27.8737 ], [ 85.8833, 27.8722 ], [ 85.8815, 27.8669 ], [ 85.8788, 27.8641 ], [ 85.878, 27.8555 ], [ 85.8807, 27.8499 ], [ 85.8802, 27.8419 ], [ 85.8729, 27.8347 ], [ 85.8696, 27.833 ], [ 85.8693, 27.83 ], [ 85.8758, 27.8249 ], [ 85.8789, 27.8196 ], [ 85.8853, 27.8134 ], [ 85.8858, 27.8108 ], [ 85.8932, 27.8035 ], [ 85.8929, 27.8006 ], [ 85.8957, 27.7991 ], [ 85.9, 27.7873 ], [ 85.8984, 27.7865 ], [ 85.8966, 27.7826 ], [ 85.8891, 27.7785 ], [ 85.8876, 27.7746 ], [ 85.8805, 27.7668 ], [ 85.875, 27.7644 ], [ 85.8702, 27.7592 ], [ 85.8613, 27.7559 ], [ 85.8511, 27.757 ], [ 85.8376, 27.7553 ], [ 85.8314, 27.7562 ], [ 85.8209, 27.7506 ], [ 85.8174, 27.7517 ], [ 85.8151, 27.7511 ], [ 85.8108, 27.7472 ], [ 85.8053, 27.7489 ], [ 85.8019, 27.7426 ], [ 85.794, 27.7358 ], [ 85.7812, 27.7344 ], [ 85.7793, 27.7326 ], [ 85.779, 27.7292 ], [ 85.7771, 27.7266 ], [ 85.777, 27.7225 ], [ 85.7744, 27.7191 ], [ 85.7703, 27.7181 ], [ 85.7681, 27.7132 ], [ 85.7623, 27.7098 ], [ 85.7622, 27.705 ], [ 85.757, 27.7043 ], [ 85.7544, 27.7023 ], [ 85.7525, 27.6984 ], [ 85.7438, 27.6919 ], [ 85.7425, 27.689 ], [ 85.7392, 27.6878 ], [ 85.7362, 27.6834 ], [ 85.7303, 27.6799 ], [ 85.7303, 27.6703 ], [ 85.7258, 27.6681 ], [ 85.7237, 27.6642 ], [ 85.7112, 27.6572 ], [ 85.7092, 27.6544 ], [ 85.7048, 27.6566 ], [ 85.7081, 27.6533 ], [ 85.7071, 27.6398 ], [ 85.7052, 27.6393 ], [ 85.7022, 27.6455 ], [ 85.6984, 27.6475 ], [ 85.6772, 27.6498 ], [ 85.6636, 27.6566 ], [ 85.6611, 27.6565 ], [ 85.6619, 27.6591 ], [ 85.6563, 27.6606 ], [ 85.6558, 27.6621 ], [ 85.6522, 27.6631 ], [ 85.6513, 27.6647 ], [ 85.6402, 27.664 ], [ 85.6364, 27.666 ], [ 85.6329, 27.6699 ], [ 85.6314, 27.6667 ], [ 85.6293, 27.6687 ], [ 85.6279, 27.6683 ], [ 85.6237, 27.6518 ], [ 85.6202, 27.6475 ], [ 85.6188, 27.6432 ], [ 85.6149, 27.6433 ], [ 85.6115, 27.6411 ], [ 85.6081, 27.6408 ], [ 85.6085, 27.6394 ], [ 85.6054, 27.6369 ], [ 85.6063, 27.6339 ], [ 85.614, 27.6295 ], [ 85.6131, 27.6276 ], [ 85.6094, 27.6258 ], [ 85.6096, 27.6246 ], [ 85.6086, 27.6245 ], [ 85.6088, 27.6262 ], [ 85.6103, 27.6272 ], [ 85.6093, 27.6287 ], [ 85.6011, 27.6311 ], [ 85.5975, 27.6353 ], [ 85.5884, 27.6356 ], [ 85.5866, 27.6351 ], [ 85.5875, 27.6322 ], [ 85.5804, 27.6305 ], [ 85.581, 27.627 ], [ 85.5732, 27.6232 ], [ 85.5699, 27.619 ], [ 85.568, 27.6207 ], [ 85.5658, 27.6179 ], [ 85.5608, 27.618 ], [ 85.5597, 27.6169 ], [ 85.5541, 27.6182 ], [ 85.5532, 27.6202 ] ] } },
{ "type": "Feature", "properties": { "cls": "trunk" }, "geometry": { "type": "LineString", "coordinates": [ [ 85.7305, 26.6422 ], [ 85.7591, 26.6365 ], [ 85.7697, 26.629 ] ] } },
{ "type": "Feature", "properties": { "cls": "trunk" }, "geometry": { "type": "LineString", "coordinates": [ [ 85.7697, 26.629 ], [ 85.7779, 26.6225 ], [ 85.7773, 26.6154 ], [ 85.7828, 26.6116 ], [ 85.7875, 26.6008 ], [ 85.7883, 26.5983 ], [ 85.7864, 26.5898 ] ] } },
{ "type": "Feature", "properties": { "cls": "trunk" }, "geometry": { "type": "LineString", "coordinates": [ [ 85.7865, 26.6382 ], [ 85.801, 26.6447 ], [ 85.8088, 26.6533 ] ] } },
{ "type": "Feature", "properties": { "cls": "trunk" }, "geometry": { "type": "LineString", "coordinates": [ [ 85.8088, 26.6533 ], [ 85.8011, 26.6447 ], [ 85.7865, 26.6382 ] ] } },
{ "type": "Feature", "properties": { "cls": "trunk" }, "geometry": { "type": "LineString", "coordinates": [ [ 85.8934, 26.7066 ], [ 85.8879, 26.6991 ], [ 85.8795, 26.6955 ], [ 85.873, 26.6898 ], [ 85.8587, 26.6847 ], [ 85.8558, 26.6817 ], [ 85.8523, 26.6822 ], [ 85.8461, 26.6785 ], [ 85.8432, 26.6794 ], [ 85.8222, 26.6618 ], [ 85.8123, 26.6559 ] ] } },
{ "type": "Feature", "properties": { "cls": "trunk" }, "geometry": { "type": "LineString", "coordinates": [ [ 85.8565, 26.5431 ], [ 85.8536, 26.551 ], [ 85.8542, 26.5524 ], [ 85.8684, 26.5587 ], [ 85.8782, 26.5658 ], [ 85.8822, 26.5651 ], [ 85.9022, 26.5816 ], [ 85.9061, 26.5877 ], [ 85.9202, 26.5897 ], [ 85.9323, 26.5977 ], [ 85.9367, 26.6023 ], [ 85.9459, 26.6021 ], [ 85.9564, 26.6094 ], [ 85.9699, 26.6125 ], [ 85.9711, 26.6177 ] ] } },
{ "type": "Feature", "properties": { "cls": "trunk" }, "geometry": { "type": "LineString", "coordinates": [ [ 85.9165, 26.7233 ], [ 85.8934, 26.7066 ] ] } },
{ "type": "Feature", "properties": { "cls": "trunk" }, "geometry": { "type": "LineString", "coordinates": [ [ 85.8934, 26.7066 ], [ 85.9163, 26.7234 ] ] } },
{ "type": "Feature", "properties": { "cls": "trunk" }, "geometry": { "type": "LineString", "coordinates": [ [ 85.9546, 26.9296 ], [ 85.9526, 26.9351 ], [ 85.945, 26.9413 ], [ 85.9415, 26.946 ], [ 85.9334, 26.9493 ], [ 85.9299, 26.9532 ], [ 85.9298, 26.9611 ], [ 85.9224, 26.9783 ], [ 85.8941, 26.9899 ] ] } },
{ "type": "Feature", "properties": { "cls": "trunk" }, "geometry": { "type": "LineString", "coordinates": [ [ 85.9217, 26.7432 ], [ 85.9291, 26.7622 ] ] } },
{ "type": "Feature", "properties": { "cls": "trunk" }, "geometry": { "type": "LineString", "coordinates": [ [ 85.9291, 26.7622 ], [ 85.9218, 26.7431 ] ] } },
{ "type": "Feature", "properties": { "cls": "trunk" }, "geometry": { "type": "LineString", "coordinates": [ [ 85.9438, 26.8071 ], [ 85.9415, 26.8028 ], [ 85.938, 26.7858 ], [ 85.9294, 26.7632 ] ] } },
{ "type": "Feature", "properties": { "cls": "trunk" }, "geometry": { "type": "LineString", "coordinates": [ [ 85.9294, 26.7632 ], [ 85.938, 26.7863 ], [ 85.9414, 26.803 ], [ 85.9438, 26.8071 ] ] } },
{ "type": "Feature", "properties": { "cls": "trunk" }, "geometry": { "type": "LineString", "coordinates": [ [ 85.9583, 26.9111 ], [ 85.9608, 26.9084 ], [ 85.9588, 26.8944 ], [ 85.9585, 26.876 ], [ 85.9643, 26.8675 ], [ 85.9519, 26.8202 ], [ 85.9443, 26.8079 ] ] } },
{ "type": "Feature", "properties": { "cls": "trunk" }, "geometry": { "type": "LineString", "coordinates": [ [ 85.9443, 26.8079 ], [ 85.9516, 26.82 ], [ 85.9641, 26.8675 ], [ 85.9584, 26.8759 ], [ 85.9587, 26.8942 ], [ 85.9607, 26.9084 ], [ 85.9583, 26.9111 ] ] } },
{ "type": "Feature", "properties": { "cls": "trunk" }, "geometry": { "type": "LineString", "coordinates": [ [ 86.3303, 26.793 ], [ 86.3109, 26.8027 ], [ 86.278, 26.8145 ], [ 86.2608, 26.8275 ], [ 86.2166, 26.8394 ], [ 86.1765, 26.8779 ], [ 86.154, 26.8849 ], [ 86.1474, 26.8801 ], [ 86.134, 26.8768 ], [ 86.1241, 26.885 ], [ 86.1051, 26.8901 ], [ 86.0931, 26.891 ], [ 86.0868, 26.8942 ], [ 86.0611, 26.8968 ], [ 86.0287, 26.9112 ], [ 86.0174, 26.9178 ], [ 86.004, 26.9145 ], [ 85.9929, 26.9153 ], [ 85.9899, 26.917 ], [ 85.9878, 26.9217 ], [ 85.9857, 26.9234 ], [ 85.9558, 26.9293 ] ] } },
{ "type": "Feature", "properties": { "cls": "trunk" }, "geometry": { "type": "LineString", "coordinates": [ [ 86.1592, 26.5908 ], [ 86.1539, 26.5918 ], [ 86.1474, 26.5964 ], [ 86.1395, 26.5984 ] ] } },
{ "type": "Feature", "properties": { "cls": "trunk" }, "geometry": { "type": "LineString", "coordinates": [ [ 86.2702, 26.5746 ], [ 86.2644, 26.5769 ], [ 86.237, 26.575 ], [ 86.2055, 26.581 ], [ 86.1924, 26.5817 ], [ 86.1885, 26.5843 ], [ 86.1802, 26.5847 ] ] } },
{ "type": "Feature", "properties": { "cls": "trunk" }, "geometry": { "type": "LineString", "coordinates": [ [ 86.4794, 26.7127 ], [ 86.46, 26.7168 ], [ 86.4257, 26.7332 ], [ 86.3811, 26.772 ], [ 86.3619, 26.7796 ], [ 86.358, 26.7827 ], [ 86.3312, 26.7926 ] ] } },
{ "type": "Feature", "properties": { "cls": "trunk" }, "geometry": { "type": "LineString", "coordinates": [ [ 86.6658, 26.6351 ], [ 86.6312, 26.6393 ], [ 86.6114, 26.6448 ], [ 86.5753, 26.661 ], [ 86.5663, 26.6635 ], [ 86.5221, 26.6974 ], [ 86.4795, 26.7127 ] ] } },
{ "type": "Feature", "properties": { "cls": "trunk" }, "geometry": { "type": "LineString", "coordinates": [ [ 86.8829, 26.5524 ], [ 86.8852, 26.5593 ], [ 86.8897, 26.5631 ], [ 86.8989, 26.5882 ], [ 86.9024, 26.6167 ], [ 86.9113, 26.6301 ], [ 86.9099, 26.6338 ], [ 86.9029, 26.6369 ], [ 86.8952, 26.647 ], [ 86.892, 26.6472 ], [ 86.8801, 26.6439 ], [ 86.8624, 26.6423 ], [ 86.8338, 26.6457 ], [ 86.8194, 26.6455 ], [ 86.8061, 26.6436 ], [ 86.7943, 26.6396 ], [ 86.7802, 26.6308 ], [ 86.7594, 26.6256 ], [ 86.7353, 26.6248 ], [ 86.7, 26.6311 ], [ 86.6668, 26.635 ] ] } },
{ "type": "Feature", "properties": { "cls": "trunk" }, "geometry": { "type": "LineString", "coordinates": [ [ 87.274, 26.6631 ], [ 87.2572, 26.6672 ], [ 87.2251, 26.6779 ], [ 87.21, 26.6752 ], [ 87.1894, 26.6581 ], [ 87.1801, 26.648 ], [ 87.169, 26.6231 ], [ 87.1422, 26.605 ], [ 87.1207, 26.6041 ], [ 87.0965, 26.5999 ], [ 87.0706, 26.6002 ], [ 87.042, 26.5985 ], [ 87.0282, 26.596 ], [ 87.0033, 26.5801 ], [ 86.9706, 26.5383 ], [ 86.9576, 26.5242 ], [ 86.9534, 26.5216 ], [ 86.9413, 26.5207 ], [ 86.9347, 26.525 ], [ 86.9319, 26.523 ], [ 86.8925, 26.5497 ], [ 86.8837, 26.5512 ] ] } },
{ "type": "Feature", "properties": { "cls": "trunk" }, "geometry": { "type": "LineString", "coordinates": [ [ 86.9154, 26.4356 ], [ 86.9187, 26.4516 ], [ 86.9352, 26.4722 ], [ 86.9427, 26.492 ], [ 86.9497, 26.4957 ], [ 86.9531, 26.4961 ] ] } },
{ "type": "Feature", "properties": { "cls": "trunk" }, "geometry": { "type": "LineString", "coordinates": [ [ 87.2378, 26.3741 ], [ 87.2458, 26.3788 ], [ 87.2657, 26.4027 ] ] } },
{ "type": "Feature", "properties": { "cls": "trunk" }, "geometry": { "type": "LineString", "coordinates": [ [ 87.6375, 26.6638 ], [ 87.6234, 26.6644 ], [ 87.6179, 26.6627 ], [ 87.6114, 26.6649 ], [ 87.6041, 26.6653 ], [ 87.5934, 26.6604 ], [ 87.5866, 26.6593 ], [ 87.5547, 26.6611 ], [ 87.5146, 26.659 ], [ 87.4518, 26.6588 ], [ 87.4483, 26.658 ], [ 87.4465, 26.6588 ], [ 87.4159, 26.6591 ], [ 87.405, 26.6628 ], [ 87.3973, 26.6674 ], [ 87.3764, 26.6698 ], [ 87.3385, 26.6585 ], [ 87.2917, 26.6582 ], [ 87.275, 26.6628 ] ] } },
{ "type": "Feature", "properties": { "cls": "trunk" }, "geometry": { "type": "LineString", "coordinates": [ [ 87.421, 27.868 ], [ 87.4221, 27.8678 ], [ 87.4214, 27.8638 ], [ 87.4251, 27.8613 ], [ 87.4277, 27.8526 ], [ 87.4305, 27.8509 ], [ 87.434, 27.8462 ], [ 87.4329, 27.8427 ], [ 87.4387, 27.8417 ], [ 87.4411, 27.8437 ], [ 87.442, 27.8463 ] ] } },
{ "type": "Feature", "properties": { "cls": "trunk" }, "geometry": { "type": "LineString", "coordinates": [ [ 87.442, 27.8463 ], [ 87.4436, 27.8477 ], [ 87.4411, 27.8472 ], [ 87.444, 27.8486 ], [ 87.4399, 27.8468 ], [ 87.44, 27.8487 ], [ 87.4443, 27.8545 ], [ 87.4413, 27.8523 ], [ 87.4485, 27.8598 ], [ 87.4509, 27.8642 ], [ 87.4516, 27.8664 ], [ 87.4504, 27.8649 ], [ 87.4504, 27.8704 ], [ 87.4545, 27.8764 ], [ 87.4536, 27.8763 ], [ 87.4553, 27.8787 ], [ 87.4557, 27.8838 ], [ 87.4582, 27.8854 ], [ 87.4561, 27.8849 ], [ 87.4574, 27.8855 ], [ 87.4565, 27.8887 ], [ 87.4581, 27.8909 ], [ 87.457, 27.8935 ], [ 87.4578, 27.8975 ], [ 87.4541, 27.9016 ], [ 87.4536, 27.9046 ] ] } },
{ "type": "Feature", "properties": { "cls": "trunk" }, "geometry": { "type": "LineString", "coordinates": [ [ 87.697, 26.6599 ], [ 87.6386, 26.6638 ] ] } },
{ "type": "Feature", "properties": { "cls": "trunk" }, "geometry": { "type": "LineString", "coordinates": [ [ 87.9901, 26.6426 ], [ 87.9673, 26.6388 ], [ 87.9572, 26.641 ], [ 87.9174, 26.6404 ], [ 87.8874, 26.6475 ], [ 87.8808, 26.6538 ], [ 87.8639, 26.6588 ], [ 87.8541, 26.6583 ], [ 87.8467, 26.6527 ], [ 87.815, 26.6457 ], [ 87.7973, 26.6401 ], [ 87.7898, 26.6422 ], [ 87.7876, 26.649 ], [ 87.7827, 26.6511 ], [ 87.7726, 26.6472 ], [ 87.7223, 26.6585 ], [ 87.7097, 26.6524 ], [ 87.698, 26.6598 ] ] } },
{ "type": "Feature", "properties": { "cls": "trunk" }, "geometry": { "type": "LineString", "coordinates": [ [ 88.1549, 26.6467 ], [ 88.1375, 26.6504 ], [ 88.1244, 26.6567 ], [ 88.1116, 26.6605 ], [ 88.0978, 26.6594 ], [ 88.081, 26.6551 ], [ 88.0638, 26.6533 ], [ 88.0604, 26.6544 ], [ 88.0561, 26.6523 ], [ 88.0114, 26.6491 ], [ 87.9959, 26.644 ] ] } },
{ "type": "Feature", "properties": { "cls": "trunk" }, "geometry": { "type": "LineString", "coordinates": [ [ 88.1434, 26.5233 ], [ 88.1463, 26.5298 ], [ 88.1707, 26.5518 ], [ 88.1726, 26.5553 ], [ 88.1719, 26.5685 ], [ 88.1755, 26.5769 ], [ 88.1801, 26.5932 ], [ 88.179, 26.6009 ], [ 88.1709, 26.6171 ], [ 88.1728, 26.6338 ], [ 88.1713, 26.6405 ] ] } }
]
}
